codigo_estacao,mes,rajada_max,rajada_media,dias
A001,1,19.6,9.346632124352332,772
A001,2,19.0,9.169757489300999,701
A001,3,23.5,8.741374837872893,771
A001,4,20.7,8.132977303070762,749
A001,5,14.4,7.616993464052287,765
A001,6,12.9,7.907115135834411,773
A001,7,20.8,8.521059268600252,793
A001,8,14.5,8.91147132169576,802
A001,9,18.0,9.115850515463917,776
A001,10,26.4,9.286658195679797,787
A001,11,24.3,9.41628532974428,743
A001,12,21.7,9.42257217847769,762
A002,1,21.4,8.675342465753424,730
A002,2,22.3,8.658447488584475,657
A002,3,21.8,8.084750337381916,741
A002,4,19.4,7.383684950773558,711
A002,5,18.4,6.755418381344307,729
A002,6,16.4,7.236181575433911,749
A002,7,16.2,7.824031007751938,774
A002,8,16.7,8.457385620915032,765
A002,9,20.7,8.865041782729806,718
A002,10,22.3,8.87629009762901,717
A002,11,23.2,8.836532951289398,698
A002,12,21.2,8.803378378378378,740
A003,1,21.9,10.037996820349761,629
A003,2,23.7,9.651693404634582,561
A003,3,20.6,9.059186991869918,615
A003,4,21.1,8.315555555555555,630
A003,5,19.5,7.780573248407643,628
A003,6,16.1,8.245076923076923,650
A003,7,16.5,9.022301136363636,704
A003,8,22.5,9.854277699859749,713
A003,9,21.5,10.113731343283582,670
A003,10,22.6,10.11918429003021,662
A003,11,24.0,10.11603305785124,605
A003,12,25.0,10.224423963133642,651
A004,1,23.9,9.609150326797387,459
A004,2,21.9,9.45144927536232,414
A004,3,20.2,8.984803921568627,408
A004,4,16.4,8.420481927710844,415
A004,5,15.1,8.037410071942446,417
A004,6,14.7,8.790393013100436,458
A004,7,15.5,9.44053497942387,486
A004,8,16.6,9.953927813163482,471
A004,9,23.2,10.332727272727272,495
A004,10,22.7,10.07270955165692,513
A004,11,20.9,9.692325581395348,430
A004,12,22.9,9.47978494623656,465
A005,1,17.0,8.578217821782177,303
A005,2,19.3,8.309964412811388,281
A005,3,19.8,8.242721518987342,316
A005,4,15.2,7.221580547112462,329
A005,5,13.1,6.767218543046358,302
A005,6,11.4,7.527272727272727,308
A005,7,13.1,7.68422712933754,317
A005,8,19.1,8.619202898550725,276
A005,9,23.5,9.03560606060606,264
A005,10,19.2,9.043478260869565,322
A005,11,21.5,9.064406779661017,295
A005,12,20.9,8.558359621451103,317
A006,1,15.9,8.09,60
A006,2,17.4,7.816666666666667,54
A006,3,15.5,7.794117647058823,68
A006,4,11.5,6.838461538461539,26
A006,5,10.6,6.829032258064516,31
A006,6,9.6,7.367647058823529,34
A006,7,13.8,7.245283018867925,53
A006,8,12.7,8.434246575342467,73
A006,9,14.0,8.331506849315069,73
A006,10,16.3,8.267441860465116,86
A006,11,15.1,7.953846153846154,65
A006,12,15.0,8.146774193548387,62
A007,1,13.4,9.509677419354839,31
A007,2,17.7,9.68421052631579,38
A007,3,15.8,8.94032258064516,62
A007,4,18.2,8.528333333333332,60
A007,5,15.6,7.579032258064516,62
A007,6,10.8,7.3983333333333325,60
A007,7,20.5,9.324193548387097,62
A007,8,23.5,9.112903225806452,62
A007,9,15.8,9.209259259259259,54
A007,10,21.4,10.093548387096773,31
A007,11,19.1,10.04,30
A007,12,14.7,8.922580645161291,31
A008,1,20.7,11.288405797101449,276
A008,2,19.9,10.658232931726907,249
A008,3,21.1,10.321942446043165,278
A008,4,23.0,9.789629629629628,270
A008,5,20.3,9.824542124542123,273
A008,6,16.0,10.182986111111111,288
A008,7,21.1,10.880645161290323,310
A008,8,21.1,11.5,292
A008,9,22.0,11.966536964980545,257
A008,10,20.3,11.428052805280528,303
A008,11,20.5,11.206959706959706,273
A008,12,24.2,11.360573476702509,279
A009,1,20.9,8.805280528052805,606
A009,2,20.1,9.108611599297012,569
A009,3,19.4,8.303565891472868,645
A009,4,17.9,7.925801282051282,624
A009,5,19.2,8.148208469055374,614
A009,6,19.4,10.075,596
A009,7,21.4,11.438709677419356,651
A009,8,23.4,12.327342549923195,651
A009,9,21.0,11.55809523809524,630
A009,10,22.8,9.903045685279187,591
A009,11,22.9,9.130188679245283,530
A009,12,20.7,8.995609756097561,615
A010,1,22.2,8.471704745166958,569
A010,2,18.4,8.132612612612613,555
A010,3,17.7,7.695786061588331,617
A010,4,14.6,6.999823008849558,565
A010,5,12.1,6.837586206896552,580
A010,6,20.9,7.686873920552677,579
A010,7,14.0,8.213398692810458,612
A010,8,16.9,8.674837662337662,616
A010,9,21.1,9.015686274509804,612
A010,10,24.7,9.103481012658227,632
A010,11,20.0,8.507256637168142,565
A010,12,21.9,8.250680272108843,588
A011,1,24.0,10.279923518164436,523
A011,2,24.7,10.1083857442348,477
A011,3,24.7,9.062603305785125,484
A011,4,18.8,8.167770419426049,453
A011,5,24.5,8.093499043977054,523
A011,6,18.1,8.479012345679013,486
A011,7,18.1,9.288649706457926,511
A011,8,21.2,10.210815939278937,527
A011,9,23.1,10.742094455852156,487
A011,10,24.9,10.677484787018255,493
A011,11,24.2,10.467261904761905,504
A011,12,22.7,10.276526717557251,524
A012,1,18.6,10.065811965811966,585
A012,2,23.8,10.047113594040969,537
A012,3,23.5,9.726608695652175,575
A012,4,24.5,8.998703703703704,540
A012,5,15.3,8.450520833333334,576
A012,6,17.9,8.96719298245614,570
A012,7,15.8,9.598641765704585,589
A012,8,19.3,10.338879456706282,589
A012,9,19.8,10.553284671532847,548
A012,10,22.5,10.725818181818182,550
A012,11,21.2,10.406099815157116,541
A012,12,20.4,10.251601423487545,562
A013,1,20.7,8.591581108829569,487
A013,2,20.9,8.727944572748267,433
A013,3,19.6,7.866438356164384,438
A013,4,18.6,6.88578313253012,415
A013,5,13.2,5.988520971302429,453
A013,6,13.5,6.297257383966245,474
A013,7,12.9,6.897323135755259,523
A013,8,22.3,7.858823529411765,527
A013,9,24.4,8.530841121495326,535
A013,10,19.8,8.81685393258427,534
A013,11,19.0,8.701882845188285,478
A013,12,21.1,8.833526011560695,519
A014,1,19.0,9.129087452471483,526
A014,2,23.0,8.941489361702128,470
A014,3,17.6,8.43370786516854,534
A014,4,18.0,7.547962962962963,540
A014,5,15.5,7.182809611829945,541
A014,6,15.3,7.75607476635514,535
A014,7,16.2,8.513708260105448,569
A014,8,18.9,9.407337883959045,586
A014,9,23.4,10.056382978723404,564
A014,10,24.0,9.938407079646018,565
A014,11,23.9,8.746498054474708,514
A014,12,22.7,8.824282982791587,523
A015,1,20.8,9.330322580645163,465
A015,2,20.5,9.414855875831487,451
A015,3,21.5,8.80866935483871,496
A015,4,22.0,7.48705636743215,479
A015,5,16.6,6.571516393442623,488
A015,6,12.4,7.20711009174312,436
A015,7,14.0,7.643506493506494,462
A015,8,19.0,8.468927789934355,457
A015,9,23.7,9.394408602150536,465
A015,10,24.6,10.096565656565657,495
A015,11,21.6,9.597757847533632,446
A015,12,22.1,9.56236559139785,465
A016,1,24.2,10.609139784946237,558
A016,2,24.5,10.910805500982319,509
A016,3,22.2,9.647935368043088,557
A016,4,22.3,8.008333333333333,540
A016,5,19.1,7.12078853046595,558
A016,6,18.1,7.630350877192983,570
A016,7,17.7,8.557921635434413,587
A016,8,20.6,9.400715563506262,559
A016,9,22.7,10.308728652751423,527
A016,10,22.5,10.621616871704745,569
A016,11,23.1,10.519776119402986,536
A016,12,23.6,10.562903225806453,558
A017,1,23.2,9.601612903225806,496
A017,2,19.5,9.742572062084257,451
A017,3,17.0,9.084934086629003,531
A017,4,19.6,8.84109090909091,550
A017,5,16.2,8.594227504244483,589
A017,6,16.0,9.377328646748682,569
A017,7,18.7,10.168493150684931,584
A017,8,17.5,10.81829268292683,574
A017,9,18.3,11.220562390158172,569
A017,10,20.5,10.571428571428571,574
A017,11,20.8,9.36969696969697,528
A017,12,23.5,9.491067961165047,515
A018,1,18.3,8.826326963906581,471
A018,2,21.8,8.848306997742664,443
A018,3,20.2,8.198775510204081,490
A018,4,22.5,7.484,450
A018,5,13.0,7.036739130434783,460
A018,6,20.9,7.759498956158664,479
A018,7,19.4,8.289285714285715,476
A018,8,15.4,9.164619164619165,407
A018,9,22.1,9.419700748129676,401
A018,10,22.9,9.254098360655737,488
A018,11,24.8,8.81602564102564,468
A018,12,24.7,9.007287449392713,494
A019,1,21.2,9.075451263537907,554
A019,2,19.4,8.997570093457943,535
A019,3,19.3,8.417881944444444,576
A019,4,18.9,7.802443609022555,532
A019,5,18.9,7.671626297577855,578
A019,6,17.3,8.767513611615245,551
A019,7,15.7,9.547311827956989,558
A019,8,20.0,10.056451612903226,558
A019,9,19.2,9.858269230769231,520
A019,10,24.8,9.709904761904761,525
A019,11,21.2,9.031434184675835,509
A019,12,20.5,9.005745062836624,557
A020,1,21.4,8.280677290836653,502
A020,2,21.9,8.198547717842324,482
A020,3,23.4,7.646371681415929,565
A020,4,17.2,7.206137184115523,554
A020,5,15.8,6.593140794223826,554
A020,6,13.0,7.04176245210728,522
A020,7,15.6,7.679727095516569,513
A020,8,13.2,8.054074074074073,540
A020,9,17.0,8.241005802707932,517
A020,10,23.7,8.527447216890595,521
A020,11,20.3,8.483749999999999,480
A020,12,18.8,8.453585657370517,502
A021,1,16.9,7.40483870967742,496
A021,2,17.6,7.783731019522777,461
A021,3,15.1,7.203042596348884,493
A021,4,13.3,6.890329218106996,486
A021,5,13.8,7.025567010309278,485
A021,6,15.7,7.894537815126051,476
A021,7,17.3,8.44080808080808,495
A021,8,16.7,8.763967611336032,494
A021,9,17.1,8.707818930041153,486
A021,10,17.8,7.998428290766208,509
A021,11,16.2,7.559498956158664,479
A021,12,18.7,7.593724696356276,494
A022,1,18.5,8.900190839694655,524
A022,2,23.1,8.823319327731092,476
A022,3,21.1,8.498969072164948,485
A022,4,19.1,7.286427145708583,501
A022,5,18.4,6.498854961832062,524
A022,6,15.9,7.162032085561497,561
A022,7,17.8,7.90842105263158,570
A022,8,24.0,8.864388489208634,556
A022,9,20.1,9.669369369369369,555
A022,10,24.1,9.965853658536584,574
A022,11,21.4,9.348217636022515,533
A022,12,24.6,9.163925233644859,535
A023,1,22.3,9.73279569892473,558
A023,2,17.3,9.45343811394892,509
A023,3,24.1,8.860661764705881,544
A023,4,23.6,7.718503937007874,508
A023,5,22.7,7.152798507462687,536
A023,6,17.7,7.5060070671378085,566
A023,7,16.0,8.005799648506152,569
A023,8,19.6,8.841217391304347,575
A023,9,21.3,9.464850615114235,569
A023,10,23.0,9.831533101045297,574
A023,11,20.4,9.692789373814042,527
A023,12,19.0,9.517921146953405,558
A024,1,21.6,9.682723577235771,492
A024,2,24.2,9.568058968058967,407
A024,3,19.8,8.969198312236285,474
A024,4,19.1,8.555625,480
A024,5,14.4,8.233939393939394,495
A024,6,16.2,8.75897435897436,507
A024,7,17.6,9.539468302658488,489
A024,8,19.1,10.01763440860215,465
A024,9,20.6,10.303655913978494,465
A024,10,20.8,10.072983870967741,496
A024,11,19.5,9.377148846960168,477
A024,12,21.1,9.680730223123733,493
A025,1,23.3,9.886666666666667,525
A025,2,25.5,10.101050420168068,476
A025,3,18.8,9.228932038834952,515
A025,4,17.8,8.00936170212766,470
A025,5,15.4,7.404868154158215,493
A025,6,18.0,7.82314990512334,527
A025,7,15.8,8.653977272727273,528
A025,8,18.3,9.455310621242484,499
A025,9,23.7,10.146414342629482,502
A025,10,25.1,10.528402366863904,507
A025,11,20.0,10.161477045908184,501
A025,12,24.2,9.689940828402367,507
A026,1,21.6,9.95344129554656,494
A026,2,20.7,9.922298850574713,435
A026,3,24.8,9.193230174081236,517
A026,4,18.8,7.77578125,512
A026,5,17.6,7.162906309751434,523
A026,6,24.1,7.8450097847358125,511
A026,7,15.3,8.460893854748603,537
A026,8,17.4,9.315714285714286,490
A026,9,22.9,10.115833333333335,480
A026,10,24.8,10.282452431289641,473
A026,11,24.9,10.139168490153173,457
A026,12,21.7,9.91151515151515,495
A027,1,19.9,9.082884615384616,520
A027,2,19.4,8.924625267665954,467
A027,3,23.8,8.222537878787879,528
A027,4,17.3,7.099628942486085,539
A027,5,17.3,6.832851985559567,554
A027,6,14.6,7.24962962962963,540
A027,7,20.3,7.885304659498208,558
A027,8,23.7,8.564338235294118,544
A027,9,18.8,8.997669491525423,472
A027,10,20.1,9.342125984251968,508
A027,11,20.7,9.187421383647798,477
A027,12,24.2,9.34493307839388,523
A028,1,22.7,8.461891891891892,370
A028,2,21.7,8.52818181818182,330
A028,3,20.0,8.30638888888889,360
A028,4,16.8,7.3807339449541285,327
A028,5,15.6,6.98679245283019,318
A028,6,12.7,7.161486486486487,296
A028,7,14.3,7.820962199312715,291
A028,8,18.4,8.491814946619217,281
A028,9,20.5,9.254243542435425,271
A028,10,24.8,9.419636363636364,275
A028,11,21.4,9.160885608856088,271
A028,12,24.1,8.986706948640483,331
A029,1,23.4,9.433189655172415,232
A029,2,24.9,9.393362831858408,226
A029,3,19.7,8.610080645161291,248
A029,4,20.9,8.035833333333333,240
A029,5,19.0,7.558536585365854,246
A029,6,17.8,8.09789029535865,237
A029,7,41.4,8.683064516129033,248
A029,8,17.5,9.572047244094488,254
A029,9,30.7,10.503333333333334,270
A029,10,23.4,10.518939393939394,264
A029,11,29.4,10.342916666666667,240
A029,12,25.8,9.233064516129033,248
A031,1,20.6,8.711392405063291,237
A031,2,29.1,8.77351598173516,219
A031,3,20.2,8.689430894308943,246
A031,4,21.3,7.935833333333333,240
A031,5,17.8,7.59516129032258,248
A031,6,16.9,8.496666666666666,240
A031,7,17.8,9.257706093189965,279
A031,8,21.2,10.083870967741936,279
A031,9,20.5,10.654444444444444,270
A031,10,28.3,9.802671755725191,262
A031,11,20.9,9.195833333333333,240
A031,12,22.7,8.716666666666667,246
A032,1,24.6,9.640035906642728,557
A032,2,22.8,9.109375,480
A032,3,19.6,8.852962962962964,540
A032,4,18.6,7.602979515828678,537
A032,5,13.2,6.962727272727273,550
A032,6,17.2,7.70718132854578,557
A032,7,15.3,8.448192771084337,581
A032,8,19.1,9.239688041594455,577
A032,9,23.9,9.740860215053763,558
A032,10,21.5,10.032051282051283,546
A032,11,25.0,9.715247524752474,505
A032,12,21.6,9.50884476534296,554
A033,1,21.2,8.782342342342343,555
A033,2,22.3,8.655599214145383,509
A033,3,23.5,8.18723021582734,556
A033,4,17.5,7.120185185185186,540
A033,5,14.2,6.60752688172043,558
A033,6,13.3,7.036802973977696,538
A033,7,18.9,7.7565529622980245,557
A033,8,15.9,8.420609318996416,558
A033,9,18.4,8.9474609375,512
A033,10,21.9,9.291287128712872,505
A033,11,23.5,8.831144465290807,533
A033,12,23.1,9.069202226345084,539
A034,1,19.1,9.199223300970875,515
A034,2,17.6,9.027234927234929,481
A034,3,18.4,8.60733082706767,532
A034,4,18.2,8.01962962962963,540
A034,5,16.1,7.571992818671455,557
A034,6,14.5,7.938361266294226,537
A034,7,19.1,8.812072072072072,555
A034,8,18.4,9.505197132616487,558
A034,9,20.5,9.846242774566473,519
A034,10,19.4,9.577777777777778,540
A034,11,21.7,9.33470588235294,510
A034,12,22.1,9.298671726755218,527
A035,1,23.4,9.341847826086957,552
A035,2,20.3,9.196153846153845,494
A035,3,21.3,8.694774774774775,555
A035,4,21.7,7.8497142857142865,525
A035,5,20.5,7.542595978062158,547
A035,6,22.5,7.908255159474672,533
A035,7,16.2,8.79143897996357,549
A035,8,21.6,9.758058608058608,546
A035,9,24.9,10.419253438113948,509
A035,10,24.3,10.269736842105264,532
A035,11,22.9,9.96084452975048,521
A035,12,23.9,9.940754039497307,557
A036,1,24.6,10.164314516129032,496
A036,2,22.4,9.705381165919283,446
A036,3,18.3,9.263865546218488,476
A036,4,23.7,8.859777777777778,450
A036,5,15.3,8.565591397849463,465
A036,6,15.7,8.869555555555555,450
A036,7,17.4,9.698924731182796,465
A036,8,18.3,10.109462365591398,465
A036,9,20.2,10.486222222222223,450
A036,10,21.3,10.60913140311804,449
A036,11,22.4,9.973095238095238,420
A036,12,25.0,10.330508474576272,472
A037,1,18.9,7.237849462365591,465
A037,2,20.9,7.282783018867924,424
A037,3,17.7,7.323010752688171,465
A037,4,24.1,6.790666666666667,450
A037,5,18.4,6.236225596529285,461
A037,6,13.3,6.541333333333333,450
A037,7,13.6,7.154193548387096,465
A037,8,18.1,7.734193548387097,465
A037,9,16.7,7.934666666666667,450
A037,10,19.6,8.200849256900213,471
A037,11,19.1,7.9832962138084635,449
A037,12,17.1,7.628077753779698,463
A038,1,23.7,9.985054945054944,455
A038,2,24.4,10.106053268765134,413
A038,3,23.5,9.58110599078341,434
A038,4,21.3,9.084382284382285,429
A038,5,15.5,9.336129032258064,465
A038,6,17.4,10.343777777777778,450
A038,7,16.9,11.116666666666667,486
A038,8,19.1,11.535412474849096,497
A038,9,22.4,11.664509803921568,510
A038,10,23.6,10.932509505703422,526
A038,11,24.5,10.279591836734694,490
A038,12,23.4,10.063070539419087,482
A039,1,22.7,8.311276595744681,470
A039,2,24.9,8.568070953436807,451
A039,3,20.3,7.818879668049792,482
A039,4,20.4,7.62035010940919,457
A039,5,16.6,7.793345656192236,541
A039,6,15.2,8.89111111111111,540
A039,7,15.6,9.822043010752688,558
A039,8,16.5,10.460931899641576,558
A039,9,20.1,10.033269598470362,523
A039,10,23.0,9.307806691449814,538
A039,11,20.6,8.754088050314465,477
A039,12,23.5,8.471428571428572,476
A040,1,20.4,10.554807692307692,312
A040,2,22.6,10.37395498392283,311
A040,3,18.6,9.925513196480939,341
A040,4,17.7,10.515757575757576,330
A040,5,17.6,10.69208211143695,341
A040,6,16.9,11.409120521172639,307
A040,7,16.4,11.903164556962025,316
A040,8,19.2,12.147800586510263,341
A040,9,17.9,12.302727272727273,330
A040,10,24.2,12.385015290519878,327
A040,11,24.2,11.63030303030303,330
A040,12,23.2,11.58348623853211,327
A041,1,22.6,9.798338870431895,301
A041,2,19.8,9.993333333333334,300
A041,3,21.4,9.310495626822158,343
A041,4,22.0,8.458670520231212,346
A041,5,13.8,7.710249307479224,361
A041,6,14.6,8.53972602739726,365
A041,7,15.4,9.280102040816328,392
A041,8,16.3,10.190807799442897,359
A041,9,23.0,10.895808383233533,334
A041,10,24.6,11.06342857142857,350
A041,11,21.3,9.65775075987842,329
A041,12,24.8,9.995873015873014,315
A042,1,20.3,9.790322580645162,248
A042,2,22.0,9.754424778761061,226
A042,3,19.6,9.782661290322581,248
A042,4,18.8,9.044166666666666,240
A042,5,25.1,8.891129032258064,248
A042,6,15.2,9.305833333333334,240
A042,7,18.3,9.813178294573644,258
A042,8,19.0,10.268817204301076,279
A042,9,30.4,10.72962962962963,270
A042,10,20.3,10.623954372623574,263
A042,11,22.4,9.997083333333334,240
A042,12,22.8,9.945528455284553,246
A043,1,18.7,8.792640692640692,231
A043,2,18.1,8.733490566037736,212
A043,3,16.6,8.221834061135372,229
A043,4,14.8,7.918934911242603,169
A043,5,13.8,8.583333333333334,144
A043,6,13.8,9.721666666666666,120
A043,7,17.9,10.054385964912282,114
A043,8,14.2,10.088372093023256,129
A043,9,14.4,9.781290322580645,155
A043,10,16.2,9.596756756756758,185
A043,11,18.3,8.828640776699029,206
A043,12,19.5,8.868468468468468,222
A044,1,20.0,7.973740053050397,377
A044,2,17.5,8.160416666666666,336
A044,3,18.5,8.138481012658227,395
A044,4,18.3,7.816622691292876,379
A044,5,14.1,7.655699481865285,386
A044,6,24.1,8.1953125,384
A044,7,24.4,8.649152542372882,413
A044,8,19.7,8.64381188118812,404
A044,9,24.1,8.858968058968058,407
A044,10,17.2,8.349512195121951,410
A044,11,18.8,7.80082191780822,365
A044,12,19.7,7.772994652406417,374
A045,1,19.7,9.19173076923077,520
A045,2,20.7,9.117558886509634,467
A045,3,21.5,8.818216318785579,527
A045,4,17.2,8.321372549019607,510
A045,5,16.1,8.124478178368122,527
A045,6,15.0,8.480392156862745,510
A045,7,14.2,9.161669829222012,527
A045,8,18.2,9.570018975332067,527
A045,9,20.1,9.77921568627451,510
A045,10,20.5,9.72899628252788,538
A045,11,21.3,9.46888888888889,495
A045,12,21.8,9.43733075435203,517
A046,1,26.6,10.183284457478006,341
A046,2,22.8,10.154340836012862,311
A046,3,25.0,9.573020527859239,341
A046,4,19.5,9.186969696969696,330
A046,5,16.7,9.014662756598241,341
A046,6,18.6,9.716666666666667,330
A046,7,18.1,10.158651026392961,341
A046,8,20.3,10.90979228486647,337
A046,9,20.8,11.327272727272728,330
A046,10,22.6,11.164057971014493,345
A046,11,22.3,10.487272727272728,330
A046,12,22.9,10.209384164222874,341
A047,1,16.0,8.681854838709677,248
A047,2,14.9,9.072314049586776,242
A047,3,14.7,9.101149425287357,261
A047,4,11.8,8.21220472440945,254
A047,5,12.8,7.941577060931899,279
A047,6,15.1,8.866296296296296,270
A047,7,16.0,9.700358422939068,279
A047,8,19.2,10.026164874551972,279
A047,9,17.1,10.52,270
A047,10,19.5,10.204545454545455,264
A047,11,21.3,9.67875,240
A047,12,23.3,8.974596774193548,248
A048,1,16.1,8.9375,136
A048,2,37.3,9.726315789473684,114
A048,3,22.6,9.47258064516129,124
A048,4,16.3,8.608163265306123,147
A048,5,24.1,8.522748815165876,211
A048,6,16.2,8.940000000000001,210
A048,7,18.5,9.87123287671233,219
A048,8,18.6,10.175403225806452,248
A048,9,25.3,10.594166666666666,240
A048,10,26.3,9.666086956521738,230
A048,11,27.4,9.523300970873786,206
A048,12,28.3,9.246700507614213,197
A049,1,31.8,8.808424908424907,273
A049,2,18.1,8.43,250
A049,3,21.4,7.979928315412186,279
A049,4,17.1,7.535555555555555,270
A049,5,16.1,7.380152671755725,262
A049,6,39.4,8.290833333333333,240
A049,7,13.0,8.446545454545456,275
A049,8,23.6,9.102867383512544,279
A049,9,18.7,9.521481481481482,270
A049,10,25.1,9.001167315175097,257
A049,11,17.0,8.465891472868217,258
A049,12,21.8,8.938628158844764,277
A050,1,24.5,9.147292418772563,277
A050,2,29.9,9.081889763779529,254
A050,3,18.7,8.645519713261649,279
A050,4,16.9,8.14297520661157,242
A050,5,13.7,8.353719008264463,242
A050,6,14.5,9.202857142857143,210
A050,7,17.9,9.982553191489362,235
A050,8,18.5,10.422077922077921,231
A050,9,18.1,10.078775510204082,245
A050,10,22.1,9.593536121673003,263
A050,11,17.5,9.058823529411764,238
A050,12,24.1,9.002173913043478,276
A051,1,16.3,8.507377049180329,244
A051,2,18.6,8.083333333333334,210
A051,3,16.1,7.873732718894009,217
A051,4,17.9,7.509569377990431,209
A051,5,16.9,6.9728110599078335,217
A051,6,11.1,7.3828571428571435,210
A051,7,13.6,7.617972350230414,217
A051,8,15.6,8.423041474654378,217
A051,9,16.6,8.938396624472574,237
A051,10,21.5,8.954032258064515,248
A051,11,16.1,8.291666666666666,240
A051,12,18.2,8.429752066115702,242
A052,1,19.4,9.348087431693989,183
A052,2,18.5,9.453225806451613,186
A052,3,18.4,9.130845771144278,201
A052,4,18.4,8.256190476190476,210
A052,5,17.6,7.439823008849558,226
A052,6,16.0,8.45625,240
A052,7,15.8,9.251037344398341,241
A052,8,16.3,9.80916030534351,262
A052,9,18.6,10.147440273037542,293
A052,10,21.0,10.261672473867595,287
A052,11,23.4,9.741630901287554,233
A052,12,19.4,9.513333333333334,210
A053,1,18.6,8.811111111111112,279
A053,2,20.2,8.533333333333333,252
A053,3,15.3,7.902181818181818,275
A053,4,15.9,7.661279461279461,297
A053,5,15.6,7.042214532871973,289
A053,6,14.0,7.8116666666666665,240
A053,7,12.4,8.365040650406504,246
A053,8,13.5,9.105645161290322,248
A053,9,18.5,9.866296296296296,270
A053,10,21.5,9.696808510638299,282
A053,11,18.5,8.80342205323194,263
A053,12,25.0,8.972563176895306,277
A054,1,18.0,9.30843373493976,249
A054,2,20.1,8.993362831858406,226
A054,3,17.6,8.41015037593985,266
A054,4,15.7,7.638582677165354,254
A054,5,12.2,7.297983870967742,248
A054,6,14.0,8.120000000000001,240
A054,7,17.7,8.620863309352517,278
A054,8,15.6,9.66027397260274,292
A054,9,22.0,10.326333333333332,300
A054,10,23.5,10.076174496644295,298
A054,11,23.9,10.008455882352942,272
A054,12,22.1,9.471480144404332,277
A055,1,18.7,8.28267716535433,254
A055,2,20.4,7.561660079051383,253
A055,3,18.0,7.644905660377359,265
A055,4,17.8,7.246946564885496,262
A055,5,18.0,6.752822580645161,248
A055,6,11.3,7.0855319148936164,235
A055,7,11.5,7.602527075812275,277
A055,8,14.2,8.125830258302583,271
A055,9,17.2,8.58375,240
A055,10,29.1,8.411587982832618,233
A055,11,16.5,8.004237288135593,236
A055,12,16.5,8.23531746031746,252
A056,1,19.5,9.828181818181818,220
A056,2,34.2,10.623893805309734,226
A056,3,23.0,9.928225806451612,248
A056,4,21.7,9.048333333333334,240
A056,5,17.2,7.90766129032258,248
A056,6,13.2,8.645833333333334,240
A056,7,15.2,9.620967741935484,248
A056,8,19.3,10.797580645161291,248
A056,9,25.8,11.330833333333334,240
A056,10,39.5,11.443612334801761,227
A056,11,39.9,11.016666666666667,210
A056,12,42.7,10.295391705069123,217
A101,1,20.7,7.931635802469136,648
A101,2,20.0,7.954373927958833,583
A101,3,32.0,7.784307692307692,650
A101,4,16.4,7.2722049689440995,644
A101,5,36.5,7.0220720720720715,666
A101,6,18.2,7.368025078369906,638
A101,7,39.0,7.408056872037915,633
A101,8,41.1,7.391692789968651,638
A101,9,25.5,7.891432791728213,677
A101,10,18.4,8.042424242424241,693
A101,11,16.5,7.576701966717095,661
A101,12,16.9,7.5249249249249255,666
A102,1,21.0,6.967208672086721,369
A102,2,20.1,6.825225225225226,333
A102,3,22.2,6.814956011730206,341
A102,4,14.6,6.383279742765273,311
A102,5,12.5,5.716153846153846,260
A102,6,16.6,5.328571428571429,273
A102,7,14.1,5.703092783505154,291
A102,8,22.7,6.795806451612902,310
A102,9,18.1,7.4592024539877295,326
A102,10,21.0,7.784210526315789,361
A102,11,18.5,7.36685878962536,347
A102,12,19.6,7.08475073313783,341
A104,1,19.0,8.218610421836228,403
A104,2,18.0,8.381521739130434,368
A104,3,18.4,7.890223463687151,358
A104,4,19.0,7.262458471760797,301
A104,5,14.3,6.458803986710963,301
A104,6,14.8,6.205693950177936,281
A104,7,15.2,6.613354037267081,322
A104,8,24.0,7.95,352
A104,9,23.2,8.6608,375
A104,10,23.2,8.480145278450363,413
A104,11,23.7,8.600826446280992,363
A104,12,18.6,8.611421319796955,394
A108,1,13.9,7.487634408602151,186
A108,2,14.7,7.470760233918129,171
A108,3,14.7,7.395698924731183,186
A108,4,18.3,6.953731343283582,201
A108,5,11.3,6.018536585365854,205
A108,6,13.0,5.814705882352942,204
A108,7,14.3,6.140686274509804,204
A108,8,14.6,6.287619047619048,210
A108,9,19.7,7.3364928909952605,211
A108,10,16.6,7.472254335260116,173
A108,11,15.0,7.361538461538462,156
A108,12,14.7,7.685142857142858,175
A109,1,15.2,7.393548387096774,186
A109,2,18.2,7.791176470588235,170
A109,3,14.0,7.587567567567568,185
A109,4,15.6,7.260795454545455,176
A109,5,13.0,6.362222222222222,135
A109,6,14.8,6.428225806451613,124
A109,7,13.8,6.617322834645669,127
A109,8,16.8,7.0448,125
A109,9,21.8,8.248666666666667,150
A109,10,22.4,7.9067901234567906,162
A109,11,19.2,7.777777777777778,180
A109,12,14.5,7.559239130434783,184
A110,1,14.3,7.996052631578947,456
A110,2,14.4,7.877215189873418,395
A110,3,16.6,7.470737327188941,434
A110,4,15.4,7.330434782608696,414
A110,5,14.5,6.915196078431372,408
A110,6,16.1,6.6888601036269435,386
A110,7,16.9,6.989873417721519,395
A110,8,22.5,7.971464019851116,403
A110,9,23.4,8.465227817745804,417
A110,10,19.1,8.73268817204301,465
A110,11,22.0,8.15088888888889,450
A110,12,16.4,8.40258064516129,465
A111,1,14.9,6.83186372745491,499
A111,2,17.6,6.931521739130435,460
A111,3,17.7,6.758508604206501,523
A111,4,16.5,6.650309278350516,485
A111,5,19.9,6.460176991150442,452
A111,6,16.1,6.019630484988452,433
A111,7,18.2,6.480092592592593,432
A111,8,19.8,7.107875894988067,419
A111,9,20.1,7.6656174334140434,413
A111,10,16.5,7.718526315789474,475
A111,11,14.8,7.185714285714286,490
A111,12,18.6,6.971868978805396,519
A112,1,18.3,8.302222222222223,360
A112,2,16.1,8.080743243243244,296
A112,3,17.0,8.083548387096775,310
A112,4,17.8,7.972887323943662,284
A112,5,17.5,7.557236842105263,304
A112,6,20.0,7.2317757009345796,321
A112,7,20.6,7.508607594936709,395
A112,8,23.2,8.434814814814814,405
A112,9,24.5,9.331218274111675,394
A112,10,24.2,9.061722488038278,418
A112,11,21.2,8.356743002544528,393
A112,12,16.4,8.330140186915889,428
A113,1,19.0,7.428720626631853,383
A113,2,16.3,7.719935691318328,311
A113,3,15.2,7.163087248322148,298
A113,4,15.9,6.942013888888889,288
A113,5,16.0,6.829452054794521,292
A113,6,14.1,6.840221402214023,271
A113,7,13.7,7.224213836477988,318
A113,8,23.6,7.868586387434555,382
A113,9,21.3,8.379999999999999,395
A113,10,23.7,8.18868778280543,442
A113,11,19.0,7.725,400
A113,12,16.6,7.701741293532338,402
A117,1,18.9,9.261818181818182,385
A117,2,18.8,9.24185303514377,313
A117,3,17.9,8.719540229885057,348
A117,4,17.8,7.906855791962175,423
A117,5,16.8,7.4645652173913035,460
A117,6,19.8,7.461352657004831,414
A117,7,18.9,7.483732057416267,418
A117,8,21.7,7.389851485148514,404
A117,9,21.3,8.286297376093295,343
A117,10,21.5,8.64861111111111,360
A117,11,19.6,8.146198830409357,342
A117,12,18.5,9.027532467532467,385
A119,1,18.3,8.905389221556886,501
A119,2,20.7,8.78546255506608,454
A119,3,18.0,7.967226890756303,476
A119,4,16.0,7.703807615230461,499
A119,5,17.0,7.373184357541899,537
A119,6,20.3,7.491480730223124,493
A119,7,16.9,7.2776699029126215,515
A119,8,21.1,7.498577235772358,492
A119,9,21.4,8.306860706860707,481
A119,10,21.8,8.886206896551723,493
A119,11,23.5,8.374248927038627,466
A119,12,18.9,8.634538152610443,498
A121,1,17.2,7.209514170040486,494
A121,2,13.5,7.214718614718614,462
A121,3,18.0,6.885714285714286,525
A121,4,14.5,6.375303643724696,494
A121,5,14.5,6.17057761732852,554
A121,6,15.4,6.008823529411765,510
A121,7,18.2,6.0203999999999995,500
A121,8,16.9,6.358248472505092,491
A121,9,16.1,6.848971193415638,486
A121,10,16.0,6.906930693069307,505
A121,11,21.9,6.672072072072072,444
A121,12,16.7,7.021085594989561,479
A122,1,13.5,6.901612903225807,372
A122,2,13.4,6.906628242074928,347
A122,3,14.8,6.7628415300546445,366
A122,4,17.7,6.517380352644836,397
A122,5,19.5,6.474567901234567,405
A122,6,19.2,6.846287128712872,404
A122,7,15.8,6.57662037037037,432
A122,8,15.1,6.836519607843138,408
A122,9,19.0,7.053213367609254,389
A122,10,17.8,6.958311345646438,379
A122,11,14.5,6.538461538461538,364
A122,12,14.5,6.711320754716981,371
A123,1,18.0,8.175806451612903,310
A123,2,20.7,8.53003663003663,273
A123,3,13.5,7.8787974683544295,316
A123,4,13.5,7.691847826086956,368
A123,5,16.7,7.863896103896104,385
A123,6,15.7,7.818624641833811,349
A123,7,16.5,7.617554858934169,319
A123,8,16.6,7.585971223021583,278
A123,9,16.6,7.86457399103139,223
A123,10,18.2,7.895686274509805,255
A123,11,15.3,7.67469387755102,245
A123,12,13.9,7.923550724637681,276
A124,1,15.3,7.6131034482758615,435
A124,2,15.7,7.791280653950954,367
A124,3,15.9,7.358823529411764,425
A124,4,13.7,6.770843373493976,415
A124,5,15.2,6.857964601769912,452
A124,6,15.3,6.925999999999999,450
A124,7,14.1,7.019569892473118,465
A124,8,17.4,7.24507658643326,457
A124,9,16.9,7.519761904761905,420
A124,10,16.2,7.370387243735763,439
A124,11,15.6,7.24,450
A124,12,16.7,7.3437636761487965,457
A125,1,16.4,7.3476404494382015,445
A125,2,17.7,7.33767441860465,430
A125,3,15.1,7.065263157894737,475
A125,4,15.2,6.872234273318872,461
A125,5,14.4,6.85741935483871,465
A125,6,16.8,7.528351648351649,455
A125,7,19.9,7.419771863117871,526
A125,8,18.8,7.033965844402277,527
A125,9,24.6,7.480190476190476,525
A125,10,21.5,7.151953125,512
A125,11,17.4,7.036951983298538,479
A125,12,15.9,7.073885350318472,471
A126,1,17.2,7.609006928406466,433
A126,2,18.1,7.525068119891007,367
A126,3,15.9,7.382044887780548,401
A126,4,15.5,7.062468513853905,397
A126,5,13.3,6.848847926267282,434
A126,6,16.7,7.325373134328359,402
A126,7,16.4,7.609466019417476,412
A126,8,18.1,7.501485148514851,404
A126,9,25.0,7.665581395348837,430
A126,10,19.0,7.515777262180975,431
A126,11,15.4,6.9660975609756095,410
A126,12,16.0,7.1883177570093455,428
A127,4,11.8,6.822222222222222,18
A127,5,10.5,6.151612903225806,31
A127,6,11.5,6.59,30
A127,7,14.8,7.32258064516129,31
A127,8,13.9,6.755,20
A128,1,16.5,7.8875,408
A128,2,15.6,8.336206896551724,348
A128,3,19.1,7.961021505376344,372
A128,4,17.9,7.557062146892655,354
A128,5,21.0,6.944696969696969,396
A128,6,17.2,6.79873417721519,395
A128,7,16.3,7.193203883495145,412
A128,8,18.7,6.915012106537531,413
A128,9,17.6,7.554317548746518,359
A128,10,18.0,7.710335195530726,358
A128,11,17.3,7.246981627296588,381
A128,12,16.7,7.769907407407407,432
A133,1,19.0,8.095161290322581,124
A133,2,18.7,8.367256637168142,113
A133,3,25.0,8.312903225806451,124
A133,4,14.5,6.993333333333334,120
A133,5,13.3,7.058940397350994,151
A133,6,13.0,6.539285714285714,168
A133,7,15.6,7.023300970873787,206
A133,8,16.7,7.619004524886877,221
A133,9,19.0,8.01917098445596,193
A133,10,17.9,8.266666666666666,168
A133,11,14.1,7.546715328467154,137
A133,12,20.1,8.098387096774195,124
A134,1,13.8,6.175925925925926,216
A134,2,15.8,5.9969230769230775,195
A134,3,15.0,6.314691943127962,211
A134,4,19.4,6.551666666666667,180
A134,5,15.8,6.155913978494624,186
A134,6,13.8,6.437777777777778,180
A134,7,17.6,6.458602150537634,186
A134,8,13.9,6.438709677419355,186
A134,9,19.0,6.985775862068966,232
A134,10,14.2,6.731451612903226,248
A134,11,14.6,6.15972850678733,221
A134,12,15.5,6.424884792626728,217
A135,1,14.4,9.70377358490566,424
A135,2,18.6,10.081793478260868,368
A135,3,24.5,9.838817480719795,389
A135,4,18.5,9.095744680851064,376
A135,5,22.7,8.116976744186047,430
A135,6,21.2,7.925714285714286,420
A135,7,22.6,8.080555555555556,432
A135,8,20.3,8.223484848484848,396
A135,9,18.0,8.055702917771884,377
A135,10,17.4,8.218975903614457,332
A135,11,15.1,8.150437317784256,343
A135,12,14.0,9.124574209245742,411
A136,1,17.1,8.137873754152825,301
A136,2,16.9,7.984860557768925,251
A136,3,17.4,7.57824427480916,262
A136,4,19.1,7.248449612403101,258
A136,5,14.7,6.400346020761246,289
A136,6,12.1,6.172762645914397,257
A136,7,14.4,6.162773722627737,274
A136,8,17.4,6.953405017921147,279
A136,9,20.0,7.585517241379311,290
A136,10,17.9,8.118309859154929,284
A136,11,19.8,8.069072164948453,291
A136,12,16.3,8.300977198697069,307
A137,1,15.1,8.378151260504202,119
A137,2,25.0,9.646666666666667,60
A137,3,22.2,8.652941176470588,68
A137,4,22.7,8.017142857142858,70
A137,5,24.7,7.439784946236559,93
A137,6,23.7,6.92,90
A137,7,14.2,6.442424242424242,99
A137,8,14.9,7.401075268817204,93
A137,9,18.2,8.341379310344827,116
A137,10,24.6,9.06640625,128
A137,11,22.6,8.667883211678832,137
A137,12,24.8,9.438888888888888,126
A138,1,22.5,8.179761904761905,420
A138,2,18.1,8.036684782608695,368
A138,3,23.7,7.917617866004964,403
A138,4,18.4,7.432894736842106,380
A138,5,15.5,6.762972292191436,397
A138,6,24.1,6.664010989010989,364
A138,7,18.3,6.76867816091954,348
A138,8,21.3,7.50282131661442,319
A138,9,23.6,8.297910447761195,335
A138,10,20.6,8.277608142493639,393
A138,11,20.5,8.327466666666668,375
A138,12,23.9,8.151529411764706,425
A140,1,14.3,7.067091836734694,392
A140,2,14.5,7.069146005509642,363
A140,3,14.9,6.820347394540943,403
A140,4,13.5,6.533937823834196,386
A140,5,12.4,6.018548387096774,372
A140,6,16.6,5.916111111111111,360
A140,7,12.8,6.229569892473118,372
A140,8,22.0,6.897849462365591,372
A140,9,19.8,7.205307262569832,358
A140,10,16.6,7.268091168091168,351
A140,11,16.1,7.2686111111111105,360
A140,12,17.3,7.329367088607595,395
A144,1,9.7,4.846987951807229,83
A144,2,11.1,5.2250000000000005,76
A144,3,10.3,5.343529411764706,85
A144,4,10.9,4.456,100
A144,5,8.8,4.276106194690265,113
A144,6,23.7,5.204166666666667,96
A144,7,10.9,4.806493506493506,77
A144,8,12.4,5.66236559139785,93
A144,9,12.0,6.187777777777778,90
A144,10,15.0,6.53010752688172,93
A144,11,11.2,5.605555555555555,90
A144,12,13.5,4.941758241758242,91
A201,1,16.5,7.9909763313609465,676
A201,2,20.2,7.940483870967743,620
A201,3,16.1,7.7069230769230765,650
A201,4,15.8,7.678755690440061,659
A201,5,16.9,7.552967359050445,674
A201,6,19.6,7.472151898734177,632
A201,7,19.3,7.385476550680787,661
A201,8,15.4,7.223802816901408,710
A201,9,17.4,7.778761061946903,678
A201,10,16.2,7.891304347826087,644
A201,11,15.1,7.745622895622895,594
A201,12,17.3,7.856718750000001,640
A202,1,18.7,9.794477611940298,670
A202,2,18.8,9.85273037542662,586
A202,3,16.3,9.643902439024389,656
A202,4,19.4,9.426645768025079,638
A202,5,21.2,9.542442748091604,655
A202,6,21.0,9.314330218068536,642
A202,7,18.6,9.249700598802395,668
A202,8,18.8,9.339941262848752,681
A202,9,16.6,9.830409356725147,684
A202,10,18.8,9.826440177252586,677
A202,11,17.7,9.737025316455696,632
A202,12,19.3,9.925299401197606,668
A203,1,14.5,9.379877112135176,651
A203,2,17.7,9.106807131280389,617
A203,3,14.7,8.56784140969163,681
A203,4,16.0,8.190757575757575,660
A203,5,14.3,8.152272727272727,660
A203,6,18.4,8.167100977198698,614
A203,7,13.5,8.26367851622875,647
A203,8,13.0,9.092207792207793,616
A203,9,15.3,10.514431239388795,589
A203,10,14.4,10.652136752136752,585
A203,11,15.5,10.66763202725724,587
A203,12,15.2,10.343369734789393,641
A204,1,17.9,8.731444759206799,353
A204,2,18.3,8.847317073170732,410
A204,3,18.0,8.378787878787879,495
A204,4,19.8,8.282236842105263,456
A204,5,15.3,8.649321266968325,442
A204,6,14.9,9.357178841309825,397
A204,7,16.6,10.09733009708738,412
A204,8,18.8,10.331735159817352,438
A204,9,18.0,10.328809523809525,420
A204,10,24.3,9.62004608294931,434
A204,11,20.6,8.705882352941176,374
A204,12,18.2,8.193074792243767,361
A205,1,18.9,8.653747323340472,467
A205,2,19.0,8.678620689655173,435
A205,3,17.4,8.423758099352051,463
A205,4,17.9,7.7341614906832294,483
A205,5,17.5,7.56313725490196,510
A205,6,13.8,8.317735042735043,468
A205,7,17.8,9.311066398390343,497
A205,8,19.7,9.838686131386861,548
A205,9,20.8,9.652988047808766,502
A205,10,20.9,8.904743083003954,506
A205,11,20.9,7.908685968819599,449
A205,12,21.9,8.268776371308016,474
A206,1,20.6,9.21551724137931,464
A206,2,23.3,8.997867298578198,422
A206,3,19.8,8.764530892448512,437
A206,4,24.7,8.539294117647058,425
A206,5,15.8,7.757142857142857,434
A206,6,16.4,7.638571428571428,420
A206,7,14.6,7.6986175115207365,434
A206,8,13.3,8.111617312072893,439
A206,9,14.8,9.121555555555554,450
A206,10,17.8,9.64136460554371,469
A206,11,16.8,9.523777777777777,450
A206,12,17.9,9.387991266375545,458
A207,1,16.6,8.017460317460317,189
A207,2,15.6,8.106043956043957,182
A207,3,16.8,7.705882352941177,238
A207,4,16.1,7.481124497991968,249
A207,5,15.4,7.63050193050193,259
A207,6,12.9,8.29375,240
A207,7,14.5,8.818548387096774,248
A207,8,15.6,8.97258064516129,248
A207,9,14.1,8.566666666666666,261
A207,10,16.8,8.421863799283154,279
A207,11,23.3,8.02127659574468,235
A207,12,15.1,8.066504854368933,206
A208,1,15.7,9.687096774193549,31
A208,2,10.1,6.8,3
A208,4,12.3,7.1049999999999995,20
A208,5,15.2,7.77741935483871,31
A208,6,9.0,7.616666666666666,30
A208,7,11.1,9.103225806451613,31
A208,8,15.4,9.861290322580645,31
A208,9,18.5,10.610000000000001,30
A208,10,18.3,10.025806451612903,31
A208,11,17.7,9.17,30
A208,12,16.2,9.212903225806452,31
A209,1,13.5,6.6256830601092895,366
A209,2,15.2,6.7960725075528705,331
A209,3,15.1,6.425280898876405,356
A209,4,13.3,6.259393939393939,330
A209,5,13.1,5.853372434017595,341
A209,6,14.3,6.215140845070422,284
A209,7,16.9,6.365979381443299,291
A209,8,16.2,6.751351351351351,370
A209,9,18.5,6.8546599496221665,397
A209,10,17.4,6.876133651551313,419
A209,11,17.0,6.439790575916231,382
A209,12,15.7,6.65241935483871,372
A210,1,19.5,8.102181818181817,275
A210,2,17.5,8.89205020920502,239
A210,3,18.8,8.564112903225807,248
A210,4,20.5,8.105797101449275,276
A210,5,15.6,7.248048048048048,333
A210,6,17.9,7.258609271523179,302
A210,7,19.2,7.522258064516129,310
A210,8,18.0,8.094303797468354,316
A210,9,16.8,8.536491228070176,285
A210,10,21.7,7.838790035587188,281
A210,11,14.0,7.527916666666667,240
A210,12,17.2,7.7858085808580855,303
A211,1,16.1,7.7453917050691246,434
A211,2,16.3,7.864764267990075,403
A211,3,19.9,7.435903614457832,415
A211,4,15.3,7.0131105398457585,389
A211,5,17.6,7.019847328244276,393
A211,6,15.9,7.141161616161616,396
A211,7,16.2,7.659012345679012,405
A211,8,20.5,8.01985111662531,403
A211,9,20.4,8.198352941176472,425
A211,10,24.3,7.957322175732218,478
A211,11,18.2,7.447333333333334,450
A211,12,15.9,7.689932885906041,447
A212,1,19.8,9.627688787185354,437
A212,2,24.7,10.096341463414634,410
A212,3,18.4,9.497303921568628,408
A212,4,16.6,9.073333333333332,390
A212,5,17.6,8.92850122850123,407
A212,6,17.8,8.76792873051225,449
A212,7,16.0,8.911612903225805,465
A212,8,21.2,9.205806451612903,465
A212,9,19.5,9.757111111111112,450
A212,10,22.1,9.618614718614719,462
A212,11,24.7,9.47685393258427,445
A212,12,23.8,9.793220338983051,413
A213,1,17.5,8.858169934640523,459
A213,2,18.3,8.848820754716982,424
A213,3,17.8,8.620302375809935,463
A213,4,19.2,8.346896551724138,435
A213,5,18.1,8.25609756097561,410
A213,6,17.9,7.657109557109558,429
A213,7,17.0,7.902232142857143,448
A213,8,18.6,7.839262472885033,461
A213,9,16.8,8.33569844789357,451
A213,10,19.4,8.497619047619049,504
A213,11,18.0,8.141960784313724,510
A213,12,19.6,8.805346534653465,505
A214,1,17.8,8.381733021077283,427
A214,2,20.8,8.903743315508022,374
A214,3,16.3,8.561971830985916,426
A214,4,19.3,8.425115207373272,434
A214,5,17.1,8.034130434782607,460
A214,6,18.3,8.988746803069054,391
A214,7,19.7,9.546762589928058,417
A214,8,20.8,9.550691244239632,434
A214,9,20.9,9.458095238095238,420
A214,10,21.1,9.067415730337078,445
A214,11,18.8,8.521333333333333,450
A214,12,22.3,8.605376344086022,465
A215,1,16.8,9.782352941176471,442
A215,2,17.2,9.910643564356436,404
A215,3,17.0,9.443778801843319,434
A215,4,18.9,9.06873508353222,419
A215,5,16.0,9.13409090909091,440
A215,6,16.3,9.495010845986984,461
A215,7,15.7,9.8125,496
A215,8,14.9,10.620362903225805,496
A215,9,15.8,11.361489361702127,470
A215,10,16.3,10.792204899777282,449
A215,11,15.1,10.547429906542057,428
A215,12,16.3,10.401502145922748,466
A216,1,25.4,8.787096774193548,217
A216,2,19.2,8.580710659898477,197
A216,3,17.7,8.467676767676767,198
A216,4,22.6,8.422222222222222,180
A216,5,16.3,8.208450704225353,213
A216,6,16.7,8.176442307692309,208
A216,7,17.3,9.115083798882681,179
A216,8,19.0,9.556204379562043,137
A216,9,36.4,10.506666666666666,120
A216,10,20.9,10.244036697247706,109
A216,11,19.6,8.951666666666666,120
A216,12,18.0,8.86340206185567,194
A217,1,20.4,10.52945205479452,292
A217,2,16.4,10.41875,256
A217,3,24.3,10.03888888888889,270
A217,4,22.0,9.63204633204633,259
A217,5,16.3,9.769047619047619,252
A217,6,15.7,10.097083333333334,240
A217,7,17.2,10.331854838709678,248
A217,8,15.1,11.378189300411522,243
A217,9,17.0,12.270833333333334,240
A217,10,15.5,11.667499999999999,240
A217,11,15.6,11.595555555555556,270
A217,12,16.5,10.908695652173913,299
A218,1,15.7,10.556272401433691,279
A218,2,19.4,11.03008130081301,246
A218,3,16.1,9.919026548672566,226
A218,4,15.6,9.718099547511311,221
A218,5,16.8,9.8597609561753,251
A218,6,15.9,10.156439393939394,264
A218,7,17.9,10.689370078740158,254
A218,8,16.4,12.45813953488372,215
A218,9,17.9,13.44245283018868,212
A218,10,18.1,12.602764976958527,217
A218,11,16.7,12.211009174311927,218
A218,12,15.8,11.570609318996414,279
A219,1,18.4,11.246153846153845,403
A219,2,17.8,10.93430079155673,379
A219,3,19.3,10.637070938215102,437
A219,4,18.3,9.92054794520548,438
A219,5,18.6,10.051152073732718,434
A219,6,19.0,9.998861047835991,439
A219,7,17.8,9.88168103448276,464
A219,8,17.1,9.952214452214452,429
A219,9,15.4,10.789903846153846,416
A219,10,15.5,11.107073170731706,410
A219,11,15.2,11.233416458852869,401
A219,12,17.5,11.420947630922694,401
A220,1,16.0,8.61565995525727,447
A220,2,17.6,8.827735368956743,393
A220,3,21.4,8.114014251781473,421
A220,4,21.5,7.994191919191919,396
A220,5,17.6,7.716626506024096,415
A220,6,18.6,7.648877805486284,401
A220,7,13.5,8.131614349775784,446
A220,8,22.6,8.165189873417722,474
A220,9,19.2,8.605208333333334,480
A220,10,20.4,8.939130434782609,483
A220,11,22.3,8.910114942528736,435
A220,12,18.7,8.896467991169978,453
A221,1,17.7,8.15883620689655,464
A221,2,17.3,8.386904761904763,420
A221,3,15.5,7.884742268041237,485
A221,4,14.9,7.600446428571429,448
A221,5,15.7,7.561716937354988,431
A221,6,14.6,8.051945080091533,437
A221,7,16.4,8.647252747252747,455
A221,8,16.3,8.74327122153209,483
A221,9,20.2,8.864508928571428,448
A221,10,24.2,8.447755102040816,490
A221,11,18.3,7.708977035490605,479
A221,12,20.8,7.967653276955602,473
A222,1,21.4,8.467441860465117,430
A222,2,18.3,8.641711229946525,374
A222,3,19.1,8.273349056603774,424
A222,4,14.8,7.713084112149533,428
A222,5,17.8,7.452155172413794,464
A222,6,15.8,8.504868154158213,493
A222,7,15.2,9.230632411067193,506
A222,8,17.1,9.309486166007906,506
A222,9,22.6,9.47655601659751,482
A222,10,23.4,9.331069958847737,486
A222,11,24.3,9.108849557522124,452
A222,12,21.9,8.567307692307692,468
A223,1,22.1,8.367835051546392,485
A223,2,17.6,8.169469026548672,452
A223,3,16.1,8.146963562753037,494
A223,4,14.9,7.410810810810811,444
A223,5,15.5,7.087741935483871,465
A223,6,14.9,7.872938689217759,473
A223,7,21.6,8.389959839357429,498
A223,8,15.4,8.696564885496183,524
A223,9,18.0,8.857916666666666,480
A223,10,22.5,8.956646216768917,489
A223,11,20.1,8.412527472527472,455
A223,12,22.0,8.5320987654321,486
A224,1,17.2,8.493088552915767,463
A224,2,20.1,8.90661938534279,423
A224,3,18.1,8.54089068825911,494
A224,4,18.5,8.312244897959184,490
A224,5,18.1,8.198574338085539,491
A224,6,17.7,8.756050955414013,471
A224,7,14.4,9.386973947895791,499
A224,8,19.1,9.658108108108108,518
A224,9,23.2,9.527450980392157,510
A224,10,24.7,9.07008032128514,498
A224,11,24.0,8.364375,480
A224,12,20.6,8.32008547008547,468
A225,1,24.8,8.242540322580645,496
A225,2,23.6,8.349667405764967,451
A225,3,24.9,8.22,525
A225,4,23.1,7.975098039215687,510
A225,5,23.7,7.793678160919541,522
A225,6,21.9,8.427843137254902,510
A225,7,23.2,9.208365019011408,526
A225,8,24.8,9.815173674588666,547
A225,9,24.9,9.320643939393939,528
A225,10,24.8,8.47352380952381,525
A225,11,24.9,7.742011834319526,507
A225,12,24.3,7.573231357552582,523
A226,1,25.0,10.325760649087222,493
A226,2,25.0,10.179120879120878,455
A226,3,18.6,9.010650887573965,507
A226,4,18.1,8.787762906309752,523
A226,5,19.8,9.372,525
A226,6,17.2,9.560645161290322,465
A226,7,24.7,9.153461538461539,520
A226,8,24.8,9.741325536062378,513
A226,9,24.9,10.616008316008317,481
A226,10,24.4,11.2649377593361,482
A226,11,24.8,11.093487394957982,476
A226,12,24.9,11.104878048780488,492
A227,1,17.4,10.048387096774194,372
A227,2,16.1,9.955056179775282,356
A227,3,23.7,9.507286432160804,398
A227,4,17.4,8.97557251908397,393
A227,5,17.4,9.271851851851851,405
A227,6,17.1,9.48756345177665,394
A227,7,16.4,9.225813953488371,430
A227,8,18.7,9.978341013824886,434
A227,9,14.8,10.61778350515464,388
A227,10,16.2,10.643956043956043,364
A227,11,14.5,10.594722222222222,360
A227,12,14.7,10.564784946236559,372
A228,1,13.7,7.859139784946236,93
A228,2,28.0,7.565882352941177,85
A228,3,14.1,7.868817204301075,93
A228,4,31.0,7.387356321839081,87
A228,5,11.5,6.92741935483871,62
A228,6,16.8,6.614999999999999,60
A228,7,12.8,6.196774193548387,62
A228,8,13.1,6.645161290322581,62
A228,9,13.0,7.316666666666666,60
A228,10,13.9,7.725675675675676,74
A228,11,12.9,7.67,90
A228,12,26.1,8.344086021505376,93
A229,1,18.0,8.081021897810219,411
A229,2,18.8,8.121153846153845,364
A229,3,17.7,7.825768321513003,423
A229,4,23.1,7.829776674937966,403
A229,5,19.4,7.206666666666666,390
A229,6,17.5,6.818421052631579,380
A229,7,18.8,6.870238095238095,420
A229,8,23.0,7.513301662707838,421
A229,9,15.9,7.700225733634311,443
A229,10,17.5,7.846035242290749,454
A229,11,15.6,7.485491071428571,448
A229,12,16.3,7.698689956331878,458
A230,1,18.5,9.769653179190753,346
A230,2,19.1,10.064583333333333,288
A230,3,24.7,9.725,284
A230,4,22.9,9.38790322580645,248
A230,5,19.1,8.671985815602836,282
A230,6,17.4,8.733232628398792,331
A230,7,18.6,8.745555555555557,360
A230,8,22.7,9.36801152737752,347
A230,9,22.7,10.050135501355014,369
A230,10,21.7,10.106133333333334,375
A230,11,22.1,9.456395348837209,344
A230,12,19.5,9.814525139664804,358
A231,1,17.8,7.943817204301075,372
A231,2,15.6,7.833727810650888,338
A231,3,18.0,7.773487031700289,347
A231,4,16.0,7.753074433656957,309
A231,5,15.1,7.744012944983819,309
A231,6,19.3,7.425938566552902,293
A231,7,16.0,7.446627565982405,341
A231,8,19.6,7.875617283950617,324
A231,9,22.9,8.414426229508196,305
A231,10,16.9,8.186943620178042,337
A231,11,18.0,7.631515151515152,330
A231,12,20.6,7.916253443526171,363
A232,1,17.4,5.652307692307692,65
A232,2,19.6,7.329090909090909,55
A232,3,12.7,6.113461538461538,52
A232,4,12.3,6.408108108108108,37
A232,5,8.7,5.713157894736842,38
A232,6,11.4,6.622857142857143,35
A232,7,18.2,7.73103448275862,58
A232,8,18.7,7.280645161290322,62
A232,9,21.6,7.5625,64
A232,10,24.4,8.219999999999999,70
A232,11,14.4,7.273015873015873,63
A232,12,10.8,7.1716981132075475,53
A233,1,21.5,9.808612440191387,418
A233,2,24.7,9.466304347826087,368
A233,3,19.4,8.857356608478803,401
A233,4,15.8,8.316976127320954,377
A233,5,18.0,7.504830917874396,414
A233,6,23.4,8.085085574572128,409
A233,7,15.0,8.494285714285715,350
A233,8,19.0,9.48876404494382,356
A233,9,19.7,9.659166666666668,360
A233,10,24.6,10.058962264150944,424
A233,11,22.9,9.202450980392157,408
A233,12,21.9,9.752304147465438,434
A234,1,15.4,8.19452736318408,201
A234,2,15.7,7.896648044692737,179
A234,3,15.0,8.087096774193549,186
A234,4,14.1,7.596111111111111,180
A234,5,11.8,7.458757062146893,177
A234,6,20.0,7.557333333333332,150
A234,7,14.9,8.10421686746988,166
A234,8,17.1,8.809139784946236,186
A234,9,21.2,9.323888888888888,180
A234,10,21.6,8.801530612244898,196
A234,11,23.9,8.180434782608696,184
A234,12,15.7,7.8685,200
A235,1,17.6,8.480351906158358,341
A235,2,21.1,8.773538461538461,325
A235,3,19.6,8.418768328445749,341
A235,4,20.1,8.143589743589743,351
A235,5,20.6,7.5795755968169765,377
A235,6,22.3,7.7952267303102625,419
A235,7,23.9,7.993394077448747,439
A235,8,15.7,8.142307692307693,390
A235,9,18.4,8.517559523809524,336
A235,10,23.8,8.384550561797752,356
A235,11,24.1,8.046604938271605,324
A235,12,17.7,8.360909090909091,330
A236,1,18.9,9.3136690647482,278
A236,2,16.9,8.973408239700374,267
A236,3,17.9,8.536466165413533,266
A236,4,17.0,8.48586956521739,276
A236,5,19.0,8.508579881656805,338
A236,6,18.6,8.150149253731344,335
A236,7,15.8,8.03567415730337,356
A236,8,18.3,8.452876712328768,365
A236,9,20.4,8.72,345
A236,10,14.2,8.369436201780415,337
A236,11,17.4,8.267301587301587,315
A236,12,18.4,8.8575,280
A237,1,21.3,7.9728850325379605,461
A237,2,24.2,8.198533007334962,409
A237,3,18.3,7.93436018957346,422
A237,4,23.8,7.548809523809524,420
A237,5,22.4,7.22354211663067,463
A237,6,13.5,7.681428571428571,420
A237,7,19.3,8.402643171806167,454
A237,8,16.8,8.304434589800444,451
A237,9,15.4,8.79448275862069,435
A237,10,22.6,8.742619542619542,481
A237,11,17.4,8.10625,448
A237,12,15.9,8.042350332594236,451
A238,1,20.0,10.12316715542522,341
A238,2,19.6,10.253820598006644,301
A238,3,18.8,9.88343023255814,344
A238,4,22.9,9.26764705882353,340
A238,5,18.1,8.727859237536656,341
A238,6,17.0,8.940606060606061,330
A238,7,15.6,9.593548387096774,341
A238,8,18.1,9.90791788856305,341
A238,9,15.3,10.280177514792898,338
A238,10,19.9,10.363636363636363,341
A238,11,19.9,10.042857142857143,329
A238,12,21.5,10.320882352941176,340
A239,1,16.3,9.885304659498209,279
A239,2,20.0,10.15607843137255,255
A239,3,18.9,9.465573770491803,305
A239,4,19.4,9.01778523489933,298
A239,5,18.0,9.261488673139159,309
A239,6,16.4,9.019205298013246,302
A239,7,23.9,8.976132930513595,331
A239,8,23.0,9.248936170212767,329
A239,9,23.7,9.641100323624595,309
A239,10,16.6,9.64046822742475,299
A239,11,15.2,9.648518518518518,270
A239,12,17.8,10.08352490421456,261
A240,1,15.4,7.339516129032258,372
A240,2,20.4,7.455457227138643,339
A240,3,21.4,7.196638655462184,357
A240,4,23.4,7.0725,320
A240,5,16.3,6.82904109589041,365
A240,6,13.6,7.042897727272727,352
A240,7,13.2,7.443279569892473,372
A240,8,15.2,7.55994623655914,372
A240,9,15.4,7.554216867469879,332
A240,10,21.9,7.365483870967743,310
A240,11,23.4,6.81448275862069,290
A240,12,14.6,6.778635014836795,337
A241,1,19.3,8.206118143459916,474
A241,2,17.6,8.104545454545455,440
A241,3,16.7,7.910474308300395,506
A241,4,24.3,7.706680584551148,479
A241,5,20.9,6.853238866396761,494
A241,6,15.6,6.93340206185567,485
A241,7,13.4,7.500967117988394,517
A241,8,15.4,8.014448669201522,526
A241,9,24.6,8.721146245059288,506
A241,10,23.3,8.680626223091977,511
A241,11,19.8,8.105369127516779,447
A241,12,19.4,8.315725806451614,496
A242,1,16.8,7.739784946236559,372
A242,2,12.5,7.800952380952381,315
A242,3,14.1,7.839766081871344,342
A242,4,15.1,7.352100840336134,357
A242,5,19.0,6.815789473684211,342
A242,6,18.7,6.802931596091205,307
A242,7,12.1,6.792903225806453,310
A242,8,11.3,6.466451612903225,310
A242,9,14.4,6.685106382978724,329
A242,10,11.0,6.848342541436464,362
A242,11,15.9,7.209826589595376,346
A242,12,14.7,7.663172043010753,372
A243,1,19.2,10.361812297734629,309
A243,2,19.5,9.903759398496241,266
A243,3,17.8,9.893584905660378,265
A243,4,16.7,9.2232,250
A243,5,20.8,9.01910569105691,246
A243,6,16.4,8.83956043956044,182
A243,7,24.7,8.924137931034483,174
A243,8,22.4,9.088837209302325,215
A243,9,19.8,9.579847908745247,263
A243,10,16.4,9.853103448275862,290
A243,11,22.4,9.817,300
A243,12,20.1,10.456026058631922,307
A244,1,20.5,9.21642228739003,341
A244,2,17.2,8.785530546623795,311
A244,3,20.8,8.597067448680352,341
A244,4,17.1,7.950132625994694,377
A244,5,20.5,8.01318407960199,402
A244,6,24.9,8.114358974358973,390
A244,7,16.7,8.008072916666666,384
A244,8,18.2,8.026243093922652,362
A244,9,15.6,8.384302325581395,344
A244,10,16.2,8.65406162464986,357
A244,11,16.6,8.567272727272726,330
A244,12,23.3,9.164222873900293,341
A245,1,12.6,7.858064516129032,62
A245,2,12.8,8.198333333333332,60
A245,3,14.5,6.912698412698413,63
A245,4,13.5,6.544680851063831,94
A245,5,17.6,7.209183673469388,98
A245,6,15.0,7.069565217391304,92
A245,7,14.1,6.6038461538461535,104
A245,8,12.7,6.383809523809523,105
A245,9,15.2,6.676136363636363,88
A245,10,17.8,7.4125,88
A245,11,13.5,8.05735294117647,68
A245,12,15.5,8.06984126984127,63
A246,1,14.0,6.856170212765957,235
A246,2,15.6,6.966820276497696,217
A246,3,12.8,6.508755760368664,217
A246,4,14.6,6.472857142857142,210
A246,5,13.8,6.450917431192661,218
A246,6,11.3,6.105263157894737,228
A246,7,12.6,6.314624505928854,253
A246,8,21.8,6.75650406504065,246
A246,9,21.8,7.149775784753364,223
A246,10,19.9,7.268821292775666,263
A246,11,22.3,6.767219917012448,241
A246,12,13.3,6.597950819672132,244
A247,1,16.2,8.806451612903226,155
A247,2,17.1,8.594505494505494,91
A247,3,15.2,8.52093023255814,86
A247,4,42.4,8.26086956521739,92
A247,5,22.5,7.89296875,128
A247,6,15.4,8.335,120
A247,7,48.4,9.95483870967742,93
A247,8,15.9,9.650537634408602,93
A247,9,17.4,9.76695652173913,115
A247,10,18.3,9.255913978494624,93
A247,11,17.4,8.606521739130434,92
A247,12,17.9,8.884967320261438,153
A248,1,18.6,9.596178343949044,314
A248,2,20.7,9.918947368421053,285
A248,3,17.1,9.476539589442815,341
A248,4,17.5,9.46225806451613,310
A248,5,17.1,9.56435331230284,317
A248,6,19.7,9.462816901408452,355
A248,7,17.1,9.314084507042253,355
A248,8,17.9,9.298666666666668,375
A248,9,20.0,9.610863509749304,359
A248,10,15.1,9.84322033898305,354
A248,11,16.3,9.595495495495497,333
A248,12,21.8,10.100299401197605,334
A249,1,17.8,9.27363344051447,311
A249,2,23.0,9.269736842105264,304
A249,3,24.5,8.804180064308682,311
A249,4,21.5,8.47859424920128,313
A249,5,15.6,8.540000000000001,310
A249,6,20.7,9.175737704918033,305
A249,7,16.2,9.146323529411765,272
A249,8,15.5,9.202631578947368,304
A249,9,15.6,9.743949044585987,314
A249,10,14.1,9.783828382838283,303
A249,11,15.4,9.652222222222221,270
A249,12,16.6,10.172881355932203,295
A250,1,13.0,7.548319327731092,238
A250,2,12.7,7.4126262626262625,198
A250,3,13.4,7.255299539170507,217
A250,4,14.7,6.987142857142857,210
A250,5,13.9,6.9069124423963135,217
A250,6,14.5,6.975210084033613,238
A250,7,13.9,6.85766129032258,248
A250,8,24.4,7.396370967741936,248
A250,9,18.0,7.7701492537313435,268
A250,10,13.1,7.672900763358778,262
A250,11,13.0,7.997457627118645,236
A250,12,19.9,7.960995850622406,241
A251,1,17.3,10.149462365591397,93
A251,2,13.9,8.636470588235294,85
A251,3,15.4,8.164285714285715,56
A251,4,39.7,9.593333333333334,30
A251,5,14.2,9.22258064516129,31
A251,6,17.3,10.665853658536586,41
A251,7,14.4,9.886956521739132,46
A251,8,13.3,10.11025641025641,39
A251,9,14.6,11.248333333333333,60
A251,10,15.3,11.591935483870968,62
A251,11,16.1,11.843939393939394,66
A251,12,16.6,10.49247311827957,93
A252,1,16.8,8.696774193548388,217
A252,2,36.1,9.271212121212121,198
A252,3,39.9,8.658333333333333,240
A252,4,15.1,8.13625,240
A252,5,17.1,8.371774193548386,248
A252,6,14.5,8.964583333333334,240
A252,7,17.1,9.381854838709677,248
A252,8,14.7,8.996370967741935,248
A252,9,14.7,8.90375,240
A252,10,16.1,8.707725321888413,233
A252,11,16.0,8.472857142857142,210
A252,12,41.1,8.578801843317972,217
A253,1,12.4,6.387741935483871,155
A253,2,13.3,6.448591549295775,142
A253,3,18.6,6.306451612903226,124
A253,4,39.0,6.240833333333333,120
A253,5,15.4,6.54251968503937,127
A253,6,12.7,6.3133333333333335,150
A253,7,12.5,6.535483870967742,155
A253,8,20.2,6.845806451612902,155
A253,9,13.0,6.83986013986014,143
A253,10,26.0,6.8776223776223775,143
A253,11,11.3,6.3966666666666665,150
A253,12,13.0,6.547741935483871,155
A254,1,16.6,8.151630434782609,184
A254,2,14.8,7.9270588235294115,170
A254,3,18.6,8.01304347826087,184
A254,4,16.6,7.297777777777777,180
A254,5,18.0,7.372432432432433,185
A254,6,14.0,7.633333333333334,180
A254,7,15.4,8.291787439613527,207
A254,8,15.3,9.07557603686636,217
A254,9,19.8,9.50952380952381,210
A254,10,22.1,9.494059405940593,202
A254,11,23.8,8.611173184357542,179
A254,12,19.0,8.704301075268818,186
A255,1,18.0,10.49247311827957,93
A255,2,39.6,10.896511627906976,86
A255,3,16.0,8.853260869565217,92
A255,4,14.6,8.645454545454546,66
A255,5,13.4,8.991935483870968,62
A255,6,12.9,8.513333333333334,60
A255,7,14.4,8.370967741935484,62
A255,8,13.5,8.680263157894737,76
A255,9,12.7,9.419417475728157,103
A255,10,13.5,9.685321100917431,109
A255,11,19.0,9.91,90
A255,12,16.6,9.964516129032258,93
A256,1,25.5,9.298876404494383,89
A256,2,22.2,8.89423076923077,104
A256,3,16.7,8.843,100
A256,4,32.8,8.786666666666667,120
A256,5,43.1,8.367763157894737,152
A256,6,11.7,8.353333333333333,150
A256,7,23.1,9.470322580645162,155
A256,8,22.8,10.614193548387098,155
A256,9,27.7,10.698666666666666,150
A256,10,31.9,10.267142857142858,140
A256,11,19.1,10.004347826086956,92
A256,12,32.3,11.441025641025641,78
A301,1,19.1,8.162982005141389,389
A301,2,14.1,8.084398976982097,391
A301,3,14.3,7.688888888888889,405
A301,4,11.2,7.492727272727272,385
A301,5,14.0,7.539897698209718,391
A301,6,22.5,8.095026178010471,382
A301,7,14.6,8.525821596244132,426
A301,8,12.2,8.593233082706767,399
A301,9,13.2,8.659782608695652,368
A301,10,11.5,8.423425692695213,397
A301,11,11.4,8.478249336870027,377
A301,12,21.3,8.498717948717948,390
A302,1,24.5,11.36860465116279,86
A302,2,14.2,9.59,30
A302,3,13.2,8.196551724137931,29
A302,4,21.4,10.716666666666667,24
A302,5,10.5,6.3999999999999995,3
A302,7,12.5,7.566666666666666,12
A302,8,13.7,10.393333333333334,60
A302,9,16.2,11.225,60
A302,10,18.4,11.567567567567568,74
A302,11,22.0,11.441584158415841,101
A302,12,21.6,9.838,100
A303,1,21.2,9.775322580645161,620
A303,2,18.7,9.507570422535212,568
A303,3,20.0,9.24731182795699,651
A303,4,14.9,8.502618657937807,611
A303,5,13.1,8.422772277227722,606
A303,6,14.5,8.837800687285224,582
A303,7,14.3,9.184550084889644,589
A303,8,14.3,9.098119658119657,585
A303,9,15.0,9.453257328990228,614
A303,10,24.9,9.943062200956938,627
A303,11,14.4,10.54878892733564,578
A303,12,24.7,10.37863924050633,632
A304,1,16.8,10.318181818181818,517
A304,2,23.6,10.565868263473053,501
A304,3,14.9,10.05140350877193,570
A304,4,15.8,10.074564459930313,574
A304,5,16.8,10.49711375212224,589
A304,6,21.4,11.305474452554744,548
A304,7,19.2,12.291474245115454,563
A304,8,17.8,12.801529636711281,523
A304,9,17.2,12.562147887323944,568
A304,10,17.5,11.759602649006624,604
A304,11,15.9,11.056822107081175,579
A304,12,15.6,10.640529531568228,491
A305,1,14.0,9.63954248366013,612
A305,2,15.2,9.455963302752293,545
A305,3,15.5,8.971428571428572,609
A305,4,21.8,8.651492537313432,536
A305,5,23.6,9.060227272727273,528
A305,6,15.9,9.523371647509578,522
A305,7,15.0,10.229982964224872,587
A305,8,15.4,11.26677966101695,590
A305,9,17.3,11.917340067340067,594
A305,10,15.9,11.776633986928104,612
A305,11,15.7,11.285815602836879,564
A305,12,14.6,10.661241610738255,596
A306,1,21.6,10.737337662337662,616
A306,2,22.6,10.249225473321859,581
A306,3,17.3,9.831699346405228,612
A306,4,24.2,8.670446735395188,582
A306,5,15.2,7.883783783783784,555
A306,6,17.6,8.471537001897532,527
A306,7,20.5,9.469573283858999,539
A306,8,21.4,10.656437389770723,567
A306,9,19.4,11.514171656686628,501
A306,10,17.5,11.98882235528942,501
A306,11,22.1,11.804761904761904,483
A306,12,19.4,11.443564356435644,606
A307,1,20.9,10.128688524590164,610
A307,2,24.2,10.100363636363635,550
A307,3,22.7,9.696784565916397,622
A307,4,22.1,9.537373737373738,594
A307,5,20.8,10.080398671096345,602
A307,6,15.1,10.579029462738303,577
A307,7,16.6,10.958609794628753,633
A307,8,16.7,11.06012084592145,662
A307,9,17.6,11.215654952076678,626
A307,10,16.6,10.951290322580645,620
A307,11,26.3,10.493467336683418,597
A307,12,22.5,10.230322580645161,620
A308,1,21.6,11.18371278458844,571
A308,2,19.0,10.436346863468634,542
A308,3,16.2,9.840764331210192,628
A308,4,19.0,9.184129692832764,586
A308,5,17.1,8.465058236272878,601
A308,6,16.2,8.172791519434629,566
A308,7,15.8,8.549742710120068,583
A308,8,18.5,10.123873121869783,599
A308,9,17.5,11.79775474956822,579
A308,10,18.8,12.77012987012987,616
A308,11,18.0,12.767589576547232,614
A308,12,24.0,12.318638573743923,617
A309,1,24.6,11.082468694096601,559
A309,2,18.4,10.744632768361582,531
A309,3,24.7,10.163651315789474,608
A309,4,17.6,9.593155258764607,599
A309,5,16.2,9.465081967213115,610
A309,6,17.3,10.00607553366174,609
A309,7,17.9,10.30637636080871,643
A309,8,16.3,10.566446280991736,605
A309,9,16.7,11.145205479452056,584
A309,10,18.0,11.393200663349917,603
A309,11,19.4,11.468391866913123,541
A309,12,22.8,11.395220588235293,544
A310,1,18.0,10.706690777576855,553
A310,2,16.0,10.602380952380953,504
A310,3,18.0,10.150850661625709,529
A310,4,16.8,10.0338,500
A310,5,17.5,9.920183486238532,545
A310,6,16.2,10.618333333333332,540
A310,7,18.7,11.370471014492754,552
A310,8,17.2,11.676702508960574,558
A310,9,17.3,11.76925925925926,540
A310,10,16.4,11.562118491921005,557
A310,11,15.6,11.138779174147217,557
A310,12,17.7,10.907534246575343,584
A311,1,17.3,7.289568345323741,556
A311,2,19.5,7.508447937131631,509
A311,3,17.7,7.243478260869566,552
A311,4,15.6,7.1526000000000005,500
A311,5,13.7,7.985714285714286,448
A311,6,16.1,9.333986928104576,459
A311,7,15.6,9.976263736263736,455
A311,8,20.5,10.13483606557377,488
A311,9,22.9,10.01301775147929,507
A311,10,21.2,9.126045627376426,526
A311,11,22.0,7.897410358565737,502
A311,12,21.0,7.452688172043011,558
A312,1,20.6,7.942389210019268,519
A312,2,19.9,8.408902691511388,483
A312,3,18.2,8.411310592459605,557
A312,4,18.9,7.829433962264152,530
A312,5,17.0,7.142589118198874,533
A312,6,13.9,7.361495327102804,535
A312,7,15.9,8.038208409506398,547
A312,8,22.5,8.334476190476192,525
A312,9,18.5,8.886027944111776,501
A312,10,19.2,8.903,500
A312,11,21.7,8.220833333333333,480
A312,12,22.8,7.997282608695652,552
A313,1,18.0,11.073142857142857,525
A313,2,19.0,10.881799163179917,478
A313,3,17.7,10.558646616541353,532
A313,4,15.1,9.949819494584837,554
A313,5,16.7,9.437696335078535,573
A313,6,14.7,9.5174688057041,561
A313,7,15.9,9.788771929824563,570
A313,8,16.9,10.233931777378816,557
A313,9,16.8,10.946242774566475,519
A313,10,14.6,11.409615384615385,520
A313,11,15.5,11.595381526104418,498
A313,12,20.2,11.42278978388998,509
A314,1,17.1,10.219305856832973,461
A314,2,19.4,10.151436031331592,383
A314,3,15.6,9.311979166666667,384
A314,4,15.4,9.510817941952507,379
A314,5,15.5,10.161256544502617,382
A314,6,17.7,11.134375,384
A314,7,16.9,11.601927710843373,415
A314,8,17.0,11.670361445783133,415
A314,9,16.9,12.438274932614556,371
A314,10,18.0,12.070892018779343,426
A314,11,16.8,11.410666666666668,450
A314,12,16.0,10.842511013215859,454
A315,1,20.0,7.4483588621444206,457
A315,2,20.9,7.464550264550264,378
A315,3,16.1,7.133103448275862,435
A315,4,16.0,6.929840546697038,439
A315,5,16.5,7.429130434782609,460
A315,6,12.4,8.532,450
A315,7,15.8,9.314439655172412,464
A315,8,17.0,10.06331096196868,447
A315,9,14.5,9.444212962962963,432
A315,10,19.8,8.878125,448
A315,11,14.8,8.279493087557604,434
A315,12,23.4,7.951619870410367,463
A316,1,18.0,10.289259259259259,540
A316,2,19.8,9.97229862475442,509
A316,3,19.1,9.37521815008726,573
A316,4,24.8,8.713321167883212,548
A316,5,15.0,8.666489361702126,564
A316,6,24.0,9.52766355140187,535
A316,7,24.6,10.426950354609929,564
A316,8,20.9,11.304414261460103,589
A316,9,15.9,11.840175438596491,570
A316,10,18.4,11.74006968641115,574
A316,11,20.0,11.025891181988744,533
A316,12,19.7,10.666409266409266,518
A317,1,21.0,12.62234273318872,461
A317,2,20.9,12.086619718309858,426
A317,3,20.6,11.232952380952382,525
A317,4,23.9,10.796259842519685,508
A317,5,18.7,10.68785578747628,527
A317,6,16.7,11.010236220472441,508
A317,7,24.7,11.924371373307542,517
A317,8,21.8,12.9736137667304,523
A317,9,19.4,13.580776699029126,515
A317,10,18.9,13.879317269076305,498
A317,11,18.8,13.959670781893003,486
A317,12,17.3,13.325596529284166,461
A318,1,17.6,10.854072398190045,442
A318,2,18.7,10.572613065326632,398
A318,3,21.9,9.802795698924731,465
A318,4,20.6,9.164691943127963,422
A318,5,17.1,8.999774266365689,443
A318,6,16.0,9.449318181818182,440
A318,7,17.4,10.195172413793102,435
A318,8,22.2,11.18407643312102,471
A318,9,17.4,11.97367387033399,509
A318,10,15.8,12.202357563850688,509
A318,11,16.0,12.21285403050109,459
A318,12,16.7,11.710913140311803,449
A319,1,23.0,9.672955974842766,477
A319,2,20.6,8.993684210526316,475
A319,3,23.1,8.756022944550669,523
A319,4,24.5,8.239370078740158,508
A319,5,20.9,8.296359743040686,467
A319,6,22.7,9.295414847161572,458
A319,7,17.5,10.2575,480
A319,8,19.4,10.830093457943926,535
A319,9,18.1,11.02889305816135,533
A319,10,17.5,11.195353159851301,538
A319,11,17.7,10.953752535496957,493
A319,12,21.6,10.73373015873016,504
A320,1,20.0,8.1272,500
A320,2,13.1,8.017792792792793,444
A320,3,14.0,7.650935550935551,481
A320,4,23.8,7.888362068965517,464
A320,5,13.3,8.274835886214442,457
A320,6,14.4,8.91025641025641,429
A320,7,14.9,9.668888888888889,450
A320,8,16.1,9.767148760330578,484
A320,9,16.0,9.666315789473684,475
A320,10,14.0,8.964978902953586,474
A320,11,12.7,8.31978021978022,455
A320,12,13.4,8.2128,500
A321,1,23.1,11.139544513457556,483
A321,2,23.9,10.823409090909092,440
A321,3,24.2,9.96484375,512
A321,4,20.9,9.045383104125737,509
A321,5,18.2,9.378486055776893,502
A321,6,17.2,10.179423868312757,486
A321,7,20.3,10.96360153256705,522
A321,8,20.1,11.721942446043165,556
A321,9,19.1,12.237222222222224,540
A321,10,19.2,12.468093385214008,514
A321,11,18.2,12.172043010752688,465
A321,12,22.6,11.969114470842332,463
A322,1,17.4,9.482608695652175,483
A322,2,19.5,9.314508928571428,448
A322,3,18.6,8.970974155069582,503
A322,4,12.7,8.282156862745097,510
A322,5,12.4,7.983491461100569,527
A322,6,13.9,8.308653846153845,520
A322,7,15.9,8.542518248175183,548
A322,8,13.5,8.437305699481865,579
A322,9,14.0,9.114814814814816,540
A322,10,16.1,9.717127071823203,543
A322,11,16.2,10.280078895463511,507
A322,12,15.6,10.021230158730159,504
A323,1,19.3,11.089254385964912,456
A323,2,23.7,10.95872641509434,424
A323,3,18.6,10.623684210526317,494
A323,4,19.6,9.692083333333333,480
A323,5,14.4,8.747537473233404,467
A323,6,17.7,8.926813186813186,455
A323,7,14.7,8.890856031128404,514
A323,8,17.7,9.339922480620155,516
A323,9,14.8,10.10199203187251,502
A323,10,20.6,10.610217391304348,460
A323,11,16.1,11.062443438914029,442
A323,12,18.0,11.01961620469083,469
A324,1,23.5,10.282718894009216,434
A324,2,19.2,10.20530303030303,396
A324,3,21.1,9.63679245283019,424
A324,4,20.6,9.037692307692307,390
A324,5,17.4,9.369727047146402,403
A324,6,20.9,10.211282051282051,390
A324,7,15.9,10.755924170616113,422
A324,8,19.2,11.122319474835885,457
A324,9,18.2,11.53529411764706,442
A324,10,19.5,11.50549199084668,437
A324,11,19.1,11.225179856115107,417
A324,12,21.5,10.868894009216591,434
A325,1,18.4,11.028742514970059,501
A325,2,21.8,10.705097087378642,412
A325,3,16.9,9.4718487394958,476
A325,4,18.3,8.471499999999999,400
A325,5,15.3,8.287173396674584,421
A325,6,17.3,8.625882352941176,425
A325,7,20.6,9.433823529411764,476
A325,8,16.3,10.697628458498023,506
A325,9,19.3,12.057843137254903,510
A325,10,19.6,12.733333333333333,525
A325,11,23.7,12.70297619047619,504
A325,12,23.1,12.124517374517374,518
A326,1,21.8,9.365573770491803,549
A326,2,24.9,9.318828451882844,478
A326,3,19.3,8.5498,500
A326,4,17.7,7.693333333333333,480
A326,5,17.5,8.201209677419355,496
A326,6,19.7,9.261178861788618,492
A326,7,18.8,10.147319778188539,541
A326,8,22.5,10.283238095238096,525
A326,9,23.6,10.793572778827977,529
A326,10,20.3,10.958130841121497,535
A326,11,24.6,10.239655172413794,522
A326,12,22.8,9.70359066427289,557
A327,1,20.0,10.484065934065935,546
A327,2,21.1,10.3687374749499,499
A327,3,16.8,9.979390681003585,558
A327,4,16.9,8.948148148148148,540
A327,5,15.7,8.19981718464351,547
A327,6,15.2,8.291020408163265,490
A327,7,13.6,8.555000000000001,520
A327,8,15.9,8.779926335174954,543
A327,9,16.6,9.542376237623762,505
A327,10,16.4,10.355152671755725,524
A327,11,19.3,10.906177606177605,518
A327,12,17.9,10.913082437275985,558
A328,1,17.5,11.113541666666666,480
A328,2,17.1,11.350442477876106,452
A328,3,18.2,11.011428571428572,490
A328,4,15.7,10.539156626506024,498
A328,5,16.9,9.818060836501902,526
A328,6,16.8,9.939607843137255,510
A328,7,16.2,10.33384030418251,526
A328,8,16.2,10.741683366733467,499
A328,9,17.1,11.37448132780083,482
A328,10,17.6,11.72265625,512
A328,11,16.7,11.740208333333333,480
A328,12,17.6,11.619595959595959,495
A329,1,23.4,10.906214689265536,531
A329,2,23.1,10.868388429752066,484
A329,3,22.7,10.05920303605313,527
A329,4,23.6,9.665098039215685,510
A329,5,17.4,10.005893536121674,526
A329,6,16.2,10.728282828282829,495
A329,7,18.2,11.365779467680607,526
A329,8,19.8,12.004708097928438,531
A329,9,18.6,12.41643109540636,566
A329,10,21.4,12.332578397212544,574
A329,11,17.9,11.648507462686569,536
A329,12,21.6,11.15559633027523,545
A330,1,18.5,9.87134724857685,527
A330,2,18.9,9.87875751503006,499
A330,3,24.9,9.49910394265233,558
A330,4,17.6,9.788022813688213,526
A330,5,16.3,11.026411657559198,549
A330,6,17.5,11.934137291280148,539
A330,7,18.3,12.705017921146952,558
A330,8,17.2,12.875136116152449,551
A330,9,19.2,12.875139146567717,539
A330,10,22.1,11.891500904159132,553
A330,11,24.8,10.750837988826815,537
A330,12,38.1,10.406678700361011,554
A331,1,27.6,9.063304721030043,466
A331,2,17.4,8.510117647058824,425
A331,3,16.6,8.159375,480
A331,4,14.9,8.058786610878661,478
A331,5,19.4,9.07741273100616,487
A331,6,15.3,10.034,450
A331,7,17.7,10.5495670995671,462
A331,8,18.4,10.744539614561027,467
A331,9,18.2,10.904366812227074,458
A331,10,21.1,10.596280991735538,484
A331,11,18.7,9.892289719626167,428
A331,12,18.6,9.478138528138528,462
A332,1,21.6,10.506106870229008,524
A332,2,18.8,10.258246346555323,479
A332,3,20.8,9.534816247582205,517
A332,4,21.4,8.96890243902439,492
A332,5,23.9,8.532758620689656,522
A332,6,16.2,9.326875,480
A332,7,17.7,10.110256410256412,468
A332,8,18.9,10.685068762278979,509
A332,9,20.6,11.139285714285714,560
A332,10,18.5,11.320545454545455,550
A332,11,16.7,11.043407707910749,493
A332,12,24.7,11.060384615384615,520
A333,1,20.3,8.826070763500931,537
A333,2,22.6,8.528478260869566,460
A333,3,21.0,8.355597722960152,527
A333,4,18.3,7.704061895551257,517
A333,5,18.7,7.8328358208955216,536
A333,6,14.0,8.54505928853755,506
A333,7,15.2,9.358444022770398,527
A333,8,14.8,9.752198852772466,523
A333,9,21.7,10.343967280163598,489
A333,10,17.2,9.92294776119403,536
A333,11,17.5,9.466930693069306,505
A333,12,19.5,9.282632541133456,547
A334,1,21.9,10.847912885662431,551
A334,2,18.5,10.6958605664488,459
A334,3,22.3,10.288339920948616,506
A334,4,16.5,9.255298651252408,519
A334,5,18.4,9.12015065913371,531
A334,6,16.7,9.353319502074688,482
A334,7,17.0,9.91530612244898,490
A334,8,20.5,10.235791757049892,461
A334,9,18.9,11.059284116331096,447
A334,10,18.8,11.554325955734406,497
A334,11,17.4,11.802074688796681,482
A334,12,21.3,11.59443447037702,557
A335,1,21.6,9.632427536231885,552
A335,2,19.8,9.642887931034483,464
A335,3,22.5,9.853578732106339,489
A335,4,18.8,9.103752759381898,453
A335,5,20.6,8.151827956989248,465
A335,6,17.9,7.787892376681614,446
A335,7,22.9,8.483620689655172,464
A335,8,20.1,9.002401746724892,458
A335,9,23.3,9.956207674943567,443
A335,10,23.1,10.550403225806452,496
A335,11,18.3,9.805882352941177,493
A335,12,18.7,10.002508960573476,558
A336,1,19.9,9.474654377880185,434
A336,2,18.1,8.976240208877284,383
A336,3,19.4,8.663095238095238,420
A336,4,17.3,8.00431654676259,417
A336,5,18.3,8.389416846652269,463
A336,6,17.7,9.625991189427312,454
A336,7,22.3,10.441649048625791,473
A336,8,17.9,10.59061135371179,458
A336,9,23.7,11.044083526682135,431
A336,10,23.2,10.907142857142857,434
A336,11,23.9,10.203740648379052,401
A336,12,20.3,9.584883720930232,430
A337,1,21.8,9.623107569721116,502
A337,2,20.4,9.538548752834467,441
A337,3,18.1,8.825436893203884,515
A337,4,22.0,8.581744421906695,493
A337,5,18.7,9.252694610778445,501
A337,6,17.0,10.225754527162977,497
A337,7,21.8,10.99673076923077,520
A337,8,20.4,11.06851851851852,486
A337,9,17.5,11.546153846153846,429
A337,10,24.6,11.689870689655173,464
A337,11,20.4,10.828542914171658,501
A337,12,17.7,10.040392156862746,510
A338,1,18.4,9.348093841642228,341
A338,2,17.5,8.959136212624584,301
A338,3,19.0,9.055263157894737,304
A338,4,16.0,8.253666666666666,300
A338,5,13.9,7.26196319018405,326
A338,6,16.4,6.866237942122186,311
A338,7,14.4,7.211515151515152,330
A338,8,19.1,8.15,310
A338,9,18.7,9.287333333333333,300
A338,10,24.8,9.807645259938838,327
A338,11,17.3,9.5,294
A338,12,22.0,9.622713864306784,339
A339,1,20.3,11.016030534351144,524
A339,2,17.1,10.622037422037423,481
A339,3,19.5,9.949699398797595,499
A339,4,18.3,9.263930885529158,463
A339,5,21.4,8.958266129032259,496
A339,6,17.6,9.376241900647948,463
A339,7,20.5,10.202801724137931,464
A339,8,23.2,11.058700209643606,477
A339,9,19.4,11.944510978043912,501
A339,10,17.4,12.145454545454545,495
A339,11,21.4,12.14810924369748,476
A339,12,17.3,11.92753346080306,523
A340,1,19.9,11.552822580645161,496
A340,2,21.2,11.145558086560364,439
A340,3,19.5,10.445969498910674,459
A340,4,22.0,9.14385150812065,431
A340,5,15.4,8.652156057494867,487
A340,6,14.3,9.404424778761062,452
A340,7,16.4,10.225701943844493,463
A340,8,18.9,10.906639004149378,482
A340,9,18.3,11.444635193133047,466
A340,10,18.9,11.750106609808103,469
A340,11,23.7,11.957871396895786,451
A340,12,20.6,12.005060728744938,494
A341,1,20.7,10.28591836734694,490
A341,2,20.1,10.162052505966587,419
A341,3,19.5,9.93019693654267,457
A341,4,18.3,9.52037037037037,432
A341,5,17.9,9.543683083511777,467
A341,6,17.1,10.007572383073496,449
A341,7,17.0,10.742150537634409,465
A341,8,18.2,10.64599589322382,487
A341,9,17.2,10.66133909287257,463
A341,10,15.3,10.425751072961372,466
A341,11,15.9,10.595555555555556,450
A341,12,16.6,10.55506072874494,494
A342,1,23.9,9.38759541984733,524
A342,2,19.4,9.309555555555557,450
A342,3,23.5,9.090625,480
A342,4,19.1,8.275377969762419,463
A342,5,18.0,7.6478787878787875,495
A342,6,24.5,8.722727272727273,484
A342,7,17.7,9.32783300198807,503
A342,8,23.7,9.784440227703984,527
A342,9,23.9,10.215230460921843,499
A342,10,22.3,10.22211155378486,502
A342,11,17.6,9.908541666666668,480
A342,12,24.8,10.164922480620156,516
A343,1,19.5,8.41268656716418,402
A343,2,20.1,8.602513966480446,358
A343,3,17.9,8.240855106888361,421
A343,4,15.5,7.643391521197008,401
A343,5,15.4,8.268780487804877,410
A343,6,16.4,9.543908629441624,394
A343,7,20.3,10.189486552567237,409
A343,8,16.8,10.399242424242425,396
A343,9,23.7,10.73364705882353,425
A343,10,19.6,10.442953020134228,447
A343,11,21.8,9.730334190231362,389
A343,12,20.3,9.587142857142856,420
A344,1,22.9,12.589285714285714,224
A344,2,22.0,13.195604395604395,182
A344,3,19.7,12.366847826086957,184
A344,4,20.2,12.633004926108374,203
A344,5,19.5,12.394142259414226,239
A344,6,20.4,13.854999999999999,240
A344,7,21.0,14.938257575757575,264
A344,8,19.6,15.122742474916388,299
A344,9,22.4,15.091475409836065,305
A344,10,19.8,14.344802867383512,279
A344,11,18.9,13.615677966101696,236
A344,12,19.0,12.810162601626017,246
A345,1,17.1,8.784023668639053,507
A345,2,17.9,8.482027649769584,434
A345,3,18.6,8.226375711574953,527
A345,4,14.5,8.083958333333333,480
A345,5,17.8,8.766197183098592,497
A345,6,18.1,9.734710743801653,484
A345,7,17.4,10.406521739130435,506
A345,8,20.4,10.603621730382294,497
A345,9,20.2,10.865271966527198,478
A345,10,19.6,10.64899193548387,496
A345,11,20.7,9.776359832635984,478
A345,12,20.9,9.191733870967743,496
A346,1,15.6,6.596129032258064,465
A346,2,13.5,6.581264108352144,443
A346,3,14.4,6.377603143418467,509
A346,4,12.0,6.376039603960396,505
A346,5,12.1,6.700994035785288,503
A346,6,12.3,7.750625,480
A346,7,14.6,8.105210420841683,499
A346,8,18.8,8.130550284629981,527
A346,9,15.4,8.436666666666666,510
A346,10,14.6,8.1994140625,512
A346,11,12.9,7.324025974025973,462
A346,12,13.5,6.965245202558635,469
A347,1,18.6,9.695430107526882,372
A347,2,23.0,9.490643274853802,342
A347,3,18.0,8.8875,408
A347,4,17.1,8.517897727272727,352
A347,5,16.9,9.274663072776281,371
A347,6,23.8,10.429123711340207,388
A347,7,17.8,11.063930348258706,402
A347,8,19.4,11.127047146401985,403
A347,9,21.0,11.185089974293058,389
A347,10,22.7,10.70948509485095,369
A347,11,19.8,10.802578796561605,349
A347,12,21.6,10.429123711340207,388
A348,1,20.1,11.251016260162602,492
A348,2,16.4,11.191525423728814,413
A348,3,19.7,10.890725806451613,496
A348,4,17.6,10.25311111111111,450
A348,5,20.1,9.571370143149284,489
A348,6,15.2,9.678958333333332,480
A348,7,18.3,9.983266129032257,496
A348,8,16.7,10.448790322580646,496
A348,9,16.9,11.095814977973568,454
A348,10,19.9,11.51695278969957,466
A348,11,23.3,11.684222222222221,450
A348,12,23.9,11.579032258064515,496
A349,1,22.4,10.618975332068311,527
A349,2,22.1,10.808297872340425,470
A349,3,24.1,10.301375245579568,509
A349,4,18.7,9.99705882352941,510
A349,5,15.3,9.982164328657316,499
A349,6,16.7,10.628361344537815,476
A349,7,17.0,11.294267515923568,471
A349,8,17.5,11.727754237288135,472
A349,9,22.4,11.95875,480
A349,10,19.4,11.489759036144578,498
A349,11,17.3,10.66625258799172,483
A349,12,19.2,10.626375711574953,527
A350,1,21.6,10.123225806451613,465
A350,2,21.5,10.141037735849057,424
A350,3,20.9,9.205454545454545,495
A350,4,22.7,8.851572327044025,477
A350,5,23.9,9.265580448065172,491
A350,6,15.4,10.042592592592591,432
A350,7,16.0,10.865957446808512,423
A350,8,17.5,11.102558139534885,430
A350,9,17.6,11.404387990762126,433
A350,10,18.0,11.225892857142856,448
A350,11,17.5,10.500890868596882,449
A350,12,21.5,10.448822269807282,467
A351,1,22.3,10.728225806451613,496
A351,2,22.0,10.963716814159293,452
A351,3,18.4,10.186761710794297,491
A351,4,17.8,9.80762331838565,446
A351,5,15.9,9.987004405286344,454
A351,6,16.1,10.450346420323326,433
A351,7,17.8,11.1110599078341,434
A351,8,19.2,11.541646489104116,413
A351,9,20.1,11.705841121495327,428
A351,10,17.9,11.593347639484978,466
A351,11,20.2,11.08125,480
A351,12,23.4,10.75241935483871,496
A352,1,16.6,10.369462365591398,465
A352,2,20.1,10.307801418439716,423
A352,3,14.2,9.70173535791757,461
A352,4,14.4,9.488333333333333,420
A352,5,14.1,9.450542299349241,461
A352,6,16.6,10.060888888888888,450
A352,7,16.7,10.863716814159291,452
A352,8,17.0,11.289678899082569,436
A352,9,16.4,11.58177570093458,428
A352,10,16.0,11.376635514018691,428
A352,11,15.0,11.05525114155251,438
A352,12,14.4,10.7047311827957,465
A353,1,19.0,10.50906976744186,430
A353,2,15.4,10.555641025641025,390
A353,3,15.7,10.112206572769953,426
A353,4,17.1,9.35706940874036,389
A353,5,15.4,8.658333333333333,372
A353,6,20.4,9.036141304347826,368
A353,7,14.3,9.32550505050505,396
A353,8,14.3,9.443502824858758,354
A353,9,13.4,9.89779411764706,408
A353,10,15.6,10.526968973747017,419
A353,11,16.8,11.091116751269034,394
A353,12,19.3,10.972811059907833,434
A354,1,19.3,8.224731182795699,465
A354,2,20.4,8.295518867924528,424
A354,3,21.5,7.86731182795699,465
A354,4,17.0,7.958333333333333,432
A354,5,15.0,8.855555555555556,387
A354,6,15.0,10.398550724637682,414
A354,7,20.0,11.386936936936937,444
A354,8,19.9,11.50766129032258,496
A354,9,19.8,11.281458333333335,480
A354,10,21.9,10.472520661157024,484
A354,11,23.0,8.965359477124183,459
A354,12,22.9,8.945625,480
A355,1,15.4,9.951397849462365,465
A355,2,17.0,9.571226415094339,424
A355,3,17.1,9.313763440860214,465
A355,4,13.3,8.707972665148064,439
A355,5,14.6,8.537199124726477,457
A355,6,16.1,9.008333333333333,444
A355,7,15.1,9.469462365591399,465
A355,8,21.7,9.30989898989899,495
A355,9,14.8,9.60675944333996,503
A355,10,15.2,10.0244140625,512
A355,11,13.7,10.498089171974524,471
A355,12,13.7,10.272017353579175,461
A356,1,12.9,9.22119914346895,467
A356,2,12.0,8.92070588235294,425
A356,3,15.4,8.643939393939394,462
A356,4,12.1,8.139149888143177,447
A356,5,15.4,8.009462365591398,465
A356,6,14.4,8.501713062098501,467
A356,7,16.0,8.808124999999999,480
A356,8,15.0,8.916414686825055,463
A356,9,13.0,9.084719101123595,445
A356,10,16.7,9.368722466960351,454
A356,11,13.7,9.733786848072564,441
A356,12,13.5,9.707692307692307,468
A357,1,17.2,9.526618705035972,417
A357,2,23.9,9.47948051948052,385
A357,3,24.2,9.044951923076923,416
A357,4,17.9,8.798809523809524,420
A357,5,15.3,8.854545454545455,484
A357,6,15.5,9.258004158004159,481
A357,7,17.5,9.775806451612903,496
A357,8,16.1,9.723588709677419,496
A357,9,18.2,9.582618025751072,466
A357,10,14.2,9.577708333333334,480
A357,11,13.4,9.531615925058547,427
A357,12,13.8,9.690243902439025,451
A358,1,24.1,10.84731182795699,465
A358,2,23.2,10.550593824228029,421
A358,3,18.9,9.949539170506913,434
A358,4,22.6,9.287380952380952,420
A358,5,17.2,9.024884792626729,434
A358,6,21.2,9.854047619047618,420
A358,7,16.5,10.087531172069825,401
A358,8,17.9,10.506965174129354,402
A358,9,17.9,10.899311926605506,436
A358,10,21.9,11.15054229934924,461
A358,11,18.0,11.01142191142191,429
A358,12,21.9,11.16279569892473,465
A359,1,19.4,11.59129213483146,356
A359,2,21.7,11.217142857142857,315
A359,3,24.7,10.403943661971832,355
A359,4,19.3,10.025138121546961,362
A359,5,16.1,10.134594594594596,370
A359,6,17.0,10.793957703927493,331
A359,7,17.2,11.495000000000001,340
A359,8,18.7,12.871666666666668,360
A359,9,19.4,13.664343163538874,373
A359,10,18.3,13.611898734177215,395
A359,11,18.3,13.176060606060608,330
A359,12,17.3,12.780440771349863,363
A360,1,16.5,10.448148148148148,378
A360,2,15.8,10.315407854984894,331
A360,3,16.2,9.739650145772595,343
A360,4,17.9,9.144236760124612,321
A360,5,16.3,9.293142857142858,350
A360,6,14.4,9.760881542699725,363
A360,7,19.0,10.282835820895523,402
A360,8,18.0,10.737939698492461,398
A360,9,17.4,11.672386058981234,373
A360,10,17.0,11.789330024813896,403
A360,11,15.8,11.611794871794872,390
A360,12,17.3,11.396774193548387,403
A361,1,19.3,8.895962732919255,322
A361,2,18.3,8.863924050632912,316
A361,3,17.3,8.53724832214765,298
A361,4,17.4,8.270226537216828,309
A361,5,18.2,8.237254901960783,357
A361,6,15.4,9.019722222222223,360
A361,7,16.9,9.730913978494623,372
A361,8,17.8,10.15,400
A361,9,21.0,10.632975871313672,373
A361,10,18.8,10.522580645161291,372
A361,11,15.3,10.071987951807229,332
A361,12,17.1,9.939577039274925,331
A362,1,22.1,8.254838709677419,310
A362,2,21.4,8.34468085106383,282
A362,3,15.4,7.754516129032258,310
A362,4,16.0,7.712408759124087,274
A362,5,24.6,7.567931034482758,290
A362,6,16.1,8.201666666666666,300
A362,7,17.8,8.944193548387096,310
A362,8,20.0,9.136075949367088,316
A362,9,16.1,9.333636363636364,330
A362,10,19.2,8.955384615384615,325
A362,11,16.2,8.101056338028169,284
A362,12,23.0,8.199677419354838,310
A363,1,16.7,8.255990783410137,434
A363,2,21.6,8.48838383838384,396
A363,3,24.3,8.366666666666667,435
A363,4,18.0,8.037587006960557,431
A363,5,15.4,8.419569892473119,465
A363,6,22.0,9.443624161073826,447
A363,7,23.0,10.155011135857462,449
A363,8,17.3,10.50679012345679,486
A363,9,19.4,10.536601307189542,459
A363,10,18.3,9.987525987525988,481
A363,11,20.4,9.09182389937107,477
A363,12,24.1,8.892808988764045,445
A364,1,22.8,9.349289099526066,422
A364,2,19.0,9.364606741573034,356
A364,3,15.5,8.553233830845771,402
A364,4,14.2,8.493696275071633,349
A364,5,17.7,9.159885386819484,349
A364,6,15.0,10.261049723756907,362
A364,7,19.2,11.1,427
A364,8,23.9,11.356192660550459,436
A364,9,17.3,11.337612612612611,444
A364,10,23.0,11.125507900677201,443
A364,11,18.5,9.818095238095239,420
A364,12,18.3,9.5002331002331,429
A365,1,22.4,9.155269922879178,389
A365,2,18.5,9.072752808988763,356
A365,3,18.5,8.649122807017545,399
A365,4,22.4,8.748444444444445,450
A365,5,17.0,9.56236559139785,465
A365,6,18.2,10.565842696629215,445
A365,7,17.0,11.349777777777778,450
A365,8,17.0,11.319354838709678,465
A365,9,21.3,11.522666666666666,450
A365,10,17.7,11.01153846153846,468
A365,11,19.8,10.218444444444446,450
A365,12,20.9,9.818120805369126,447
A366,1,21.1,9.544059405940594,404
A366,2,19.0,9.475584415584416,385
A366,3,20.7,9.251612903225807,434
A366,4,17.5,8.659518072289156,415
A366,5,16.2,8.941545893719807,414
A366,6,17.0,9.69425,400
A366,7,20.3,10.544416243654823,394
A366,8,16.1,10.90433734939759,415
A366,9,20.1,11.002380952380953,420
A366,10,19.0,10.73961813842482,419
A366,11,20.6,9.983589743589743,390
A366,12,22.6,9.73487297921478,433
A367,1,17.9,10.43225806451613,372
A367,2,18.6,10.316519174041298,339
A367,3,17.1,10.057471264367816,348
A367,4,14.6,9.770440251572326,318
A367,5,17.2,9.625076452599389,327
A367,6,16.2,9.794932432432432,296
A367,7,17.2,10.239473684210525,266
A367,8,15.9,10.789137380191693,313
A367,9,14.7,11.043076923076924,390
A367,10,15.3,11.062034739454095,403
A367,11,15.6,10.857692307692307,390
A367,12,14.8,10.538829787234043,376
A368,1,18.2,11.063709677419356,124
A368,2,17.5,11.264035087719298,114
A368,3,18.6,9.957831325301205,166
A368,4,17.9,10.14875,160
A368,5,15.8,10.354074074074074,135
A368,6,18.8,11.063333333333333,120
A368,7,16.5,11.640404040404041,99
A368,8,16.0,12.155,120
A368,9,20.5,13.584172661870504,139
A368,10,18.3,13.680645161290322,155
A368,11,18.3,12.443999999999999,150
A368,12,18.4,11.902836879432623,141
A369,1,18.5,9.538709677419355,93
A369,2,18.3,8.921686746987952,83
A369,3,14.3,7.797260273972603,73
A369,4,15.0,7.6775,80
A369,5,11.2,7.846875,32
A369,6,10.5,8.4,30
A369,7,12.5,8.775438596491227,57
A369,8,13.1,9.342028985507246,69
A369,9,13.3,10.067213114754098,61
A369,10,13.2,10.182258064516128,62
A369,11,13.0,9.432500000000001,80
A369,12,15.9,9.588,100
A370,1,20.5,8.86198347107438,242
A370,2,20.8,8.910222222222222,225
A370,3,16.9,8.035627530364373,247
A370,4,25.5,7.760833333333333,240
A370,5,15.0,8.565022421524663,223
A370,6,18.7,9.20047619047619,210
A370,7,20.2,9.925506072874494,247
A370,8,24.1,10.495161290322581,248
A370,9,23.7,10.52109375,256
A370,10,20.8,10.232954545454545,264
A370,11,27.1,9.469166666666666,240
A370,12,19.7,9.547177419354838,248
A371,1,23.4,12.325203252032521,246
A371,2,17.9,12.294247787610619,226
A371,3,28.9,12.249596774193549,248
A371,4,19.4,10.982916666666666,240
A371,5,15.2,9.925403225806452,248
A371,6,18.1,9.961603375527426,237
A371,7,17.8,10.20388349514563,206
A371,8,15.3,11.031578947368422,190
A371,9,15.4,11.915350877192981,228
A371,10,22.3,12.583333333333334,264
A371,11,17.1,12.65875,240
A371,12,19.7,12.408467741935485,248
A372,1,17.9,10.89795918367347,245
A372,2,17.0,10.60821917808219,219
A372,3,18.6,9.806694560669456,239
A372,4,15.8,8.688936170212767,235
A372,5,17.0,8.153947368421052,228
A372,6,16.7,8.619431279620853,211
A372,7,15.9,9.588979591836736,245
A372,8,20.2,10.596296296296297,243
A372,9,17.8,11.216386554621849,238
A372,10,41.6,11.78086956521739,230
A372,11,22.8,11.739779005524863,181
A372,12,26.1,11.481777777777777,225
A373,1,18.3,8.542,100
A373,2,21.2,9.410344827586208,87
A373,3,14.1,8.452307692307691,130
A373,4,18.4,7.5425,120
A373,5,12.9,7.092622950819671,122
A373,6,11.2,8.104716981132075,106
A373,7,12.8,8.738235294117647,102
A373,8,20.3,9.755645161290323,124
A373,9,15.8,9.773333333333333,120
A373,10,16.8,10.178225806451612,124
A373,11,19.1,10.231496062992127,127
A373,12,20.1,10.093,100
A374,1,19.0,8.136559139784946,186
A374,2,13.1,8.034705882352942,170
A374,3,17.5,7.609473684210526,190
A374,4,14.4,7.210952380952381,210
A374,5,13.0,7.694907407407407,216
A374,6,15.9,8.564761904761903,210
A374,7,16.3,8.974074074074075,216
A374,8,13.3,9.282027649769585,217
A374,9,17.4,9.345887445887445,231
A374,10,16.8,9.643069306930693,202
A374,11,17.9,8.791666666666666,180
A374,12,28.1,8.884408602150538,186
A375,1,19.5,8.399537037037037,216
A375,2,17.3,8.542131979695432,197
A375,3,17.0,8.623008849557522,226
A375,4,17.2,8.5025,240
A375,5,16.2,9.369758064516128,248
A375,6,14.8,10.263348416289592,221
A375,7,16.0,11.117972350230414,217
A375,8,30.3,11.546846846846847,222
A375,9,20.9,11.05875,240
A375,10,19.2,10.315021459227468,233
A375,11,17.3,9.33157894736842,209
A375,12,17.9,9.011682242990654,214
A376,1,21.1,9.5024,125
A376,2,20.6,9.709821428571429,112
A376,3,19.9,9.114173228346457,127
A376,4,15.4,8.434666666666667,150
A376,5,13.6,7.604516129032258,155
A376,6,13.0,8.679333333333334,150
A376,7,15.8,9.155639097744361,133
A376,8,15.7,9.72875816993464,153
A376,9,19.7,10.625694444444443,144
A376,10,15.8,10.229032258064517,124
A376,11,19.3,9.907200000000001,125
A376,12,22.3,9.902836879432623,141
A377,1,12.2,6.245161290322581,62
A377,2,14.6,7.121052631578947,57
A377,3,11.4,6.591935483870968,62
A377,4,21.1,7.055000000000001,60
A377,5,47.3,7.466129032258064,62
A377,6,10.9,7.1499999999999995,46
A377,7,10.9,8.33548387096774,31
A377,8,12.2,8.898333333333333,60
A377,9,13.9,8.403333333333332,60
A377,10,15.8,8.290322580645162,62
A377,11,17.4,7.371232876712329,73
A377,12,37.3,7.401111111111112,90
A401,1,16.2,8.20186246418338,698
A401,2,21.7,7.814976599063962,641
A401,3,15.8,7.568705547652916,703
A401,4,45.9,7.5548435171385995,671
A401,5,16.8,7.891994382022473,712
A401,6,18.3,8.101304347826087,690
A401,7,46.8,8.516269284712482,713
A401,8,45.0,8.459580419580421,715
A401,9,16.6,8.162811127379209,683
A401,10,20.5,8.449493487698987,691
A401,11,24.9,8.858868501529052,654
A401,12,21.1,8.509654178674351,694
A402,1,18.9,8.837386569872958,551
A402,2,19.2,8.544820717131474,502
A402,3,20.8,8.25945945945946,592
A402,4,15.6,7.420719178082192,584
A402,5,17.8,7.019966159052454,591
A402,6,16.1,7.293157894736843,570
A402,7,15.9,7.962116040955632,586
A402,8,19.0,8.635897435897435,546
A402,9,17.6,9.343197278911566,588
A402,10,23.7,9.885289256198348,605
A402,11,19.5,9.220562390158172,569
A402,12,21.8,9.065776293823038,599
A403,1,16.9,11.231944444444444,216
A403,2,19.6,11.634210526315789,190
A403,3,19.7,11.278947368421052,190
A403,4,20.2,11.369523809523809,210
A403,5,22.0,12.459223300970873,206
A403,6,21.0,12.92822966507177,209
A403,7,24.7,13.083682008368202,239
A403,8,19.9,12.761371841155235,277
A403,9,21.3,12.272649572649573,234
A403,10,25.0,12.064356435643564,202
A403,11,20.5,11.741573033707866,178
A403,12,18.4,11.022058823529411,204
A404,1,22.1,10.194642857142856,616
A404,2,24.4,10.213678373382626,541
A404,3,19.0,9.659355828220859,652
A404,4,18.8,9.15846153846154,650
A404,5,15.1,8.978500707213579,707
A404,6,16.8,9.650755287009064,662
A404,7,17.3,10.093832599118942,681
A404,8,17.0,10.496041055718475,682
A404,9,18.1,10.744005847953217,684
A404,10,21.7,10.823733719247468,691
A404,11,20.4,10.57887323943662,639
A404,12,22.6,10.35133020344288,639
A405,1,18.0,10.463299663299663,594
A405,2,15.6,9.739341085271318,516
A405,3,18.6,9.168014705882353,544
A405,4,18.0,8.463025210084034,595
A405,5,17.6,8.27988929889299,542
A405,6,14.7,8.182793522267207,494
A405,7,16.3,8.543470790378008,582
A405,8,16.7,9.043877551020408,588
A405,9,19.2,10.23321554770318,566
A405,10,19.8,10.664492753623188,552
A405,11,19.3,11.04392523364486,535
A405,12,21.7,11.028795811518325,573
A406,1,18.5,10.0635528330781,653
A406,2,16.6,10.105950413223141,605
A406,3,16.1,9.669411764705883,680
A406,4,16.9,8.910151515151515,660
A406,5,14.2,8.695393759286775,673
A406,6,15.1,9.050552922590837,633
A406,7,16.5,9.242113821138211,615
A406,8,14.9,9.350850340136054,588
A406,9,16.5,9.49737302977233,571
A406,10,16.8,9.599362041467305,627
A406,11,16.5,9.585878489326765,609
A406,12,18.2,9.672811059907835,651
A407,1,20.2,9.161178509532062,577
A407,2,16.9,8.9279843444227,511
A407,3,16.3,8.598811544991511,589
A407,4,14.1,8.050251256281408,597
A407,5,13.2,7.589935064935064,616
A407,6,13.0,7.788235294117647,629
A407,7,16.5,8.142472266244056,631
A407,8,13.5,8.448190789473685,608
A407,9,18.0,8.874666666666666,600
A407,10,13.8,9.281879194630873,596
A407,11,17.0,8.94718309859155,568
A407,12,16.6,8.92517006802721,588
A408,1,23.1,10.430555555555555,684
A408,2,20.3,10.311424100156495,639
A408,3,17.9,9.8784140969163,681
A408,4,16.8,8.784375,672
A408,5,15.9,8.316193181818182,704
A408,6,17.3,8.792898550724638,690
A408,7,16.3,9.28451519536903,691
A408,8,16.6,9.889000000000001,700
A408,9,23.8,10.434347826086956,690
A408,10,21.1,10.900599700149925,667
A408,11,22.2,10.244771241830065,612
A408,12,23.0,9.993500738552438,677
A409,1,15.7,9.366666666666667,588
A409,2,18.6,9.246153846153845,546
A409,3,37.3,9.061264181523502,617
A409,4,42.0,8.668789808917197,628
A409,5,15.9,8.598035714285714,560
A409,6,14.7,8.757254901960785,510
A409,7,14.9,8.913095238095238,504
A409,8,15.0,8.893360160965795,497
A409,9,20.3,9.08983666061706,551
A409,10,15.0,9.54896551724138,580
A409,11,14.2,9.926775956284153,549
A409,12,13.9,9.564179104477612,603
A410,1,16.7,9.314446952595937,443
A410,2,13.8,8.89815668202765,434
A410,3,13.9,8.461050328227572,457
A410,4,16.5,8.073781902552204,431
A410,5,25.9,8.110040160642571,498
A410,6,14.3,7.964142538975501,449
A410,7,15.3,8.215011037527594,453
A410,8,15.6,8.630414746543778,434
A410,9,15.0,9.209424083769633,382
A410,10,17.5,9.344791666666667,384
A410,11,13.9,9.30271002710027,369
A410,12,29.5,9.347477064220184,436
A411,1,19.6,12.702949061662197,373
A411,2,21.4,12.742815249266863,341
A411,3,17.5,11.839577836411609,379
A411,4,19.8,11.159999999999998,390
A411,5,16.5,10.291383812010444,383
A411,6,15.6,10.56783042394015,401
A411,7,16.1,10.874550128534704,389
A411,8,17.9,11.258108108108107,370
A411,9,18.4,12.09429347826087,368
A411,10,20.4,12.436103896103894,385
A411,11,17.8,12.78638888888889,360
A411,12,20.6,12.696398891966759,361
A412,1,23.5,11.371266540642722,529
A412,2,24.4,11.128230616302186,503
A412,3,21.3,10.582439926062847,541
A412,4,17.0,9.425490196078432,510
A412,5,17.4,8.843050193050193,518
A412,6,17.7,9.330020283975658,493
A412,7,17.3,9.841434262948207,502
A412,8,17.2,10.355535390199636,551
A412,9,16.9,10.961121856866537,517
A412,10,21.2,11.757394366197182,568
A412,11,21.4,11.187403100775194,516
A412,12,24.3,10.697020484171322,537
A413,1,19.8,10.121052631578948,494
A413,2,24.6,10.234615384615385,442
A413,3,17.1,9.834743875278397,449
A413,4,17.6,9.051801801801801,444
A413,5,12.6,8.543892339544513,483
A413,6,13.5,8.593413173652696,501
A413,7,14.6,8.965587044534413,494
A413,8,14.8,9.227196652719666,478
A413,9,16.6,9.4948310139165,503
A413,10,14.7,9.847216890595009,521
A413,11,15.7,9.78394584139265,517
A413,12,22.3,9.746564885496182,524
A414,1,19.7,8.869781312127236,503
A414,2,15.2,8.808597285067874,442
A414,3,15.8,8.675353535353535,495
A414,4,16.3,8.414902807775377,463
A414,5,14.5,8.169491525423728,472
A414,6,14.1,8.571280991735538,484
A414,7,13.9,9.0833984375,512
A414,8,18.0,9.445540796963947,527
A414,9,14.7,9.884509803921569,510
A414,10,17.4,9.848780487804877,533
A414,11,17.8,9.1492277992278,518
A414,12,23.7,8.950187969924812,532
A415,1,18.8,8.26919540229885,435
A415,2,18.6,8.216625916870415,409
A415,3,16.9,7.793478260869565,460
A415,4,13.6,7.187261146496815,471
A415,5,14.9,7.3619658119658125,468
A415,6,14.1,8.111666666666666,480
A415,7,16.0,8.673939393939394,495
A415,8,17.8,8.837499999999999,496
A415,9,20.5,9.312323232323234,495
A415,10,21.7,9.40607843137255,510
A415,11,21.3,8.752359550561799,445
A415,12,20.6,8.610138248847926,434
A416,1,21.8,8.165977443609023,532
A416,2,19.9,7.873491379310345,464
A416,3,23.6,7.679429735234216,491
A416,4,21.7,6.983549783549784,462
A416,5,15.8,6.9351239669421485,484
A416,6,18.1,7.489261744966442,447
A416,7,25.0,8.859471365638766,454
A416,8,24.9,9.238947368421053,475
A416,9,24.8,8.674327122153208,483
A416,10,18.7,8.771590909090909,528
A416,11,21.9,8.473684210526315,532
A416,12,18.0,8.248745519713262,558
A417,1,21.7,10.332490974729241,554
A417,2,15.9,10.107326732673267,505
A417,3,18.0,9.843691148775894,531
A417,4,14.8,9.007438016528926,484
A417,5,14.6,8.780576923076922,520
A417,6,14.3,9.119887429643526,533
A417,7,15.2,9.389733840304183,526
A417,8,24.5,9.61100569259962,527
A417,9,14.8,9.871960784313725,510
A417,10,16.7,10.232539682539683,504
A417,11,16.4,10.58921568627451,510
A417,12,18.1,10.504684684684685,555
A418,1,16.1,8.158741258741259,429
A418,2,18.7,8.137283950617284,405
A418,3,18.0,7.594577006507592,461
A418,4,16.3,7.213507109004739,422
A418,5,17.9,7.128842105263158,475
A418,6,15.5,7.68875,480
A418,7,19.8,8.128571428571428,469
A418,8,15.8,8.638696537678209,491
A418,9,18.0,8.621681415929203,452
A418,10,20.7,8.95439672801636,489
A418,11,19.2,8.319517543859648,456
A418,12,17.5,8.251050420168067,476
A419,1,18.8,11.610752688172042,372
A419,2,20.4,11.751524390243903,328
A419,3,20.4,11.563746223564955,331
A419,4,19.3,10.661309523809523,336
A419,5,22.1,9.94922600619195,323
A419,6,20.0,9.621296296296297,324
A419,7,15.7,9.754545454545454,330
A419,8,16.4,10.046646341463415,328
A419,9,18.2,11.06578947368421,342
A419,10,16.6,11.560483870967742,372
A419,11,16.8,11.986312849162012,358
A419,12,19.3,11.816397849462366,372
A420,1,21.7,11.091452991452991,351
A420,2,22.2,11.38501628664495,307
A420,3,23.0,11.155431754874652,359
A420,4,18.4,10.42994652406417,374
A420,5,16.7,9.907537688442211,398
A420,6,15.5,9.772820512820513,390
A420,7,16.8,10.039473684210526,380
A420,8,15.4,10.019270833333334,384
A420,9,17.9,10.73688524590164,366
A420,10,17.5,11.104545454545454,396
A420,11,19.3,11.62846153846154,390
A420,12,24.7,11.184426229508198,366
A421,1,13.6,9.340198511166253,403
A421,2,13.2,8.811413043478261,368
A421,3,15.9,8.590909090909092,418
A421,4,14.2,7.841309823677582,397
A421,5,11.9,7.19010152284264,394
A421,6,12.8,7.657734806629834,362
A421,7,18.7,7.970223325062035,403
A421,8,15.0,8.2250569476082,439
A421,9,12.7,8.804736842105264,380
A421,10,12.9,9.296774193548387,403
A421,11,13.8,9.909456264775413,423
A421,12,14.7,9.77153110047847,418
A422,1,22.5,10.83603896103896,308
A422,2,21.9,10.581090909090909,275
A422,3,22.6,10.870169491525424,295
A422,4,23.9,11.251807228915663,249
A422,5,24.7,11.744748858447489,219
A422,6,22.0,11.107692307692307,182
A422,7,24.0,11.80983606557377,244
A422,8,23.7,11.789964157706093,279
A422,9,23.4,12.704615384615384,260
A422,10,24.4,12.893195266272189,338
A422,11,23.1,12.772459016393443,305
A422,12,24.2,12.03954248366013,306
A423,1,23.2,10.272200772200772,518
A423,2,22.3,10.169911504424778,452
A423,3,18.7,9.451696606786427,501
A423,4,17.4,8.862156862745097,510
A423,5,24.7,9.266982922201139,527
A423,6,14.3,9.50686274509804,510
A423,7,24.1,10.078834951456312,515
A423,8,14.2,10.427855711422845,499
A423,9,16.9,11.224696356275304,494
A423,10,19.6,11.576923076923077,520
A423,11,21.8,11.065686274509805,510
A423,12,21.8,10.642692307692307,520
A424,1,20.4,9.569259962049335,527
A424,2,20.9,9.867083333333333,480
A424,3,19.2,9.513282732447818,527
A424,4,17.0,9.390723562152134,539
A424,5,14.6,9.774910394265232,558
A424,6,20.7,10.634404536862004,529
A424,7,18.4,11.072939068100357,558
A424,8,16.2,11.126344086021506,558
A424,9,18.6,11.217592592592593,540
A424,10,19.6,11.069003690036899,542
A424,11,19.9,9.987058823529411,510
A424,12,22.3,10.008349146110056,527
A425,1,17.7,7.433826638477801,473
A425,2,17.0,7.263875598086125,418
A425,3,15.4,7.151982378854625,454
A425,4,17.5,6.470370370370371,459
A425,5,12.4,6.072097759674135,491
A425,6,12.1,6.517291666666667,480
A425,7,12.1,6.937096774193549,496
A425,8,16.4,7.196572580645161,496
A425,9,11.7,7.276252723311547,459
A425,10,22.8,7.690384615384615,468
A425,11,16.5,7.097555555555556,450
A425,12,18.5,7.512525252525252,495
A426,1,19.6,10.785319148936171,470
A426,2,22.5,11.164402810304448,427
A426,3,23.5,10.970824949698189,497
A426,4,21.5,10.609812108559499,479
A426,5,17.6,11.047457627118643,531
A426,6,18.7,11.710185185185185,540
A426,7,20.7,12.46947935368043,557
A426,8,20.4,13.30252427184466,515
A426,9,20.9,13.714374999999999,480
A426,10,20.8,13.364327485380116,513
A426,11,23.1,11.49153674832962,449
A426,12,20.0,10.526337448559671,486
A427,1,13.1,8.67911227154047,383
A427,2,16.9,8.276216216216216,370
A427,3,15.8,7.921445221445222,429
A427,4,13.2,7.2517499999999995,400
A427,5,16.6,6.719318181818182,440
A427,6,13.7,6.73710843373494,415
A427,7,20.2,7.243296703296703,455
A427,8,23.8,7.4816742081447964,442
A427,9,12.6,8.214841849148419,411
A427,10,18.5,8.54524886877828,442
A427,11,23.2,8.596487119437938,427
A427,12,15.9,8.77632850241546,414
A428,1,19.6,10.11380846325167,449
A428,2,19.9,10.551551312649165,419
A428,3,18.8,9.8352,500
A428,4,16.0,9.052352941176471,510
A428,5,15.8,9.203976143141153,503
A428,6,16.5,9.488208616780046,441
A428,7,16.4,10.025055432372506,451
A428,8,23.8,10.335381355932205,472
A428,9,15.8,10.743736730360935,471
A428,10,20.1,10.628969957081546,466
A428,11,19.3,9.949419953596287,431
A428,12,18.2,10.029741379310344,464
A429,1,20.8,8.899319727891156,441
A429,2,18.4,8.664303797468355,395
A429,3,20.7,7.8757700205338805,487
A429,4,17.1,7.431376518218623,494
A429,5,14.6,7.369047619047619,546
A429,6,17.3,7.949074074074074,540
A429,7,15.2,8.577240143369176,558
A429,8,17.6,9.024590163934427,549
A429,9,16.4,9.814615384615385,520
A429,10,20.2,10.257480314960631,508
A429,11,26.6,9.342083333333333,480
A429,12,24.4,8.966666666666667,498
A430,1,17.9,10.490322580645161,496
A430,2,17.0,10.363716814159291,452
A430,3,19.6,10.04375,496
A430,4,18.2,9.805833333333334,480
A430,5,17.7,9.376481835564054,523
A430,6,21.5,10.39921568627451,510
A430,7,19.1,11.15977229601518,527
A430,8,20.5,11.304554079696395,527
A430,9,19.3,11.176666666666668,510
A430,10,18.4,10.841366223908917,527
A430,11,20.7,9.704878048780488,492
A430,12,21.1,10.082555780933063,493
A431,1,16.5,9.551515151515153,429
A431,2,16.2,9.021091811414392,403
A431,3,19.2,9.22663656884876,443
A431,4,16.8,8.64079254079254,429
A431,5,15.7,8.869032258064516,465
A431,6,17.3,9.252914798206278,446
A431,7,17.9,9.51243654822335,394
A431,8,17.2,9.398481012658229,395
A431,9,15.5,9.499238578680202,394
A431,10,16.2,9.796629213483145,445
A431,11,15.5,10.25756880733945,436
A431,12,15.2,9.809153318077804,437
A432,1,24.4,9.460773480662985,362
A432,2,22.1,9.249584487534626,361
A432,3,16.0,8.301647058823528,425
A432,4,16.6,7.70952380952381,441
A432,5,16.1,8.542660550458715,436
A432,6,24.9,9.666203703703705,432
A432,7,20.1,10.261946902654866,452
A432,8,19.4,10.698617511520737,434
A432,9,24.2,11.062216624685139,397
A432,10,22.5,10.971111111111112,405
A432,11,21.0,9.906561679790027,381
A432,12,20.0,9.611944444444445,360
A433,1,21.0,9.029411764705882,527
A433,2,18.3,9.031666666666666,480
A433,3,22.0,8.879127134724857,527
A433,4,19.5,7.916699410609037,509
A433,5,15.5,7.567266187050359,556
A433,6,12.7,7.9255555555555555,540
A433,7,16.9,8.603411131059246,557
A433,8,16.9,9.372563176895307,554
A433,9,19.8,10.035,540
A433,10,20.6,10.176979742173113,543
A433,11,24.8,9.20862745098039,510
A433,12,19.7,9.11650853889943,527
A434,1,17.7,9.7625,496
A434,2,16.9,9.866050808314087,433
A434,3,13.4,9.390534979423869,486
A434,4,15.9,9.143283582089552,469
A434,5,15.6,8.955513307984791,526
A434,6,16.2,9.167588932806325,506
A434,7,15.9,9.602879078694817,521
A434,8,16.1,9.56588868940754,557
A434,9,16.0,9.473694029850746,536
A434,10,16.4,9.524493554327808,543
A434,11,21.7,9.354313725490195,510
A434,12,18.1,9.3740234375,512
A435,1,24.6,11.438978494623656,372
A435,2,22.5,11.568452380952381,336
A435,3,17.7,10.88426966292135,356
A435,4,19.4,10.34060773480663,362
A435,5,15.7,10.308115183246073,382
A435,6,16.1,10.923224043715848,366
A435,7,16.7,11.48163771712159,403
A435,8,17.2,11.654114713216957,401
A435,9,19.3,12.006878306878308,378
A435,10,18.6,11.977667493796526,403
A435,11,17.9,11.474358974358974,390
A435,12,23.8,11.281218274111676,394
A436,1,23.3,12.045054945054945,455
A436,2,22.4,12.026600985221675,406
A436,3,24.4,11.622391304347827,460
A436,4,17.5,10.360888888888889,450
A436,5,19.6,9.66223628691983,474
A436,6,15.4,9.864536082474228,485
A436,7,20.2,10.466202783300199,503
A436,8,18.5,10.90678642714571,501
A436,9,22.7,11.791507430997877,471
A436,10,16.5,12.296382978723404,470
A436,11,19.2,11.92304347826087,460
A436,12,21.3,11.453684210526315,475
A437,1,14.8,8.090524193548386,496
A437,2,11.6,7.635176991150442,452
A437,3,14.3,7.300403225806452,496
A437,4,14.3,7.153958333333334,480
A437,5,13.9,7.077016129032257,496
A437,6,13.2,6.926778242677824,478
A437,7,14.3,7.213492063492064,504
A437,8,15.6,7.526857142857143,525
A437,9,12.8,7.85103448275862,435
A437,10,13.1,8.230309734513273,452
A437,11,15.1,8.346458333333334,480
A437,12,17.0,8.532186234817813,494
A438,1,16.5,8.446803652968036,438
A438,2,13.6,8.311822660098523,406
A438,3,14.1,8.04186046511628,430
A438,4,24.9,8.084123222748815,422
A438,5,15.0,8.131026785714285,448
A438,6,16.2,8.272972972972973,407
A438,7,15.3,8.714180929095354,409
A438,8,14.5,8.711138613861387,404
A438,9,16.2,8.578947368421053,361
A438,10,15.0,8.62789598108747,423
A438,11,14.0,8.58997668997669,429
A438,12,17.5,8.50275229357798,436
A439,1,21.5,9.024461839530332,511
A439,2,23.4,8.844343891402714,442
A439,3,21.6,8.212333965844401,527
A439,4,19.0,7.790196078431372,510
A439,5,16.7,7.988545454545454,550
A439,6,20.0,9.234586466165414,532
A439,7,18.0,10.268817204301076,558
A439,8,18.8,10.849818181818181,550
A439,9,18.6,11.252479338842974,484
A439,10,22.2,10.924513618677043,514
A439,11,24.4,9.7104,500
A439,12,24.5,9.260469667318983,511
A440,1,23.9,8.837965260545905,403
A440,2,16.4,8.66711956521739,368
A440,3,15.3,8.240049751243781,402
A440,4,18.7,7.579487179487179,390
A440,5,13.8,7.279156327543424,403
A440,6,17.6,8.036898395721925,374
A440,7,17.1,8.50796915167095,389
A440,8,14.0,8.732048192771085,415
A440,9,17.0,9.42179176755448,413
A440,10,22.9,9.75,434
A440,11,22.5,8.946506024096387,415
A440,12,17.3,8.925558312655086,403
A441,1,21.6,10.418388429752065,484
A441,2,18.3,10.40409090909091,440
A441,3,16.3,10.186021505376344,465
A441,4,17.6,9.528636363636364,440
A441,5,15.0,9.021182266009852,406
A441,6,14.4,9.08924205378973,409
A441,7,18.9,9.306637168141593,452
A441,8,16.5,9.531749999999999,400
A441,9,22.3,10.017369727047146,403
A441,10,16.0,10.357847533632288,446
A441,11,14.9,10.440898345153665,423
A441,12,21.1,10.360167714884696,477
A442,1,18.7,10.582812500000001,448
A442,2,25.0,10.75475,400
A442,3,18.3,10.228805620608899,427
A442,4,16.6,9.66974595842956,433
A442,5,15.1,9.193777777777777,450
A442,6,18.8,9.19234135667396,457
A442,7,17.3,9.3652977412731,487
A442,8,15.0,9.723517786561265,506
A442,9,23.5,10.41169102296451,479
A442,10,21.5,10.666868686868687,495
A442,11,23.6,10.387139689578715,451
A442,12,21.9,10.475782881002086,479
A443,1,21.5,9.842626728110599,434
A443,2,22.2,10.018434343434343,396
A443,3,24.3,9.533806146572104,423
A443,4,17.5,9.055754475703326,391
A443,5,16.0,9.146753246753248,462
A443,6,15.8,9.954054054054055,444
A443,7,16.4,10.44322033898305,472
A443,8,19.9,10.727911646586346,498
A443,9,17.6,10.91633466135458,502
A443,10,18.0,10.758419958419958,481
A443,11,17.1,10.158888888888889,450
A443,12,19.8,10.013822894168467,463
A444,1,13.6,8.232903225806451,465
A444,2,20.2,8.095035460992907,423
A444,3,18.7,7.875909090909091,440
A444,4,13.6,7.232307692307692,390
A444,5,12.8,6.909067357512954,386
A444,6,15.1,7.15849582172702,359
A444,7,12.4,7.582558139534884,430
A444,8,13.3,7.762870159453303,439
A444,9,12.3,7.996850393700788,381
A444,10,16.1,8.05024630541872,406
A444,11,13.0,8.05035799522673,419
A444,12,14.5,8.144372294372294,462
A445,1,14.1,8.96774193548387,341
A445,2,14.5,8.756591639871383,311
A445,3,16.2,8.495894428152493,341
A445,4,14.2,7.655757575757576,330
A445,5,12.6,6.9639296187683275,341
A445,6,14.9,7.3770392749244715,331
A445,7,16.0,7.45241935483871,372
A445,8,15.0,7.458381502890173,346
A445,9,14.4,8.115743440233235,343
A445,10,18.5,8.395967741935484,372
A445,11,24.5,8.085352112676057,355
A445,12,16.8,8.459530791788856,341
A446,1,18.9,10.3296875,448
A446,2,16.7,10.216666666666667,414
A446,3,23.9,9.636104513064133,421
A446,4,15.6,8.17027027027027,407
A446,5,16.8,7.319575471698113,424
A446,6,19.1,7.699529411764706,425
A446,7,24.9,8.01551724137931,464
A446,8,25.9,8.61528384279476,458
A446,9,16.2,9.460592255125285,439
A446,10,20.5,10.027056277056277,462
A446,11,21.7,9.834888888888889,450
A446,12,20.8,9.903253796095443,461
A447,1,15.6,8.640449438202246,445
A447,2,13.8,8.252020202020203,396
A447,3,11.6,7.848251748251749,429
A447,4,19.1,7.689761904761904,420
A447,5,15.9,7.356341463414634,410
A447,6,21.0,7.197044334975369,406
A447,7,17.8,7.528110599078341,434
A447,8,14.2,7.503464203233256,433
A447,9,14.5,8.281546134663342,401
A447,10,22.8,8.767037861915368,449
A447,11,14.6,8.631190476190476,420
A447,12,17.0,8.744266055045872,436
A448,1,19.8,9.97687074829932,294
A448,2,17.3,9.587279151943463,283
A448,3,17.7,9.394838709677419,310
A448,4,20.6,9.330405405405406,296
A448,5,15.2,9.690584415584414,308
A448,6,14.9,10.233333333333333,300
A448,7,16.2,10.73483870967742,310
A448,8,19.6,10.906521739130435,322
A448,9,19.1,11.261818181818182,330
A448,10,16.9,11.174539877300614,326
A448,11,16.2,10.312333333333333,300
A448,12,19.7,10.176702508960574,279
A449,1,17.8,9.308849557522125,113
A449,2,19.3,8.833333333333334,96
A449,3,15.0,7.75360824742268,97
A449,4,12.6,7.906382978723404,94
A449,5,17.3,8.905185185185186,135
A449,6,14.3,9.719736842105263,152
A449,7,15.0,10.074561403508772,114
A449,8,15.2,9.755913978494624,93
A449,9,15.0,9.93611111111111,108
A449,10,16.3,9.804065040650407,123
A449,11,14.4,9.835833333333333,120
A449,12,15.0,9.590909090909092,99
A450,1,16.5,10.711153846153847,260
A450,2,21.0,10.864,225
A450,3,21.5,10.643693693693693,222
A450,4,14.0,9.423849372384938,239
A450,5,13.9,8.911290322580646,248
A450,6,16.0,8.957500000000001,240
A450,7,14.9,8.93991935483871,248
A450,8,16.2,9.456106870229007,262
A450,9,16.7,10.102054794520548,292
A450,10,17.0,10.61372549019608,306
A450,11,14.8,10.6989010989011,273
A450,12,21.0,10.745878136200716,279
A451,1,15.8,11.032978723404254,94
A451,2,21.6,10.758823529411766,85
A451,3,17.4,10.187096774193549,93
A451,4,14.0,9.372857142857143,70
A451,5,12.8,8.987096774193548,93
A451,6,13.3,9.684444444444445,90
A451,7,13.3,9.936559139784947,93
A451,8,13.2,9.535483870967742,93
A451,9,14.4,10.681111111111111,90
A451,10,13.5,10.698924731182796,93
A451,11,13.9,11.016666666666667,90
A451,12,14.4,10.725806451612904,93
A452,1,13.0,7.5046082949308754,217
A452,2,14.2,7.177297297297297,185
A452,3,17.0,6.985051546391752,194
A452,4,11.8,6.517222222222221,180
A452,5,14.0,6.861621621621622,185
A452,6,11.8,7.851442307692308,208
A452,7,13.4,8.686938775510205,245
A452,8,19.9,8.896774193548387,248
A452,9,16.5,8.907894736842104,266
A452,10,13.6,8.740143369175627,279
A452,11,15.4,8.184269662921348,267
A452,12,20.2,8.01694214876033,242
A453,1,15.4,10.766176470588235,136
A453,2,16.1,10.845555555555556,90
A453,3,14.2,10.52674418604651,86
A453,4,15.7,10.095804195804195,143
A453,5,14.5,9.548550724637682,138
A453,6,13.5,9.913675213675214,117
A453,7,14.5,9.606741573033707,89
A453,8,13.9,10.158064516129032,93
A453,9,13.6,10.727586206896552,87
A453,10,13.5,10.95934065934066,91
A453,11,13.1,11.172972972972973,111
A453,12,16.3,11.036029411764707,136
A454,1,21.3,10.10909090909091,77
A454,2,19.4,9.644444444444444,63
A454,3,18.5,9.05483870967742,62
A454,4,13.9,8.586666666666668,60
A454,5,13.0,9.20483870967742,62
A454,6,16.5,9.356818181818182,88
A454,7,15.6,9.63763440860215,93
A454,8,13.0,9.36021505376344,93
A454,9,18.3,10.037777777777778,90
A454,10,16.5,10.279569892473118,93
A454,11,18.9,9.613333333333333,90
A454,12,17.3,9.465591397849462,93
A455,1,22.9,9.467045454545454,176
A455,2,13.4,8.924626865671643,134
A455,3,17.0,8.730645161290322,124
A455,4,14.5,7.721774193548387,124
A455,5,13.5,7.279230769230769,130
A455,6,13.5,7.368306010928962,183
A455,7,14.3,7.603191489361703,188
A455,8,13.4,8.061621621621622,185
A455,9,16.4,8.800546448087431,183
A455,10,20.7,9.354106280193237,207
A455,11,23.8,9.484444444444446,180
A455,12,16.4,9.47258064516129,186
A456,1,13.5,8.249404761904762,168
A456,2,11.4,8.109395973154362,149
A456,3,13.0,8.025641025641026,156
A456,4,15.9,7.4418750000000005,160
A456,5,11.2,7.661946902654867,113
A456,6,12.3,7.288333333333333,120
A456,7,13.0,7.718367346938775,147
A456,8,14.5,7.792258064516129,155
A456,9,12.0,7.963934426229509,122
A456,10,11.9,8.257664233576643,137
A456,11,13.5,8.777397260273972,146
A456,12,17.6,8.394303797468353,158
A458,1,20.5,10.967592592592593,216
A458,2,20.5,11.21868686868687,198
A458,3,40.1,10.991244239631335,217
A458,4,14.9,9.777619047619048,210
A458,5,14.4,9.296774193548387,217
A458,6,15.6,9.536190476190475,210
A458,7,16.5,9.664583333333333,192
A458,8,17.7,10.388172043010753,186
A458,9,16.8,10.848648648648648,185
A458,10,17.5,11.549504950495049,202
A458,11,29.6,11.447120418848169,191
A458,12,16.2,11.181105990783411,217
A501,1,13.2,8.55529411764706,170
A501,2,17.8,8.660130718954248,153
A501,3,16.5,8.217197452229298,157
A501,4,19.5,7.85952380952381,168
A501,5,12.9,7.409142857142856,175
A501,6,12.6,7.565644171779141,163
A501,7,11.6,7.807482993197279,147
A501,8,14.5,8.770779220779222,154
A501,9,16.7,9.717333333333332,150
A501,10,18.9,9.340909090909092,154
A501,11,20.8,9.263742690058479,171
A501,12,21.6,8.947647058823529,170
A502,1,21.9,9.38178368121442,527
A502,2,24.3,8.84,485
A502,3,20.6,8.822201138519924,527
A502,4,20.8,8.281262327416174,507
A502,5,24.3,8.13452157598499,533
A502,6,18.2,7.769126213592233,515
A502,7,19.5,7.934408602150537,558
A502,8,21.1,8.586238532110091,545
A502,9,23.6,9.17719298245614,513
A502,10,24.9,9.874645030425963,493
A502,11,23.7,10.269930069930071,429
A502,12,21.0,9.847755102040816,490
A503,1,24.8,8.118918918918919,74
A503,2,16.3,7.084615384615384,65
A503,3,25.0,8.403225806451612,93
A503,4,24.6,7.149473684210527,95
A503,5,24.7,8.150847457627119,118
A503,6,25.0,8.514999999999999,120
A503,7,24.6,7.881818181818182,154
A503,8,24.4,8.737810945273631,201
A503,9,24.0,8.4992700729927,137
A503,10,24.6,8.391428571428571,105
A503,11,24.9,8.315463917525774,97
A503,12,25.0,7.241284403669725,109
A504,3,11.5,7.009090909090909,11
A504,4,12.2,7.020930232558139,43
A504,5,20.5,7.903333333333333,60
A504,6,14.0,6.640677966101695,59
A504,7,13.1,7.756451612903225,62
A504,8,14.6,7.843396226415094,53
A504,9,14.0,8.553333333333335,30
A504,10,18.8,9.848387096774195,31
A504,11,14.5,10.05,16
A505,1,25.0,9.863436123348018,681
A505,2,24.1,9.675444264943458,619
A505,3,17.8,9.278739002932552,682
A505,4,17.8,8.445317220543807,662
A505,5,18.8,7.973768115942028,690
A505,6,22.5,8.161060606060607,660
A505,7,15.5,8.70674486803519,682
A505,8,18.7,9.25542521994135,682
A505,9,21.4,9.939762611275963,674
A505,10,23.1,10.151146131805158,698
A505,11,23.2,9.950306748466259,652
A505,12,22.9,10.04395924308588,687
A506,1,21.8,8.60234375,640
A506,2,20.5,8.499155405405405,592
A506,3,19.6,7.943589743589744,663
A506,4,24.6,7.364545454545455,660
A506,5,17.2,6.91892697466468,671
A506,6,16.2,7.407132243684993,673
A506,7,17.1,8.152875175315568,713
A506,8,20.5,8.84796633941094,713
A506,9,22.1,9.452753623188405,690
A506,10,21.9,9.516355810616929,697
A506,11,20.0,8.696217105263159,608
A506,12,20.4,8.59862385321101,654
A507,1,21.2,9.335869565217392,644
A507,2,22.4,9.123865546218488,595
A507,3,19.0,8.753706505295007,661
A507,4,16.2,8.209253246753246,616
A507,5,17.7,7.864976958525347,651
A507,6,21.0,8.071060606060605,660
A507,7,16.1,8.580791788856306,682
A507,8,17.1,9.325219941348974,682
A507,9,16.4,9.849242424242425,660
A507,10,19.9,9.945085803432137,641
A507,11,22.4,9.582491582491583,594
A507,12,23.0,9.531231231231232,666
A508,1,21.1,9.338032305433186,681
A508,2,23.8,9.321001615508886,619
A508,3,19.2,8.895014662756598,682
A508,4,22.4,7.554090909090909,660
A508,5,13.5,6.374962742175858,671
A508,6,13.7,6.710076335877863,655
A508,7,17.9,7.337367624810892,661
A508,8,16.0,8.050476190476191,630
A508,9,19.5,9.176545166402535,631
A508,10,20.2,9.747049924357036,661
A508,11,18.9,8.913996889580092,643
A508,12,18.5,9.094814814814814,675
A509,1,18.8,8.930333333333333,600
A509,2,15.6,8.506133828996283,538
A509,3,17.4,8.203624382207579,607
A509,4,22.2,7.8828014184397155,564
A509,5,18.3,7.650261780104713,573
A509,6,23.5,7.549539594843462,543
A509,7,23.8,7.697916666666667,576
A509,8,19.2,8.117562724014338,558
A509,9,22.6,8.811851851851852,540
A509,10,19.1,9.296947935368042,557
A509,11,20.9,9.23728813559322,531
A509,12,18.3,9.189137931034482,580
A510,1,21.4,7.744554455445544,606
A510,2,19.3,7.439779005524862,543
A510,3,17.3,6.466220735785954,598
A510,4,15.0,5.8693333333333335,600
A510,5,16.1,5.834853420195439,614
A510,6,15.8,6.052587646076795,599
A510,7,14.8,6.339186991869918,615
A510,8,13.3,6.902903225806452,620
A510,9,20.4,7.725162337662337,616
A510,10,22.9,7.573584905660377,636
A510,11,20.3,7.335374149659864,588
A510,12,21.1,7.662006578947368,608
A511,1,15.0,7.082035928143712,501
A511,2,14.1,6.8927592954990216,511
A511,3,18.4,6.335678391959799,597
A511,4,13.4,5.718458781362007,558
A511,5,13.6,5.353012048192771,581
A511,6,16.0,5.399417475728155,515
A511,7,11.3,6.001834862385321,545
A511,8,17.5,7.033333333333333,558
A511,9,15.3,7.625925925925926,540
A511,10,15.5,7.629944547134936,541
A511,11,15.1,7.062181818181818,550
A511,12,16.4,6.999074074074074,540
A512,1,24.6,9.489803220035778,559
A512,2,23.6,8.999576271186442,472
A512,3,23.5,8.804814814814815,540
A512,4,19.9,8.114003944773176,507
A512,5,22.1,7.695948434622467,543
A512,6,19.6,8.241785714285713,560
A512,7,15.5,9.17226148409894,566
A512,8,32.4,10.14605734767025,558
A512,9,21.3,10.96563071297989,547
A512,10,23.8,10.826003490401396,573
A512,11,24.4,10.227374301675978,537
A512,12,33.9,9.602047781569967,586
A513,1,22.6,9.871936056838365,563
A513,2,24.6,9.481299212598426,508
A513,3,21.2,8.745338208409507,547
A513,4,17.4,7.870912547528518,526
A513,5,16.1,7.66875,560
A513,6,18.4,7.625263157894736,570
A513,7,19.7,8.186172006745362,593
A513,8,24.6,8.771612903225806,620
A513,9,22.1,9.376000000000001,600
A513,10,23.4,9.666611570247934,605
A513,11,20.9,9.713143872113676,563
A513,12,23.7,10.048726655348048,589
A514,1,27.1,11.09812382739212,533
A514,2,27.0,10.631300813008131,492
A514,3,35.3,10.079687499999999,576
A514,4,26.7,9.05618374558304,566
A514,5,22.1,8.352405498281788,582
A514,6,26.4,8.32679180887372,586
A514,7,20.4,8.695806451612903,620
A514,8,22.6,9.476612903225806,620
A514,9,27.4,10.4115,600
A514,10,27.1,11.085454545454546,605
A514,11,26.3,11.248324514991182,567
A514,12,25.7,11.498269896193772,578
A515,1,23.6,9.480884955752211,565
A515,2,22.0,9.170152091254753,526
A515,3,21.4,8.519524617996604,589
A515,4,16.8,7.642982456140351,570
A515,5,16.2,7.155714285714286,560
A515,6,21.0,7.145964912280702,570
A515,7,19.3,7.71528013582343,589
A515,8,21.6,8.615110356536503,589
A515,9,20.7,9.437983193277311,595
A515,10,18.8,9.460661157024793,605
A515,11,20.9,9.400705467372134,567
A515,12,19.0,9.487609075043629,573
A516,1,23.9,9.652104208416834,499
A516,2,20.0,9.132251082251083,462
A516,3,24.3,8.620196078431373,510
A516,4,21.0,7.803777335984096,503
A516,5,18.7,7.209158878504673,535
A516,6,23.0,7.287449392712551,494
A516,7,18.5,7.966238532110093,545
A516,8,21.0,8.828446771378708,573
A516,9,24.4,9.40175746924429,569
A516,10,24.3,9.790257352941175,544
A516,11,24.5,9.978149606299212,508
A516,12,25.0,9.505,520
A517,1,22.0,8.767590987868283,577
A517,2,21.0,8.973946360153256,522
A517,3,21.5,8.124956063268893,569
A517,4,23.3,7.19040590405904,542
A517,5,17.0,6.115951972555746,583
A517,6,16.6,6.042321428571428,560
A517,7,22.7,6.759862778730703,583
A517,8,22.3,7.9519366197183095,568
A517,9,24.0,8.866104553119731,593
A517,10,22.5,9.589429530201343,596
A517,11,23.9,9.402659574468085,564
A517,12,25.0,9.371307300509338,589
A518,1,27.4,10.554074074074073,540
A518,2,27.6,10.050595238095237,504
A518,3,24.3,9.609272727272728,550
A518,4,27.4,8.655740740740741,540
A518,5,25.8,8.237722419928826,562
A518,6,24.8,8.265438596491228,570
A518,7,23.1,8.450424448217317,589
A518,8,18.7,9.354159592529712,589
A518,9,25.9,10.126010544815465,569
A518,10,25.9,10.66759581881533,574
A518,11,24.3,10.781378026070763,537
A518,12,27.4,10.871326164874551,558
A519,1,24.8,9.858064516129032,589
A519,2,24.1,9.692364990689013,537
A519,3,24.5,8.627179487179486,585
A519,4,17.3,7.770350877192983,570
A519,5,16.8,7.55483870967742,589
A519,6,18.3,8.07140350877193,570
A519,7,19.3,8.785862068965518,580
A519,8,18.5,9.676151315789474,608
A519,9,23.2,10.265500000000001,600
A519,10,24.3,10.168708609271523,604
A519,11,23.4,9.875485008818341,567
A519,12,24.3,10.0893039049236,589
A520,1,21.8,10.479928315412186,558
A520,2,24.5,10.235952848722986,509
A520,3,22.7,9.067724867724866,567
A520,4,21.5,8.120210896309313,569
A520,5,22.7,7.727979274611399,579
A520,6,23.4,8.042456140350877,570
A520,7,17.5,8.770646766169154,603
A520,8,21.1,10.008496732026144,612
A520,9,23.4,11.220689655172414,580
A520,10,23.8,11.372892561983472,605
A520,11,25.4,11.135626102292768,567
A520,12,24.1,10.93922942206655,571
A521,1,20.5,9.11528013582343,589
A521,2,25.0,9.064804469273744,537
A521,3,19.8,8.46095076400679,589
A521,4,18.8,7.905614035087719,570
A521,5,15.0,7.43565365025467,589
A521,6,20.0,7.47438596491228,570
A521,7,14.1,7.893003412969284,586
A521,8,19.4,8.734804753820034,589
A521,9,24.2,9.436842105263159,570
A521,10,23.7,9.790338983050848,590
A521,11,18.2,9.277954144620812,567
A521,12,22.0,9.284327086882453,587
A522,1,20.9,10.306623931623932,468
A522,2,18.6,10.078982300884956,452
A522,3,20.8,9.383846153846154,520
A522,4,22.0,8.491528925619834,484
A522,5,22.1,7.61692607003891,514
A522,6,16.1,7.756666666666666,480
A522,7,15.8,8.358648111332007,503
A522,8,15.0,9.124767225325884,537
A522,9,16.7,10.014615384615386,520
A522,10,22.4,10.452761904761905,525
A522,11,22.8,10.264908722109535,493
A522,12,20.4,9.965199161425575,477
A523,1,20.7,9.017818181818182,550
A523,2,22.2,8.839607843137255,510
A523,3,21.1,8.193548387096774,558
A523,4,15.8,7.623847695390782,499
A523,5,20.6,7.175046210720887,541
A523,6,20.1,7.3985790408525745,563
A523,7,14.6,7.9831918505942285,589
A523,8,19.6,8.743405676126878,599
A523,9,18.8,9.373333333333333,600
A523,10,22.2,9.555044247787611,565
A523,11,20.0,9.350371747211897,538
A523,12,20.7,9.196942446043165,556
A524,1,21.0,9.800682593856655,586
A524,2,23.1,9.41501976284585,506
A524,3,20.4,8.479789103690685,569
A524,4,16.3,7.689473684210526,570
A524,5,16.5,7.2218914185639225,571
A524,6,20.3,7.442477876106195,565
A524,7,18.9,7.890831918505942,589
A524,8,21.3,8.580168067226891,595
A524,9,20.5,9.402920962199312,582
A524,10,24.2,9.577003484320556,574
A524,11,20.5,9.505017921146953,558
A524,12,20.7,9.631918505942275,589
A525,1,23.4,9.935483870967742,558
A525,2,21.8,9.707939508506616,529
A525,3,21.0,9.324617996604413,589
A525,4,20.1,8.780350877192983,570
A525,5,18.3,8.504116638078902,583
A525,6,19.6,8.714912280701755,570
A525,7,18.2,9.405263157894737,589
A525,8,18.6,10.141459369817579,603
A525,9,24.0,10.910833333333333,600
A525,10,21.1,10.862624584717608,602
A525,11,23.4,10.526277372262774,548
A525,12,23.8,10.360839160839161,572
A526,1,18.1,7.631046931407943,554
A526,2,16.5,7.2125,480
A526,3,24.7,6.922813688212928,526
A526,4,21.3,6.576553106212424,499
A526,5,13.7,6.4716049382716045,486
A526,6,18.2,7.3090180360721435,499
A526,7,15.8,8.265770609318997,558
A526,8,18.1,8.774193548387096,558
A526,9,19.4,8.957592592592594,540
A526,10,17.8,8.98978494623656,558
A526,11,18.0,8.154616895874263,509
A526,12,21.2,7.863736263736264,546
A527,1,24.2,8.918430034129692,586
A527,2,22.3,9.076954732510288,486
A527,3,20.2,8.280645161290321,527
A527,4,20.5,7.164952380952381,525
A527,5,15.3,6.356514084507042,568
A527,6,12.0,6.408687258687259,518
A527,7,13.6,7.03394495412844,545
A527,8,20.8,7.985144927536232,552
A527,9,15.5,8.645217391304348,575
A527,10,23.6,9.286655112651646,577
A527,11,20.5,8.88914590747331,562
A527,12,22.1,8.839388794567062,589
A528,1,21.4,9.430730050933786,589
A528,2,16.4,9.066231343283581,536
A528,3,18.1,8.519649122807017,570
A528,4,19.6,7.890000000000001,570
A528,5,13.7,7.468760611205433,589
A528,6,19.1,7.816366906474819,556
A528,7,16.1,8.486355475763016,557
A528,8,17.6,9.445652173913043,552
A528,9,23.4,9.936666666666666,570
A528,10,19.9,10.169023569023569,594
A528,11,21.4,9.707583774250441,567
A528,12,19.2,9.459762308998302,589
A529,1,22.8,11.426868686868687,495
A529,2,23.8,10.854323725055433,451
A529,3,23.8,10.49119373776908,511
A529,4,18.6,9.88622641509434,530
A529,5,17.1,9.502508960573476,558
A529,6,23.5,9.28212389380531,565
A529,7,22.1,9.77792869269949,589
A529,8,21.1,10.696081771720614,587
A529,9,24.4,11.603243243243243,555
A529,10,24.8,11.969713261648746,558
A529,11,24.2,11.798238747553816,511
A529,12,23.6,11.631643002028397,493
A530,1,18.5,8.022410865874363,589
A530,2,23.2,7.6187265917603,534
A530,3,20.3,7.270862068965518,580
A530,4,19.8,6.78373382624769,541
A530,5,17.1,6.607871198568874,559
A530,6,18.3,6.456610800744879,537
A530,7,16.3,7.051618705035971,556
A530,8,20.6,7.575000000000001,548
A530,9,21.0,8.078544776119404,536
A530,10,21.5,8.566845878136201,558
A530,11,21.2,8.132037037037037,540
A530,12,19.7,8.026485568760611,589
A531,1,15.4,6.859519725557461,583
A531,2,18.8,6.817977528089888,534
A531,3,18.1,6.335241502683363,559
A531,4,16.4,5.806981132075471,530
A531,5,14.1,5.658214285714285,560
A531,6,17.0,5.822557726465364,563
A531,7,15.9,6.039242685025818,581
A531,8,15.4,6.307179487179487,585
A531,9,22.4,7.06,570
A531,10,20.9,7.287762237762238,572
A531,11,17.6,7.198689138576779,534
A531,12,22.1,7.012969283276451,586
A532,1,25.1,8.855747126436782,522
A532,2,24.0,8.962869198312235,474
A532,3,28.7,8.282107355864811,503
A532,4,21.0,7.024024640657084,487
A532,5,20.4,6.498523985239852,542
A532,6,17.6,6.401929824561403,570
A532,7,14.4,7.210902896081772,587
A532,8,17.7,8.271307300509338,589
A532,9,15.9,9.067317939609236,563
A532,10,28.0,9.51298245614035,570
A532,11,25.6,9.457438016528926,484
A532,12,26.2,9.340380952380952,525
A533,1,24.3,8.922043010752688,558
A533,2,22.5,8.72121807465619,509
A533,3,22.5,8.111827956989247,558
A533,4,24.8,7.096111111111111,540
A533,5,16.0,6.542652329749104,558
A533,6,16.3,6.607029876977153,569
A533,7,15.0,7.184048027444254,583
A533,8,21.8,8.080034722222223,576
A533,9,19.1,8.517798165137615,545
A533,10,22.9,9.146594982078854,558
A533,11,23.8,8.976163873370577,537
A533,12,24.3,9.260752688172044,558
A534,1,24.2,11.635281385281385,462
A534,2,17.7,11.290953545232274,409
A534,3,21.3,10.589051094890511,411
A534,4,22.3,9.532075471698114,371
A534,5,24.0,8.731412103746399,347
A534,6,19.7,8.60688622754491,334
A534,7,20.5,9.444266666666666,375
A534,8,18.1,10.684974093264248,386
A534,9,17.1,12.01662198391421,373
A534,10,22.9,12.256521739130434,414
A534,11,24.9,11.651798561151079,417
A534,12,22.2,11.375675675675677,444
A535,1,20.1,7.355407969639469,527
A535,2,14.7,6.9557651991614255,477
A535,3,19.4,6.652561669829222,527
A535,4,20.1,6.1641176470588235,510
A535,5,16.4,5.740384615384615,520
A535,6,14.4,5.855876288659793,485
A535,7,12.3,6.444165170556553,557
A535,8,14.4,7.10740072202166,554
A535,9,18.6,7.243518518518519,540
A535,10,19.3,7.652854511970534,543
A535,11,20.8,7.401568627450981,510
A535,12,17.6,7.250474383301707,527
A536,1,25.0,10.334290843806103,557
A536,2,22.2,9.856777996070727,509
A536,3,24.8,9.093097014925373,536
A536,4,24.6,7.876966292134832,534
A536,5,21.4,7.185198555956679,554
A536,6,22.3,7.480817051509769,563
A536,7,16.7,8.042078364565587,587
A536,8,24.4,9.089241622574956,567
A536,9,24.6,9.761964285714285,560
A536,10,22.9,10.470479704797048,542
A536,11,23.8,10.316098484848483,528
A536,12,23.3,10.172939068100359,558
A537,1,22.0,9.947670250896058,558
A537,2,21.9,9.718737672583826,507
A537,3,19.5,9.037662337662338,539
A537,4,16.1,8.337592592592593,540
A537,5,15.7,8.100716845878136,558
A537,6,17.4,8.301590106007067,566
A537,7,17.4,9.043463497453311,589
A537,8,18.5,9.691993185689949,587
A537,9,20.6,9.86140350877193,570
A537,10,23.6,9.897560975609755,574
A537,11,22.9,9.496648044692737,537
A537,12,23.3,9.871863799283155,558
A538,1,19.8,9.127504244482173,589
A538,2,23.8,8.675797373358348,533
A538,3,20.3,8.128013582342954,589
A538,4,21.8,7.415178571428571,560
A538,5,17.5,7.088547008547009,585
A538,6,21.6,7.255614035087719,570
A538,7,18.0,7.962852112676056,568
A538,8,19.9,8.722857142857142,560
A538,9,19.0,9.17088122605364,522
A538,10,23.8,9.513627992633516,543
A538,11,18.2,8.966915887850467,535
A538,12,22.6,9.201048951048952,572
A539,1,17.4,7.5673835125448035,558
A539,2,16.1,7.346365422396857,509
A539,3,17.5,7.121326164874552,558
A539,4,15.1,6.630370370370371,540
A539,5,13.1,6.458490566037736,530
A539,6,18.5,6.828927203065134,522
A539,7,15.5,7.41899641577061,558
A539,8,20.1,7.936379928315413,558
A539,9,17.5,8.25074074074074,540
A539,10,17.7,8.388394584139265,517
A539,11,22.8,7.973346693386773,499
A539,12,23.4,7.846777163904236,543
A540,1,20.2,7.919713261648745,558
A540,2,20.0,7.856822810590631,491
A540,3,17.7,7.1829749103942655,558
A540,4,19.3,6.162037037037037,540
A540,5,13.5,5.691935483870967,558
A540,6,11.2,5.52752808988764,534
A540,7,12.1,6.190501792114696,558
A540,8,21.3,6.916129032258064,589
A540,9,15.5,7.6284210526315785,570
A540,10,18.5,7.994599303135888,574
A540,11,24.1,7.850093109869646,537
A540,12,21.8,7.801612903225807,558
A541,1,24.0,9.407347670250896,558
A541,2,23.9,9.118052738336713,493
A541,3,20.9,8.44032258064516,496
A541,4,20.2,7.765208333333334,480
A541,5,15.1,7.359645669291338,508
A541,6,13.3,7.4412698412698415,504
A541,7,18.7,8.270967741935483,496
A541,8,20.5,8.875653923541247,497
A541,9,22.7,9.280151228733459,529
A541,10,20.4,9.287927927927928,555
A541,11,19.7,8.993109869646183,537
A541,12,24.0,9.370609318996417,558
A542,1,20.1,9.226908396946564,524
A542,2,18.5,8.853061224489796,490
A542,3,20.6,8.329390681003584,558
A542,4,23.0,7.44537037037037,540
A542,5,18.0,6.717562724014337,558
A542,6,15.5,7.223880597014926,536
A542,7,19.8,8.190662139219016,589
A542,8,19.6,8.92071917808219,584
A542,9,22.4,9.638421052631578,570
A542,10,24.6,10.177351916376306,574
A542,11,21.7,9.665549348230911,537
A542,12,20.8,9.78972972972973,555
A543,1,19.0,9.844913151364764,403
A543,2,20.9,9.760880829015544,386
A543,3,23.6,9.042622950819672,427
A543,4,19.0,8.852463054187192,406
A543,5,21.7,9.014215686274511,408
A543,6,21.6,9.38452380952381,420
A543,7,19.1,10.22135922330097,412
A543,8,19.3,10.774054054054055,370
A543,9,20.0,11.126610644257703,357
A543,10,20.2,11.05062034739454,403
A543,11,20.7,9.841326530612246,392
A543,12,22.8,9.633995037220844,403
A544,1,27.6,9.979347826086956,460
A544,2,23.6,9.767881548974945,439
A544,3,16.9,9.149006622516556,453
A544,4,18.9,8.499333333333334,450
A544,5,18.5,7.869677419354839,465
A544,6,17.6,8.616304347826087,460
A544,7,16.6,9.465057915057914,518
A544,8,17.4,10.071512770137526,509
A544,9,20.8,10.624404761904763,504
A544,10,22.3,10.973956262425446,503
A544,11,21.3,10.665254237288135,472
A544,12,22.3,10.561874999999999,480
A545,1,16.4,7.989605734767025,558
A545,2,18.2,7.8739644970414195,507
A545,3,15.8,7.52994555353902,551
A545,4,18.1,7.114684014869888,538
A545,5,14.1,6.603405017921147,558
A545,6,21.8,6.957592592592593,540
A545,7,15.4,7.7518324607329845,573
A545,8,21.6,8.480102040816327,588
A545,9,19.0,8.890275229357798,545
A545,10,21.4,9.075398230088496,565
A545,11,17.8,8.307448789571696,537
A545,12,19.3,8.155978260869565,552
A546,1,24.3,8.581451612903225,496
A546,2,19.6,8.628635346756152,447
A546,3,22.1,8.821255060728745,494
A546,4,20.2,8.249464668094218,467
A546,5,19.4,7.834408602150537,465
A546,6,20.4,8.264130434782608,460
A546,7,17.9,9.029672447013487,519
A546,8,17.0,9.817669902912622,515
A546,9,21.5,10.170384615384616,520
A546,10,23.6,10.015298507462687,536
A546,11,23.7,9.22780082987552,482
A546,12,20.4,8.730451866404715,509
A547,1,26.5,8.427956989247312,558
A547,2,24.8,8.006483300589391,509
A547,3,16.2,7.485055350553505,542
A547,4,14.4,6.827848101265823,474
A547,5,14.5,6.561505376344086,465
A547,6,18.3,7.162389380530974,452
A547,7,18.5,7.844252873563218,522
A547,8,22.5,8.588425047438331,527
A547,9,16.3,8.944621513944222,502
A547,10,19.7,9.303364485981309,535
A547,11,19.3,8.765703275529864,519
A547,12,24.8,8.666487455197132,558
A548,1,21.3,9.939122486288849,547
A548,2,23.0,9.741942148760332,484
A548,3,24.0,9.249502982107355,503
A548,4,20.5,8.673150105708244,473
A548,5,20.3,8.317547568710358,473
A548,6,16.1,8.923480083857442,477
A548,7,18.3,9.657168458781362,558
A548,8,16.0,10.347472924187725,554
A548,9,22.6,10.910169491525425,531
A548,10,24.4,10.952573529411765,544
A548,11,20.5,10.338374291115311,529
A548,12,20.5,10.295764272559854,543
A549,1,22.7,9.766788321167883,548
A549,2,21.5,9.648672566371681,452
A549,3,17.7,9.093009708737863,515
A549,4,19.3,8.423333333333332,510
A549,5,13.6,7.989753320683112,527
A549,6,15.1,8.5060546875,512
A549,7,18.2,9.359398496240601,532
A549,8,15.6,10.006857142857143,525
A549,9,19.9,10.509477756286266,517
A549,10,21.0,10.581283422459894,561
A549,11,20.0,9.797425742574257,505
A549,12,25.0,9.678584392014518,551
A550,1,24.7,8.866003616636528,553
A550,2,19.2,8.938832997987928,497
A550,3,20.4,8.625316455696202,553
A550,4,21.0,7.913358070500928,539
A550,5,17.9,7.780839416058393,548
A550,6,18.6,8.076470588235294,510
A550,7,18.4,8.86394686907021,527
A550,8,17.5,9.494686907020872,527
A550,9,19.4,10.042537313432836,536
A550,10,20.7,10.107486631016043,561
A550,11,18.4,9.114338919925512,537
A550,12,22.8,8.977060931899642,558
A551,1,21.0,9.41989247311828,558
A551,2,22.1,9.299999999999999,508
A551,3,15.9,8.484306569343065,548
A551,4,16.3,7.935897435897436,507
A551,5,16.5,7.468093385214008,514
A551,6,16.1,8.04549019607843,510
A551,7,15.7,8.81741472172352,557
A551,8,17.8,9.543727598566308,558
A551,9,17.6,10.098518518518517,540
A551,10,22.6,9.947232472324723,542
A551,11,19.1,9.242500000000001,520
A551,12,23.7,9.13888888888889,558
A552,1,22.7,8.517805755395683,556
A552,2,18.6,8.211591355599214,509
A552,3,18.2,7.9756272401433685,558
A552,4,19.2,7.259444444444444,540
A552,5,13.8,6.690143369175627,558
A552,6,14.7,6.998888888888889,540
A552,7,14.4,7.775985663082437,558
A552,8,16.7,8.424014336917564,558
A552,9,22.1,9.069658886894075,557
A552,10,19.7,9.204964539007094,564
A552,11,22.2,8.659662288930582,533
A552,12,20.2,8.460752688172043,558
A553,1,23.2,9.542962962962962,540
A553,2,22.8,9.463188976377953,508
A553,3,22.2,9.013653136531365,542
A553,4,20.3,8.50267686424474,523
A553,5,23.0,7.802656546489564,527
A553,6,17.0,8.049115913555992,509
A553,7,18.7,8.764084507042254,568
A553,8,21.9,9.673524150268337,559
A553,9,18.4,10.424448529411764,544
A553,10,24.9,10.588791593695271,571
A553,11,23.6,9.977358490566038,530
A553,12,23.9,9.707441016333938,551
A554,1,19.5,8.40268817204301,558
A554,2,21.6,8.378978388998034,509
A554,3,22.8,7.611660079051384,506
A554,4,20.9,6.660373443983403,482
A554,5,17.6,6.422201492537313,536
A554,6,11.5,6.612037037037037,540
A554,7,15.0,7.2279569892473114,558
A554,8,16.1,8.070640569395017,562
A554,9,16.4,8.780350877192983,570
A554,10,23.3,9.155263157894737,570
A554,11,21.0,8.602242990654204,535
A554,12,24.6,8.527060931899642,558
A555,1,21.3,11.674081237911025,517
A555,2,23.5,11.539166666666667,480
A555,3,21.7,11.622390891840608,527
A555,4,22.1,11.374509803921569,510
A555,5,21.7,10.759203036053131,527
A555,6,23.7,10.714392523364486,535
A555,7,20.1,11.128810408921934,538
A555,8,21.9,12.398513011152415,538
A555,9,24.5,13.360740740740741,540
A555,10,24.7,13.757274401473296,543
A555,11,23.7,12.757058823529412,510
A555,12,21.7,11.727703984819735,527
A556,1,24.9,9.577752808988764,445
A556,2,19.2,9.442688679245283,424
A556,3,21.8,8.577849462365592,465
A556,4,20.9,7.834666666666666,450
A556,5,20.9,7.393679458239278,443
A556,6,15.8,7.4246411483253585,418
A556,7,17.5,8.091022443890274,401
A556,8,15.8,8.758837209302326,430
A556,9,17.9,9.145130641330166,421
A556,10,22.8,9.637193763919823,449
A556,11,20.8,9.267276887871853,437
A556,12,21.1,9.814414414414415,444
A557,1,22.7,8.276240208877285,383
A557,2,20.0,8.046478873239437,355
A557,3,21.5,7.369975186104218,403
A557,4,16.5,6.12,390
A557,5,13.3,5.597518610421837,403
A557,6,24.1,5.7424870466321245,386
A557,7,22.2,6.203225806451613,403
A557,8,19.3,6.975187969924812,399
A557,9,21.1,7.628461538461538,390
A557,10,24.8,8.06209476309227,401
A557,11,23.7,8.136410256410256,390
A557,12,22.8,8.600248138957816,403
A559,1,19.0,8.610080645161291,248
A559,2,15.1,8.144444444444446,207
A559,3,18.1,7.999159663865546,238
A559,4,14.7,7.8145454545454545,220
A559,5,12.1,7.618099547511312,221
A559,6,12.2,8.28360655737705,244
A559,7,16.8,8.941132075471698,265
A559,8,16.9,9.467803030303031,264
A559,9,19.1,9.935384615384615,260
A559,10,17.1,9.755172413793103,261
A559,11,19.1,8.85219298245614,228
A559,12,17.8,8.869135802469135,243
A560,1,21.7,9.395569620253164,158
A560,2,16.2,8.203703703703704,135
A560,3,16.3,7.880246913580247,162
A560,4,12.7,7.226666666666667,150
A560,5,12.9,7.105806451612904,155
A560,6,11.8,7.364516129032258,155
A560,7,15.1,8.109139784946237,186
A560,8,18.6,9.232291666666667,192
A560,9,18.8,9.947567567567567,185
A560,10,18.3,9.890625,192
A560,11,18.9,9.451123595505617,178
A560,12,20.6,9.869354838709677,186
A561,1,23.1,9.506574394463668,289
A561,2,24.4,9.148399999999999,250
A561,3,19.1,8.4588,250
A561,4,19.8,7.600833333333333,240
A561,5,14.6,7.312903225806451,248
A561,6,16.7,7.2648,250
A561,7,16.5,7.772401433691757,279
A561,8,19.8,8.535338345864663,266
A561,9,20.1,9.027407407407408,270
A561,10,22.0,9.751079136690649,278
A561,11,23.6,9.335051546391753,291
A561,12,22.3,9.348709677419354,310
A562,1,16.7,8.547752808988765,178
A562,2,23.0,9.065882352941177,170
A562,3,18.8,8.191875,160
A562,4,13.4,7.254966887417218,151
A562,5,12.9,6.7053398058252425,206
A562,6,15.6,7.374285714285714,210
A562,7,14.8,7.666806722689076,238
A562,8,14.2,8.705859375,256
A562,9,14.9,9.358367346938776,245
A562,10,21.2,9.516336633663366,202
A562,11,26.3,9.29289340101523,197
A562,12,19.8,9.20940594059406,202
A563,1,16.3,9.128440366972477,218
A563,2,16.3,8.82787610619469,226
A563,3,16.3,9.303703703703704,243
A563,4,17.5,10.283132530120483,249
A563,5,18.0,10.770588235294118,238
A563,6,17.9,10.481165919282512,223
A563,7,20.5,10.694583333333332,240
A563,8,19.0,11.0831541218638,279
A563,9,21.6,10.672427983539094,243
A563,10,18.1,10.180859375,256
A563,11,20.0,9.448178137651821,247
A563,12,21.2,9.352678571428571,224
A564,1,21.8,9.39020618556701,194
A564,2,17.4,8.858080808080809,198
A564,3,17.9,8.07926267281106,217
A564,4,14.6,7.437142857142857,210
A564,5,15.5,7.103225806451613,217
A564,6,17.5,6.863350785340314,191
A564,7,13.4,7.41453488372093,172
A564,8,15.5,8.086666666666666,150
A564,9,17.9,8.856521739130436,161
A564,10,25.0,9.589595375722544,173
A564,11,21.5,9.290909090909091,187
A564,12,18.9,9.238709677419354,217
A565,1,22.4,9.237906137184115,277
A565,2,19.3,8.913779527559054,254
A565,3,28.2,7.994982078853046,279
A565,4,23.7,6.959629629629629,270
A565,5,23.8,6.279928315412186,279
A565,6,16.2,6.3603703703703705,270
A565,7,17.2,7.117204301075269,279
A565,8,18.8,7.515185185185185,270
A565,9,18.2,8.255416666666667,240
A565,10,29.6,9.06420233463035,257
A565,11,24.0,8.885772357723578,246
A565,12,35.4,9.288888888888888,279
A566,1,19.5,8.318257261410789,241
A566,2,21.1,7.937104072398189,221
A566,3,21.4,7.7065843621399175,243
A566,4,17.6,7.37,240
A566,5,14.0,7.26937984496124,258
A566,6,22.7,7.937407407407407,270
A566,7,19.4,8.514695340501792,279
A566,8,19.7,9.269892473118281,279
A566,9,18.9,10.004074074074074,270
A566,10,18.7,9.956060606060607,264
A566,11,17.3,8.464166666666667,240
A566,12,17.7,8.34758064516129,248
A567,1,21.0,10.312698412698412,189
A567,2,17.3,9.642045454545455,176
A567,3,23.7,8.77089947089947,189
A567,4,20.3,7.608196721311475,183
A567,5,19.7,6.90873786407767,206
A567,6,19.3,7.015865384615385,208
A567,7,34.0,7.404824561403508,228
A567,8,22.0,8.124899598393574,249
A567,9,20.9,9.117213114754097,244
A567,10,26.0,9.843589743589744,234
A567,11,23.0,9.327551020408164,196
A567,12,46.0,10.025414364640884,181
A568,1,18.6,9.381182795698924,186
A568,2,24.7,9.623121387283236,173
A568,3,19.5,9.295588235294117,204
A568,4,18.6,8.366129032258064,186
A568,5,24.1,8.587,200
A568,6,14.4,8.643127962085309,211
A568,7,16.3,9.316086956521739,230
A568,8,15.5,10.212442396313364,217
A568,9,23.3,11.096363636363636,220
A568,10,23.8,10.74609375,256
A568,11,23.8,10.2008658008658,231
A568,12,23.1,10.141935483870968,217
A569,1,23.6,9.228767123287671,219
A569,2,23.3,8.545918367346939,196
A569,3,17.0,7.706417112299465,187
A569,4,19.6,7.512719298245615,228
A569,5,15.1,7.0876,250
A569,6,19.3,7.350515463917525,291
A569,7,15.1,7.904545454545454,286
A569,8,16.9,8.393359375,256
A569,9,18.3,9.09527559055118,254
A569,10,23.8,9.675590551181102,254
A569,11,21.0,8.825,204
A569,12,22.7,8.9735,200
A570,1,38.1,10.49047619047619,210
A570,2,22.3,9.874736842105264,190
A570,3,20.5,9.202100840336135,238
A570,4,17.7,8.588888888888889,225
A570,5,17.5,8.338674033149172,181
A570,6,17.6,8.112777777777778,180
A570,7,21.3,8.940322580645162,186
A570,8,18.3,9.290049751243782,201
A570,9,19.2,10.121925133689839,187
A570,10,23.5,10.624183006535947,153
A570,11,19.6,10.276666666666667,150
A570,12,29.0,10.612135922330097,206
A571,1,20.1,9.49891891891892,185
A571,2,18.3,9.43904109589041,146
A571,3,18.4,9.011842105263158,152
A571,4,19.9,8.28,150
A571,5,12.4,7.453548387096774,155
A571,6,13.6,8.016,150
A571,7,12.6,8.455665024630543,203
A571,8,16.3,9.125906735751295,193
A571,9,15.9,9.747849462365592,186
A571,10,27.5,10.54095238095238,210
A571,11,22.2,9.711483253588517,209
A571,12,19.2,9.93658536585366,205
A572,9,19.9,8.963333333333333,30
A572,10,11.0,8.25,8
A601,1,24.8,9.466666666666667,729
A601,2,29.5,9.164041604754829,673
A601,3,20.6,8.506207827260459,741
A601,4,23.3,7.745682451253481,718
A601,5,19.3,7.606512890094979,737
A601,6,25.0,7.961997226074897,721
A601,7,25.0,8.446111869031379,733
A601,8,25.0,9.400813008130081,738
A601,9,24.5,9.64268456375839,745
A601,10,24.6,9.450923482849605,758
A601,11,23.3,9.151983584131328,731
A601,12,24.5,9.432984293193718,764
A602,1,26.9,10.760353130016052,623
A602,2,32.2,11.037430167597766,537
A602,3,22.5,10.37616,625
A602,4,25.5,10.27113752122241,589
A602,5,24.6,10.017881944444445,576
A602,6,19.9,10.171803852889667,571
A602,7,22.4,10.660189573459714,633
A602,8,24.9,11.605538461538462,650
A602,9,24.9,11.974587458745875,606
A602,10,28.2,11.712892561983471,605
A602,11,25.0,11.520989761092151,586
A602,12,27.2,10.967731629392972,626
A603,1,27.7,7.579245283018867,636
A603,2,20.1,7.245876288659795,582
A603,3,17.0,6.634514637904469,649
A603,4,24.7,6.166185897435897,624
A603,5,23.5,5.575993640699523,629
A603,6,17.1,5.433158813263525,573
A603,7,18.2,5.833764135702746,619
A603,8,17.8,6.601424050632912,632
A603,9,24.7,7.027591973244147,598
A603,10,25.1,7.102203389830509,590
A603,11,22.1,7.0371134020618555,582
A603,12,25.6,7.179878048780488,656
A604,1,18.4,7.61264367816092,522
A604,2,19.7,7.713778705636743,479
A604,3,16.2,6.774193548387097,496
A604,4,16.0,5.896713615023474,426
A604,5,14.6,5.265533980582524,412
A604,6,14.0,5.166014669926651,409
A604,7,13.2,5.867857142857143,504
A604,8,17.8,6.8996289424860855,539
A604,9,18.1,7.623837209302326,516
A604,10,19.1,7.936542239685658,509
A604,11,19.8,7.706875,480
A604,12,20.4,7.747191011235955,534
A605,1,19.3,7.806363636363637,110
A605,2,16.7,7.974336283185841,113
A605,3,16.0,7.648360655737705,122
A605,4,16.8,7.762015503875968,129
A605,5,19.6,7.47734375,128
A605,6,14.6,6.834,150
A605,7,17.5,6.718852459016394,122
A605,8,15.1,7.6469696969696965,66
A605,9,13.5,8.36896551724138,87
A605,10,21.3,8.818548387096774,124
A605,11,17.7,8.617910447761194,134
A605,12,20.1,8.285833333333333,120
A606,1,23.7,12.532358003442342,581
A606,2,27.2,12.347817460317462,504
A606,3,26.6,11.082046678635548,557
A606,4,22.4,10.793939393939393,528
A606,5,26.5,11.25580204778157,586
A606,6,23.6,11.898703703703704,540
A606,7,23.9,12.855395683453239,556
A606,8,33.9,13.642806394316162,563
A606,9,30.1,14.399825174825176,572
A606,10,24.5,13.545344827586208,580
A606,11,27.1,12.760183486238532,545
A606,12,26.4,12.249480968858132,578
A607,1,25.0,11.241634980988595,526
A607,2,36.3,11.002647657841141,491
A607,3,31.8,10.169147005444646,551
A607,4,24.5,9.207407407407407,486
A607,5,25.5,8.802217741935483,496
A607,6,27.6,8.828333333333335,480
A607,7,24.4,9.505108055009824,509
A607,8,19.7,10.69959100204499,489
A607,9,19.5,11.43002159827214,463
A607,10,29.8,11.5,547
A607,11,18.9,10.876377952755906,508
A607,12,22.8,10.594252873563217,522
A608,1,17.6,10.128061224489796,588
A608,2,18.6,10.060373831775701,535
A608,3,32.9,8.896896551724138,580
A608,4,19.6,8.51859649122807,570
A608,5,17.4,8.326994906621392,589
A608,6,20.7,8.45387323943662,568
A608,7,20.5,9.005851063829788,564
A608,8,19.0,10.304024144869215,497
A608,9,19.6,11.038301886792453,530
A608,10,21.3,10.69107438016529,605
A608,11,22.4,10.185117967332124,551
A608,12,32.9,9.620593368237348,573
A609,1,25.0,9.768761904761906,525
A609,2,25.0,9.639300411522633,486
A609,3,28.9,8.674460431654676,556
A609,4,30.7,7.59541446208113,567
A609,5,30.6,6.792699490662139,589
A609,6,20.0,6.3865591397849455,558
A609,7,26.2,6.70352733686067,567
A609,8,23.5,7.741426146010187,589
A609,9,22.4,8.721328671328672,572
A609,10,35.5,9.384228187919463,596
A609,11,43.0,9.729100529100528,567
A609,12,23.1,9.793647912885662,551
A610,1,29.9,14.245701357466064,442
A610,2,30.9,13.306068601583114,379
A610,3,43.0,12.558217270194985,359
A610,4,30.3,12.117233009708738,412
A610,5,27.1,12.488372093023257,473
A610,6,33.0,13.037336244541486,458
A610,7,31.2,13.264579256360078,511
A610,8,25.3,13.2814453125,512
A610,9,26.0,13.673781902552204,431
A610,10,27.8,13.803773584905661,424
A610,11,29.1,13.91593291404612,477
A610,12,39.4,14.075983436853003,483
A611,1,27.9,8.77116788321168,548
A611,2,24.5,8.545454545454545,451
A611,3,21.5,7.613060428849902,513
A611,4,17.9,7.14616858237548,522
A611,5,14.9,6.820701754385965,570
A611,6,17.9,7.031282952548331,569
A611,7,18.8,7.510051107325383,587
A611,8,14.4,8.13533447684391,583
A611,9,19.9,8.804753521126761,568
A611,10,20.0,8.7560553633218,578
A611,11,19.4,8.495936395759717,566
A611,12,26.4,8.7093537414966,588
A612,1,14.8,9.52529711375212,589
A612,2,15.9,9.013221601489759,537
A612,3,18.5,8.252380952380951,588
A612,4,23.6,7.667201426024956,561
A612,5,21.1,7.166252220248667,563
A612,6,16.3,7.229615384615385,520
A612,7,14.7,7.640900900900901,555
A612,8,17.5,8.394117647058824,578
A612,9,17.2,9.528884826325411,547
A612,10,16.1,9.4672760511883,547
A612,11,22.7,9.167894736842104,570
A612,12,17.8,9.361120543293717,589
A613,1,19.7,8.346953405017922,558
A613,2,16.5,7.94043392504931,507
A613,3,21.9,8.006463195691204,557
A613,4,19.3,7.6821763602251405,533
A613,5,18.1,7.749724770642202,545
A613,6,16.9,7.726530612244899,539
A613,7,16.8,7.739459459459459,555
A613,8,15.3,8.348364888123923,581
A613,9,17.4,8.775219683655537,569
A613,10,20.1,8.68925925925926,540
A613,11,18.9,8.765322580645162,496
A613,12,21.4,8.94470802919708,548
A614,1,25.1,10.881024667931689,527
A614,2,21.9,10.424590163934425,488
A614,3,20.0,9.88330341113106,557
A614,4,21.6,9.310428305400372,537
A614,5,19.7,8.788405797101449,552
A614,6,17.3,8.593632958801498,534
A614,7,19.4,8.960035842293907,558
A614,8,19.8,9.922401433691755,558
A614,9,19.5,10.748850574712643,522
A614,10,21.1,10.800384615384615,520
A614,11,24.9,10.600938086303941,533
A614,12,39.5,10.711423220973781,534
A615,1,20.5,9.327843803056028,589
A615,2,23.0,9.327188081936685,537
A615,3,20.7,8.226916524701874,587
A615,4,16.3,7.453417266187051,556
A615,5,20.6,7.215063520871143,551
A615,6,14.3,7.442412451361868,514
A615,7,21.5,7.8057657657657655,555
A615,8,18.2,8.244982078853047,558
A615,9,17.2,9.106338028169013,568
A615,10,24.3,8.97739602169982,553
A615,11,20.4,8.569060773480663,543
A615,12,30.7,8.912068965517241,580
A616,1,21.5,9.67970479704797,542
A616,2,13.7,9.067269076305221,498
A616,3,14.0,8.66111111111111,558
A616,4,15.1,8.075,540
A616,5,17.0,7.665884476534296,554
A616,6,14.4,7.495009242144178,541
A616,7,16.6,7.986078098471987,589
A616,8,15.2,8.739898132427845,589
A616,9,15.0,9.639473684210527,570
A616,10,17.3,9.902650176678444,566
A616,11,21.7,9.87298245614035,570
A616,12,19.4,9.762544169611308,566
A617,1,19.6,8.18981324278438,589
A617,2,21.7,8.422285714285714,525
A617,3,21.6,7.76095406360424,566
A617,4,24.0,6.964014466546112,553
A617,5,15.9,6.396103896103896,539
A617,6,15.3,6.526614481409002,511
A617,7,15.0,6.96219739292365,537
A617,8,14.7,7.863377609108159,527
A617,9,17.0,8.457962962962963,540
A617,10,24.3,8.470892857142857,560
A617,11,25.0,8.324242424242424,561
A617,12,22.5,8.374828767123287,584
A618,1,20.1,6.945238095238095,588
A618,2,20.7,6.824,525
A618,3,14.4,6.3156690140845075,568
A618,4,15.6,5.952222222222222,540
A618,5,19.3,6.2977031802120145,566
A618,6,17.1,6.252014652014652,546
A618,7,18.1,6.485304659498208,558
A618,8,16.1,6.578832116788321,548
A618,9,18.5,6.958089668615984,513
A618,10,20.7,6.800378787878787,528
A618,11,20.6,6.861272727272727,550
A618,12,15.4,6.8480341880341875,585
A619,1,17.4,6.598409893992932,566
A619,2,17.1,6.782244897959184,490
A619,3,21.6,6.404659498207885,558
A619,4,18.4,6.0921389396709325,547
A619,5,16.8,5.751971326164875,558
A619,6,20.6,5.619629629629629,540
A619,7,20.0,5.915151515151515,561
A619,8,20.7,6.319354838709677,589
A619,9,23.8,6.673321554770318,566
A619,10,21.0,6.911565836298933,562
A619,11,20.7,6.725563909774436,532
A619,12,23.1,6.705163511187608,581
A620,1,21.2,12.050863723608446,521
A620,2,17.8,11.055106382978723,470
A620,3,20.1,9.722266401590458,503
A620,4,20.4,9.17184265010352,483
A620,5,23.3,9.35958762886598,485
A620,6,17.7,9.745702306079664,477
A620,7,18.9,10.110567514677104,511
A620,8,20.6,11.552529182879377,514
A620,9,20.3,12.716435643564356,505
A620,10,21.2,12.3017094017094,468
A620,11,21.1,11.69835390946502,486
A620,12,18.9,11.577142857142857,525
A621,1,22.1,8.89045045045045,555
A621,2,32.6,8.842239685658154,509
A621,3,29.7,8.21669658886894,557
A621,4,21.7,7.525852782764811,557
A621,5,20.4,6.95365025466893,589
A621,6,16.4,6.876965265082267,547
A621,7,17.2,7.280762564991335,577
A621,8,18.7,8.02482993197279,588
A621,9,18.7,8.576666666666666,570
A621,10,20.3,8.661780104712042,573
A621,11,22.5,8.691148775894538,531
A621,12,24.2,8.932536764705883,544
A622,1,23.4,12.705040322580645,496
A622,2,23.0,12.624454148471616,458
A622,3,27.2,10.774714828897338,526
A622,4,22.3,9.529166666666667,504
A622,5,25.0,9.08089430894309,492
A622,6,23.5,9.10722100656455,457
A622,7,17.5,9.918108651911469,497
A622,8,20.1,11.224031007751938,516
A622,9,23.5,12.744897959183673,539
A622,10,20.9,12.360147601476015,542
A622,11,24.5,11.7704,500
A622,12,23.5,11.823228346456693,508
A623,1,23.3,9.384497816593887,458
A623,2,24.5,9.12236503856041,389
A623,3,24.9,8.627880184331797,434
A623,4,21.1,8.009285714285715,420
A623,5,20.0,7.586866359447004,434
A623,6,14.2,7.460280373831775,428
A623,7,14.5,7.854310344827587,464
A623,8,18.6,8.581075268817203,465
A623,9,18.6,9.283964365256125,449
A623,10,19.9,9.452277657266812,461
A623,11,23.3,9.29263392857143,448
A623,12,18.1,9.149892008639307,463
A624,1,23.8,9.151635514018691,428
A624,2,24.7,9.075268817204302,372
A624,3,18.7,8.297512437810944,402
A624,4,16.9,8.364764267990074,403
A624,5,20.6,8.417718446601942,412
A624,6,17.5,8.464102564102564,390
A624,7,16.8,8.500992555831266,403
A624,8,18.0,9.058560794044665,403
A624,9,18.8,9.432080200501254,399
A624,10,21.5,9.494222222222222,450
A624,11,23.3,9.443333333333333,420
A624,12,20.5,9.354147465437787,434
A625,1,16.6,6.756272401433692,279
A625,2,15.1,6.195132743362832,226
A625,3,19.5,5.849034749034749,259
A625,4,12.5,5.3314814814814815,270
A625,5,12.2,4.944086021505377,279
A625,6,15.4,5.024175824175824,273
A625,7,17.8,5.5724014336917564,279
A625,8,19.1,6.445878136200717,279
A625,9,15.9,6.993359375,256
A625,10,17.4,6.897454545454545,275
A625,11,17.7,6.946096654275093,269
A625,12,21.2,6.7709677419354835,279
A626,1,24.3,9.2993006993007,143
A626,2,15.5,8.393406593406594,91
A626,3,19.7,7.962931034482759,116
A626,4,18.6,7.27557251908397,131
A626,5,19.1,6.887096774193548,155
A626,6,18.7,6.765853658536585,205
A626,7,15.4,7.177777777777777,234
A626,8,17.1,7.934008097165992,247
A626,9,16.7,8.814150943396227,212
A626,10,19.1,8.882027649769586,217
A626,11,18.0,8.984615384615385,221
A626,12,20.7,9.011111111111111,216
A627,1,14.2,8.312093023255814,215
A627,2,16.0,8.290909090909091,198
A627,3,13.5,8.335023041474654,217
A627,4,19.2,7.704285714285715,210
A627,5,17.5,6.979906542056075,214
A627,6,13.0,6.470000000000001,210
A627,7,13.9,7.01689497716895,219
A627,8,15.1,7.606097560975609,246
A627,9,18.4,8.297500000000001,240
A627,10,16.5,8.487982832618027,233
A627,11,17.6,8.61808510638298,188
A627,12,16.2,8.701456310679612,206
A628,1,17.5,6.766129032258065,248
A628,2,14.0,6.351769911504425,226
A628,3,15.4,6.177016129032259,248
A628,4,19.9,5.9594017094017095,234
A628,5,15.8,5.588018433179723,217
A628,6,15.5,5.331904761904762,210
A628,7,30.8,5.965,220
A628,8,16.8,6.325490196078431,255
A628,9,15.2,6.857620817843866,269
A628,10,16.4,6.652490421455939,261
A628,11,17.2,6.7594936708860756,237
A628,12,13.0,6.521610169491525,236
A629,1,15.0,6.367980295566503,203
A629,2,15.1,6.385869565217392,184
A629,3,19.2,6.086511627906976,215
A629,4,12.9,5.361352657004831,207
A629,5,11.1,4.962559241706161,211
A629,6,15.3,4.893048128342246,187
A629,7,11.0,5.455665024630542,203
A629,8,10.6,5.727358490566038,212
A629,9,14.1,6.14390243902439,205
A629,10,23.5,6.542009132420092,219
A629,11,16.3,6.524761904761905,210
A629,12,15.3,6.589861751152074,217
A630,1,17.9,6.832718894009217,217
A630,2,14.3,6.676262626262627,198
A630,3,18.7,6.534272300469484,213
A630,4,13.2,6.128019323671498,207
A630,5,15.9,5.770334928229665,209
A630,6,10.5,5.614975845410628,207
A630,7,10.9,5.912149532710281,214
A630,8,12.6,6.524309392265194,181
A630,9,16.1,7.097126436781609,174
A630,10,16.5,7.263783783783784,185
A630,11,12.9,7.172527472527473,182
A630,12,12.4,7.178609625668449,187
A631,1,48.6,9.111374407582938,211
A631,2,16.4,8.745959595959595,198
A631,3,15.0,8.074553571428572,224
A631,4,31.0,7.907211538461539,208
A631,5,18.8,7.428260869565217,230
A631,6,13.0,7.179565217391304,230
A631,7,15.8,7.975925925925925,216
A631,8,23.1,8.389956331877729,229
A631,9,17.9,8.977083333333333,240
A631,10,22.1,9.381224489795919,245
A631,11,15.9,9.073008849557523,226
A631,12,22.4,9.037327188940091,217
A632,1,19.0,7.586290322580646,248
A632,2,13.5,7.397345132743363,226
A632,3,17.0,7.278346456692914,254
A632,4,16.0,7.331983805668016,247
A632,5,15.2,6.505645161290323,248
A632,6,13.7,6.1466666666666665,240
A632,7,16.4,6.804838709677419,248
A632,8,15.5,7.39810606060606,264
A632,9,18.4,7.802592592592592,270
A632,10,16.4,8.162121212121212,264
A632,11,16.1,8.107083333333334,240
A632,12,46.3,7.964516129032258,248
A633,1,18.4,7.0344827586206895,203
A633,2,11.9,6.964550264550264,189
A633,3,10.1,6.1336405529953915,217
A633,4,8.8,5.7029787234042555,235
A633,5,10.0,5.624884792626728,217
A633,6,9.4,5.798557692307692,208
A633,7,10.1,5.843023255813954,172
A633,8,11.3,6.372781065088757,169
A633,9,12.0,7.171341463414634,164
A633,10,13.8,7.226923076923077,182
A633,11,12.3,7.036144578313253,166
A633,12,11.1,7.0361111111111105,216
A634,1,17.2,10.96597510373444,241
A634,2,15.5,10.43765690376569,239
A634,3,15.4,9.70573476702509,279
A634,4,17.2,8.784444444444444,270
A634,5,14.7,8.441218637992831,279
A634,6,15.2,8.472222222222221,270
A634,7,16.9,8.905371900826445,242
A634,8,16.8,9.84517543859649,228
A634,9,16.8,11.243809523809523,210
A634,10,17.8,10.896837944664032,253
A634,11,16.1,10.422608695652173,230
A634,12,20.3,10.68,245
A635,1,23.0,9.31,70
A635,2,22.7,10.527368421052632,95
A635,3,25.3,9.146,100
A635,4,23.9,9.3,120
A635,5,26.1,10.866071428571429,112
A635,6,24.4,10.307777777777778,90
A635,7,25.7,10.359349593495935,123
A635,8,26.2,9.854032258064517,124
A635,9,25.7,10.363999999999999,150
A635,10,23.7,10.869677419354838,155
A635,11,24.4,10.48450704225352,142
A635,12,31.0,10.3392,125
A636,1,13.7,7.756903765690377,239
A636,2,19.4,7.836529680365297,219
A636,3,15.1,7.439112903225807,248
A636,4,16.6,6.949583333333334,240
A636,5,18.7,6.515322580645161,248
A636,6,30.0,6.371548117154812,239
A636,7,15.9,6.786693548387096,248
A636,8,20.3,7.413382899628253,269
A636,9,17.2,7.866296296296297,270
A636,10,18.8,7.803787878787878,264
A636,11,19.7,7.787916666666666,240
A636,12,18.7,8.061693548387096,248
A637,1,17.7,7.902150537634409,93
A637,2,15.4,7.675294117647058,85
A637,3,11.7,6.962365591397849,93
A637,4,11.2,6.7,90
A637,5,10.7,6.605376344086021,93
A637,6,10.0,6.803333333333333,90
A637,7,13.5,6.931182795698925,93
A637,8,14.7,7.545161290322581,93
A637,9,13.3,8.226666666666667,90
A637,10,19.3,8.175641025641026,78
A637,11,15.5,7.925925925925926,81
A637,12,11.7,7.66236559139785,93
A651,4,19.6,12.0,4
A651,5,15.1,8.158064516129032,31
A651,6,14.4,7.46,30
A651,7,19.6,8.603225806451613,31
A651,8,17.3,8.116129032258064,31
A651,9,13.6,9.534615384615385,26
A652,1,28.2,9.66648451730419,549
A652,2,30.6,9.336363636363636,506
A652,3,24.3,9.013848920863309,556
A652,4,32.1,9.462962962962964,540
A652,5,25.9,9.40157894736842,570
A652,6,22.3,9.580811808118082,542
A652,7,23.7,10.27909090909091,550
A652,8,34.1,11.60578231292517,588
A652,9,26.9,11.735159010600707,566
A652,10,29.0,11.885714285714284,574
A652,11,28.2,10.530167597765363,537
A652,12,25.4,9.57168458781362,558
A653,5,11.7,7.5476190476190474,21
A653,6,16.1,6.153333333333333,30
A653,7,20.9,8.616129032258065,31
A653,8,12.7,7.232258064516128,31
A653,9,13.9,7.9375,24
A654,1,19.9,9.070430107526882,186
A654,2,20.5,8.48125,144
A654,3,21.0,8.221935483870968,155
A654,4,27.2,8.31578947368421,171
A654,5,19.0,7.8014925373134325,201
A654,6,17.3,7.990052356020942,191
A654,7,16.8,8.13763440860215,186
A654,8,21.2,8.816666666666666,186
A654,9,20.1,9.411666666666665,180
A654,10,18.6,9.163440860215054,186
A654,11,22.0,9.159459459459459,148
A654,12,17.4,8.701092896174863,183
A655,7,15.8,7.4185185185185185,27
A655,8,16.4,6.625806451612903,31
A655,9,15.0,7.095238095238095,21
A656,4,2.7,2.25,2
A656,5,9.0,5.795,20
A656,6,10.4,5.096666666666667,30
A656,7,13.3,6.483870967741935,31
A656,8,14.9,6.661290322580645,31
A656,9,10.5,7.45,20
A657,1,24.2,8.831463414634147,410
A657,2,19.2,8.692658227848101,395
A657,3,40.0,8.41326530612245,392
A657,4,21.4,7.7032085561497325,374
A657,5,21.1,6.934951456310679,412
A657,6,15.8,6.901904761904762,420
A657,7,12.8,7.5732186732186735,407
A657,8,16.5,8.329776674937966,403
A657,9,19.2,8.923076923076923,390
A657,10,23.1,9.174162679425837,418
A657,11,19.6,9.191025641025641,390
A657,12,24.2,9.155334987593053,403
A659,1,23.6,8.140322580645162,310
A659,2,19.0,7.920141342756184,283
A659,3,18.2,7.389644012944984,309
A659,4,18.3,6.993666666666666,300
A659,5,13.6,6.548709677419355,310
A659,6,15.5,6.185333333333333,300
A659,7,13.1,6.777096774193549,310
A659,8,14.8,7.686129032258064,310
A659,9,14.9,8.072644376899696,329
A659,10,15.2,8.19601226993865,326
A659,11,16.6,8.111333333333334,300
A659,12,15.7,7.778387096774194,310
A667,1,22.0,8.491290322580646,310
A667,2,23.0,8.607420494699648,283
A667,3,17.5,7.8912903225806454,310
A667,4,19.0,7.691304347826087,299
A667,5,16.5,7.407843137254902,306
A667,6,17.2,7.385,300
A667,7,18.8,8.09,310
A667,8,19.0,8.99543973941368,307
A667,9,21.9,9.160244648318043,327
A667,10,19.2,9.301226993865031,326
A667,11,27.0,8.925874125874126,286
A667,12,19.1,8.485521885521885,297
A701,1,24.6,10.416468590831919,589
A701,2,26.6,10.175700934579439,535
A701,3,22.1,9.480305602716468,589
A701,4,19.3,8.289716312056736,564
A701,5,18.5,8.11311754684838,587
A701,6,24.3,8.236140350877193,570
A701,7,20.0,7.854373927958834,583
A701,8,18.3,8.395198675496689,604
A701,9,25.0,9.365442404006677,599
A701,10,23.4,9.517470881863561,601
A701,11,28.2,9.920494699646643,566
A701,12,23.7,10.184550084889644,589
A702,1,24.5,10.566809116809116,702
A702,2,21.5,10.125365853658538,615
A702,3,24.0,9.798384728340675,681
A702,4,23.7,9.425555555555556,630
A702,5,22.1,9.495201238390091,646
A702,6,23.3,9.834126984126984,630
A702,7,24.3,10.610438729198185,661
A702,8,24.1,11.413704819277108,664
A702,9,22.5,11.781323529411765,680
A702,10,28.4,11.668882602545969,707
A702,11,24.2,11.182481751824817,685
A702,12,25.9,10.713896457765667,734
A703,1,21.7,9.764786324786325,585
A703,2,22.1,9.704734848484849,528
A703,3,18.6,9.3831541218638,558
A703,4,19.9,8.96608527131783,516
A703,5,21.3,9.247895791583167,499
A703,6,20.0,9.319019607843137,510
A703,7,19.5,9.690132827324478,527
A703,8,17.5,10.58785578747628,527
A703,9,22.6,10.825399644760212,563
A703,10,22.3,10.7090756302521,595
A703,11,20.1,10.332935153583618,586
A703,12,20.9,9.956706281833617,589
A704,1,24.8,9.067620751341682,559
A704,2,23.2,8.72,530
A704,3,23.9,7.95764705882353,595
A704,4,16.3,7.008188153310104,574
A704,5,17.3,6.805363321799308,578
A704,6,20.3,6.754646840148699,538
A704,7,18.7,7.030919765166341,511
A704,8,25.1,7.777777777777778,405
A704,9,20.3,8.64192037470726,427
A704,10,23.9,8.824299065420561,535
A704,11,24.9,8.9724609375,512
A704,12,18.7,9.04079861111111,576
A705,1,21.2,8.406811594202898,690
A705,2,22.4,8.099837662337663,616
A705,3,23.8,7.671580547112462,658
A705,4,20.4,7.219286871961103,617
A705,5,20.1,7.140356083086054,674
A705,6,18.3,6.980340557275542,646
A705,7,15.5,7.302593192868719,617
A705,8,19.0,8.218739635157545,603
A705,9,22.2,9.041265060240963,664
A705,10,24.7,9.335435435435436,666
A705,11,23.3,9.139244663382595,609
A705,12,18.3,8.377080291970803,685
A706,1,14.7,7.0709497206703915,179
A706,2,15.5,7.070588235294117,221
A706,3,17.8,7.33,280
A706,4,15.7,6.914880952380953,336
A706,5,18.5,6.541958041958042,286
A706,6,17.0,6.6,308
A706,7,17.2,6.658280254777069,314
A706,8,15.4,6.814285714285714,336
A706,9,18.6,7.548520710059172,338
A706,10,18.9,7.93255033557047,298
A706,11,15.7,8.019753086419753,243
A706,12,16.1,8.098260869565218,230
A707,1,19.4,9.199384615384616,650
A707,2,18.0,8.662035541195477,619
A707,3,21.5,8.425659824046921,682
A707,4,23.0,7.902124430955994,659
A707,5,21.0,7.414528593508501,647
A707,6,18.8,7.535008103727716,617
A707,7,17.7,7.944907407407408,648
A707,8,19.8,8.781361426256078,617
A707,9,23.9,9.27182866556837,607
A707,10,24.0,9.828031496062993,635
A707,11,20.9,9.735773710482528,601
A707,12,19.9,9.392780337941629,651
A708,1,20.0,9.301536098310292,651
A708,2,21.1,9.135690235690236,594
A708,3,21.2,8.47427652733119,622
A708,4,20.8,7.6864734299516915,621
A708,5,16.2,7.533591331269349,646
A708,6,20.7,7.824044585987261,628
A708,7,18.6,8.205747126436782,609
A708,8,17.4,8.83029772329247,571
A708,9,23.3,9.390555555555554,540
A708,10,21.4,9.699829642248723,587
A708,11,20.7,9.430550918196994,599
A708,12,20.4,9.417567567567568,666
A709,1,23.7,10.576027397260273,584
A709,2,24.0,10.21356238698011,553
A709,3,24.9,9.510645161290324,620
A709,4,22.3,8.68280467445743,599
A709,5,19.5,8.52945091514143,601
A709,6,20.1,8.607205623901582,569
A709,7,22.8,9.117747440273037,586
A709,8,22.7,9.971130434782609,575
A709,9,23.6,10.560580204778157,586
A709,10,36.1,10.790776699029125,618
A709,11,23.6,10.575880281690141,568
A709,12,24.6,10.640066225165564,604
A710,1,20.3,10.0944578313253,415
A710,2,22.1,9.663563829787234,376
A710,3,21.9,8.561421319796954,394
A710,4,19.8,7.833846153846153,390
A710,5,19.1,7.365734265734266,429
A710,6,19.9,7.369144144144144,444
A710,7,23.4,8.005180180180181,444
A710,8,21.0,9.194725274725275,455
A710,9,22.8,9.951904761904762,420
A710,10,22.6,9.999339207048457,454
A710,11,31.3,9.992650334075723,449
A710,12,22.9,10.312975391498881,447
A711,1,18.7,9.438836772983114,533
A711,2,24.3,8.947907949790796,478
A711,3,22.5,8.5531190926276,529
A711,4,16.3,7.976862745098039,510
A711,5,16.9,7.813513513513514,555
A711,6,21.5,7.884543761638733,537
A711,7,18.1,8.10610820244328,573
A711,8,17.3,8.983843537414966,588
A711,9,21.9,9.642807625649914,577
A711,10,19.5,10.081052631578947,570
A711,11,17.7,9.706877323420075,538
A711,12,24.3,9.421364452423697,557
A712,1,22.8,9.441188118811882,505
A712,2,24.0,9.151015801354403,443
A712,3,19.9,8.564358452138494,491
A712,4,22.0,7.703787878787878,528
A712,5,16.9,7.034629629629629,540
A712,6,18.1,6.412126865671642,536
A712,7,20.7,6.698484848484849,528
A712,8,23.0,7.860220994475139,543
A712,9,20.5,8.588998035363458,509
A712,10,19.1,9.311175337186897,519
A712,11,24.7,9.561264822134387,506
A712,12,23.5,9.257142857142858,532
A713,1,25.0,10.252508960573476,558
A713,2,24.4,9.852083333333333,480
A713,3,18.9,8.788045540796965,527
A713,4,23.6,7.990588235294117,510
A713,5,23.1,7.494296577946768,526
A713,6,21.8,7.478500986193294,507
A713,7,16.8,7.654905660377358,530
A713,8,22.1,8.652141527001861,537
A713,9,24.5,9.87045045045045,555
A713,10,23.4,10.412237762237762,572
A713,11,25.4,10.531725417439704,539
A713,12,24.4,10.26032315978456,557
A714,1,21.9,10.51508078994614,557
A714,2,24.4,9.865873015873015,504
A714,3,24.1,9.695833333333335,552
A714,4,21.9,8.860617059891107,551
A714,5,22.0,8.218384879725086,582
A714,6,20.5,7.947543859649123,570
A714,7,20.1,8.313597246127367,581
A714,8,21.3,9.177258064516128,620
A714,9,21.2,10.454166666666667,600
A714,10,24.7,11.082623509369677,587
A714,11,23.3,11.116931216931217,567
A714,12,24.1,10.612234042553192,564
A715,1,21.9,10.743796992481203,532
A715,2,24.0,10.31081081081081,481
A715,3,24.7,9.81252408477842,519
A715,4,20.9,8.958438818565401,474
A715,5,23.1,8.5708984375,512
A715,6,23.5,8.491,500
A715,7,22.6,8.893129770992367,524
A715,8,19.3,9.879297597042514,541
A715,9,24.1,10.69035250463822,539
A715,10,23.9,11.022388059701493,536
A715,11,24.1,11.00136186770428,514
A715,12,24.4,10.654480286738352,558
A716,1,24.0,8.958870967741936,496
A716,2,30.3,8.597658079625292,427
A716,3,22.8,8.136853448275861,464
A716,4,21.4,7.456673960612691,457
A716,5,24.5,7.2312633832976445,467
A716,6,17.4,6.889848812095033,463
A716,7,20.0,7.4424761904761905,525
A716,8,20.8,8.57591522157996,519
A716,9,25.6,9.747450980392156,510
A716,10,35.0,10.453212851405622,498
A716,11,30.7,10.131263858093126,451
A716,12,23.1,9.405040322580644,496
A717,1,24.3,10.12094455852156,487
A717,2,22.4,9.779379157427938,451
A717,3,23.0,8.757407407407408,486
A717,4,20.0,8.018112244897958,392
A717,5,23.3,8.136979166666666,384
A717,6,20.4,8.46111111111111,360
A717,7,19.0,8.972315035799523,419
A717,8,20.0,9.997747747747749,444
A717,9,20.8,10.144320712694878,449
A717,10,23.3,10.43658536585366,492
A717,11,23.5,10.59157894736842,475
A717,12,24.4,10.38790322580645,496
A718,1,22.9,9.909090909090908,539
A718,2,19.8,9.201814516129033,496
A718,3,23.7,8.581767955801105,543
A718,4,21.2,7.7851351351351346,518
A718,5,18.9,7.654448398576513,562
A718,6,19.7,7.755935251798562,556
A718,7,22.5,8.237565217391305,575
A718,8,17.8,9.323716814159292,565
A718,9,23.8,10.07262103505843,599
A718,10,24.8,10.408492201039861,577
A718,11,23.6,10.312037037037037,540
A718,12,23.2,9.992196007259528,551
A719,1,22.2,9.2544061302682,522
A719,2,20.4,9.045515695067264,446
A719,3,22.4,8.021308016877637,474
A719,4,17.9,7.297772828507795,449
A719,5,22.4,7.052360515021459,466
A719,6,15.7,7.319906323185012,427
A719,7,17.5,7.7584474885844745,438
A719,8,21.1,8.716142557651992,477
A719,9,18.8,9.018556701030928,485
A719,10,21.4,9.20828025477707,471
A719,11,22.1,9.26188524590164,488
A719,12,18.9,9.35744680851064,517
A720,1,24.3,9.202925989672977,581
A720,2,18.2,8.814205607476636,535
A720,3,20.6,8.130728241563055,563
A720,4,23.2,7.222040072859746,549
A720,5,17.7,6.529015544041451,579
A720,6,16.0,6.597173144876325,566
A720,7,20.1,7.156742556917688,571
A720,8,19.3,8.131214953271028,535
A720,9,22.9,9.012476722532588,537
A720,10,23.1,9.448745519713261,558
A720,11,23.5,9.168971631205673,564
A720,12,21.8,9.282512733446518,589
A721,1,23.1,9.996958174904941,526
A721,2,23.5,10.314318181818182,440
A721,3,22.0,9.401492537313434,469
A721,4,18.3,8.362212943632567,479
A721,5,21.1,8.434249471458774,473
A721,6,22.8,8.63098901098901,455
A721,7,19.7,9.171544715447153,492
A721,8,25.1,10.458648111332007,503
A721,9,23.0,10.843723849372385,478
A721,10,24.8,11.181065088757396,507
A721,11,29.5,10.642300194931774,513
A721,12,22.5,9.896798493408662,531
A722,1,20.0,8.170196078431372,510
A722,2,20.8,8.340659340659341,455
A722,3,18.4,7.291666666666667,468
A722,4,17.5,6.8584686774942,431
A722,5,18.0,6.399031476997579,413
A722,6,16.3,6.265079365079365,441
A722,7,20.2,6.613541666666666,480
A722,8,18.6,7.880833333333333,480
A722,9,21.5,8.191967871485943,498
A722,10,24.2,8.533400402414488,497
A722,11,22.4,8.492276422764228,492
A722,12,20.0,8.503238095238094,525
A723,1,22.0,9.196926713947992,423
A723,2,21.3,9.025586854460094,426
A723,3,18.1,8.271875,480
A723,4,19.0,7.897560975609757,451
A723,5,18.2,7.875445544554455,505
A723,6,17.8,8.22821052631579,475
A723,7,20.8,8.481818181818182,495
A723,8,20.7,9.560629921259842,508
A723,9,24.1,9.598023715415021,506
A723,10,23.2,10.018568665377177,517
A723,11,23.3,9.858989898989899,495
A723,12,20.9,9.50794297352342,491
A724,1,22.6,9.285245901639344,488
A724,2,20.5,8.923404255319149,423
A724,3,19.8,8.29440715883669,447
A724,4,23.6,7.812009237875288,433
A724,5,22.7,8.1018,500
A724,6,20.4,8.248922413793103,464
A724,7,22.0,8.670927835051545,485
A724,8,23.6,9.774059405940593,505
A724,9,25.1,10.177938144329897,485
A724,10,40.3,10.153333333333334,540
A724,11,24.7,9.975339805825243,515
A724,12,21.5,9.829841897233202,506
A725,1,23.4,10.1423828125,512
A725,2,22.1,9.742082429501085,461
A725,3,22.3,9.682077393075355,491
A725,4,18.9,8.886480686695279,466
A725,5,16.0,8.513319672131148,488
A725,6,18.3,8.532745098039216,510
A725,7,18.0,8.672296015180265,527
A725,8,18.9,9.729345794392524,535
A725,9,25.0,10.573112338858195,543
A725,10,23.5,10.887568555758683,547
A725,11,23.7,10.777254098360656,488
A725,12,22.3,10.366929133858267,508
A726,1,24.6,10.765537848605579,502
A726,2,22.4,10.129139072847682,453
A726,3,23.7,9.943713733075434,517
A726,4,20.6,8.756203007518797,532
A726,5,22.1,8.09802513464991,557
A726,6,23.2,7.545261121856867,517
A726,7,19.3,7.953700189753321,527
A726,8,24.2,9.15551330798479,526
A726,9,26.4,10.108522727272728,528
A726,10,25.0,10.887318840579711,552
A726,11,25.6,11.16076458752515,497
A726,12,25.5,10.857569721115539,502
A727,1,21.7,8.89437148217636,533
A727,2,21.0,8.588675213675213,468
A727,3,21.1,8.333461538461538,520
A727,4,18.9,7.842166344294004,517
A727,5,19.3,7.58132427843803,589
A727,6,17.9,7.323239436619719,568
A727,7,17.3,7.73157894736842,589
A727,8,21.1,8.76552901023891,586
A727,9,23.0,9.513957597173144,566
A727,10,22.3,9.83546712802768,578
A727,11,24.9,9.64078947368421,532
A727,12,19.2,9.208348457350272,551
A728,1,24.6,9.994784172661872,556
A728,2,23.8,9.899229287090558,519
A728,3,22.9,9.053831041257366,509
A728,4,18.9,7.947704590818364,501
A728,5,21.9,7.522340425531915,564
A728,6,20.6,7.17158081705151,563
A728,7,20.5,7.40867256637168,565
A728,8,14.9,8.28294434470377,557
A728,9,24.7,9.138148148148149,540
A728,10,21.9,9.832407407407407,540
A728,11,23.6,9.923469387755102,490
A728,12,22.8,9.967248062015505,516
A729,1,21.3,9.78,465
A729,2,21.7,9.279245283018868,424
A729,3,23.4,8.714623655913979,465
A729,4,20.5,7.930188679245283,424
A729,5,22.1,7.5845622119815665,434
A729,6,19.8,7.745563549160671,417
A729,7,19.5,8.586117647058824,425
A729,8,21.1,9.351741293532339,402
A729,9,21.7,9.912051282051282,390
A729,10,23.2,10.224317617866005,403
A729,11,21.8,9.896649484536082,388
A729,12,23.5,9.712280701754386,456
A730,1,22.9,10.42469135802469,486
A730,2,22.9,10.558520179372199,446
A730,3,21.9,9.715932914046121,477
A730,4,18.8,8.624267782426777,478
A730,5,18.5,8.277821011673153,514
A730,6,18.6,8.584,500
A730,7,17.5,9.341075268817205,465
A730,8,19.5,10.241949152542373,472
A730,9,24.6,11.029278350515463,485
A730,10,23.6,11.395028680688338,523
A730,11,23.5,10.864717741935483,496
A730,12,21.9,10.272073921971252,487
A731,1,18.8,8.983830845771145,402
A731,2,23.9,9.20365168539326,356
A731,3,18.3,8.62279792746114,386
A731,4,21.0,7.39746835443038,395
A731,5,19.6,6.901415094339622,424
A731,6,18.5,7.027053140096618,414
A731,7,19.2,7.6477541371158395,423
A731,8,18.3,8.67630979498861,439
A731,9,20.9,9.294497607655503,418
A731,10,20.5,9.931143552311434,411
A731,11,21.2,9.710840108401085,369
A731,12,22.1,8.800757575757576,396
A732,1,24.6,10.142857142857142,546
A732,2,23.7,10.671336206896552,464
A732,3,23.1,10.44792899408284,507
A732,4,24.0,8.822245322245323,481
A732,5,19.3,8.269024856596557,523
A732,6,21.4,8.856102362204723,508
A732,7,20.4,9.74657794676806,526
A732,8,23.4,10.854359925788497,539
A732,9,25.0,11.410408921933087,538
A732,10,25.0,11.868431372549018,510
A732,11,23.4,11.353722334004024,497
A732,12,22.8,10.315283018867925,530
A733,1,24.2,10.476280834914611,527
A733,2,22.9,9.929166666666667,480
A733,3,22.9,9.05239852398524,542
A733,4,21.5,8.360555555555555,540
A733,5,25.0,8.091218637992831,558
A733,6,18.4,8.508148148148148,540
A733,7,20.7,9.097222222222221,540
A733,8,18.9,9.924752475247525,505
A733,9,24.1,10.655094339622641,530
A733,10,24.2,10.662361623616237,542
A733,11,24.2,10.693109869646182,537
A733,12,24.0,10.532490974729242,554
A734,1,24.1,10.21751968503937,508
A734,2,22.8,9.571956521739132,460
A734,3,21.5,8.883681214421252,527
A734,4,23.6,8.479245283018868,530
A734,5,22.1,8.296504854368932,515
A734,6,17.6,8.32,485
A734,7,23.7,8.750201612903227,496
A734,8,16.9,9.912877263581489,497
A734,9,24.5,10.600591715976332,507
A734,10,28.6,10.649810606060607,528
A734,11,24.1,10.506720977596741,491
A734,12,26.6,10.471739130434782,552
A735,1,22.2,10.177828054298644,442
A735,2,24.3,9.668627450980393,408
A735,3,23.6,9.021810699588478,486
A735,4,17.6,8.111777301927194,467
A735,5,18.3,7.779437229437229,462
A735,6,24.6,7.823502304147466,434
A735,7,20.7,8.63490990990991,444
A735,8,18.6,9.611214953271029,428
A735,9,23.9,10.414146341463415,410
A735,10,24.4,10.697582417582417,455
A735,11,24.1,10.62967741935484,465
A735,12,23.7,10.310874704491725,423
A736,1,23.1,9.609297912713473,527
A736,2,21.4,9.284989858012171,493
A736,3,21.4,8.293357271095152,557
A736,4,20.3,7.656666666666667,540
A736,5,19.0,7.615591397849462,558
A736,6,24.9,7.913568773234201,538
A736,7,17.6,8.548545454545454,550
A736,8,20.6,9.280669144981413,538
A736,9,21.5,9.885714285714284,539
A736,10,22.3,10.152302025782689,543
A736,11,23.7,9.918039215686274,510
A736,12,21.2,9.741745730550283,527
A737,1,19.5,9.441046277665995,497
A737,2,20.4,8.838215102974829,437
A737,3,24.0,8.409016393442624,488
A737,4,21.5,7.520604914933838,529
A737,5,18.2,7.361111111111111,558
A737,6,21.1,7.338246268656717,536
A737,7,17.4,7.703249097472924,554
A737,8,16.9,8.815770609318996,558
A737,9,21.0,9.638779527559056,508
A737,10,24.8,10.421263157894737,475
A737,11,23.4,10.162913907284768,453
A737,12,21.9,9.695339805825244,515
A738,1,21.7,9.032629558541267,521
A738,2,18.2,8.862693156732892,453
A738,3,23.0,8.273009708737865,515
A738,4,15.3,7.4805882352941175,510
A738,5,16.6,7.0888045540796965,527
A738,6,16.9,7.2565298507462686,536
A738,7,17.4,7.671978021978021,546
A738,8,17.0,8.404621072088723,541
A738,9,22.8,9.101219512195122,492
A738,10,22.2,9.442465753424658,511
A738,11,23.0,9.18560157790927,507
A738,12,24.7,9.2146110056926,527
A739,1,20.2,8.6375854214123,439
A739,2,17.3,8.148362720403023,397
A739,3,16.2,7.588583509513742,473
A739,4,17.5,6.8031578947368425,475
A739,5,15.3,6.824948024948025,481
A739,6,16.8,6.836666666666667,450
A739,7,21.0,6.981181619256017,457
A739,8,18.6,7.682678983833718,433
A739,9,19.0,8.28393665158371,442
A739,10,19.5,8.739858490566037,424
A739,11,24.7,8.722604422604423,407
A739,12,21.5,8.584101382488479,434
A740,1,23.6,9.980392156862745,459
A740,2,23.4,9.452511415525114,438
A740,3,20.2,8.591182364729459,499
A740,4,18.2,7.328111587982833,466
A740,5,21.2,7.039354838709678,465
A740,6,24.1,6.969213483146068,445
A740,7,19.0,7.130322580645161,465
A740,8,18.7,7.788571428571429,455
A740,9,24.6,8.61743119266055,436
A740,10,24.2,9.215536105032823,457
A740,11,27.8,9.600675675675676,444
A740,12,23.0,9.62721649484536,485
A741,1,19.7,10.517972350230416,434
A741,2,20.9,9.741370558375634,394
A741,3,20.6,9.468980477223427,461
A741,4,17.2,9.16703539823009,452
A741,5,16.3,8.642073170731706,492
A741,6,21.7,8.460169491525424,472
A741,7,22.2,8.725354969574036,493
A741,8,24.7,10.124137931034483,493
A741,9,23.8,11.186831275720165,486
A741,10,22.7,11.703632478632478,468
A741,11,23.1,11.274278846153846,416
A741,12,19.2,10.717972350230415,434
A742,1,24.3,9.543607305936074,438
A742,2,24.5,9.341564792176039,409
A742,3,20.8,8.11111111111111,486
A742,4,19.7,7.323382045929019,479
A742,5,23.2,7.108266129032257,496
A742,6,17.5,7.05,474
A742,7,15.9,7.6882226980728054,467
A742,8,18.1,8.623010752688172,465
A742,9,24.7,9.205111111111112,450
A742,10,24.8,9.527927927927927,444
A742,11,22.6,9.622737819025522,431
A742,12,23.4,9.930821917808219,438
A743,1,20.3,9.89073275862069,464
A743,2,23.2,10.211556603773584,424
A743,3,27.5,9.280561555075593,463
A743,4,24.8,7.9227083333333335,480
A743,5,17.7,7.551612903225807,496
A743,6,18.8,7.803711340206186,485
A743,7,18.4,8.601707779886148,527
A743,8,21.9,9.759160305343512,524
A743,9,29.9,10.150796812749004,502
A743,10,30.8,10.975675675675676,481
A743,11,26.4,10.295824175824176,455
A743,12,23.7,9.9225321888412,466
A744,1,24.2,10.576363636363638,220
A744,2,20.1,9.760952380952382,210
A744,3,19.9,9.28508064516129,248
A744,4,16.7,8.567499999999999,240
A744,5,25.3,8.311392405063291,237
A744,6,19.6,7.994583333333334,240
A744,7,19.6,8.348790322580646,248
A744,8,17.5,9.124886877828054,221
A744,9,38.1,10.333809523809524,210
A744,10,21.7,10.993809523809523,210
A744,11,20.6,10.475961538461538,208
A744,12,42.3,10.263942307692307,208
A745,1,24.2,11.942391304347826,92
A745,2,22.7,11.341666666666667,84
A745,3,21.8,12.15483870967742,93
A745,4,20.8,10.995061728395061,81
A745,5,19.6,10.834375,64
A745,6,21.0,10.961403508771928,57
A745,7,20.9,9.860240963855421,83
A745,8,21.3,10.871304347826088,115
A745,9,22.2,11.435779816513762,109
A745,10,21.5,11.089320388349515,103
A745,11,23.0,11.33157894736842,95
A745,12,19.5,10.500970873786407,103
A746,1,16.1,7.428065395095367,367
A746,2,17.7,7.082697947214076,341
A746,3,20.4,6.478117048346056,393
A746,4,18.1,5.846472019464721,411
A746,5,15.8,5.875592417061611,422
A746,6,13.4,5.873366834170854,398
A746,7,15.2,5.816517857142857,448
A746,8,14.3,6.39070796460177,452
A746,9,19.4,6.680320366132723,437
A746,10,17.2,6.916173120728929,439
A746,11,15.6,6.799744897959184,392
A746,12,17.4,6.906356968215158,409
A747,1,25.4,10.366793168880456,527
A747,2,23.5,10.011666666666667,480
A747,3,23.6,8.972106261859583,527
A747,4,23.2,8.194038461538462,520
A747,5,21.7,8.121505376344086,558
A747,6,23.0,8.403518518518517,540
A747,7,22.8,8.758527827648114,557
A747,8,22.1,9.807954545454546,528
A747,9,24.1,10.623018867924529,530
A747,10,26.2,11.141436464088398,543
A747,11,25.0,11.008627450980391,510
A747,12,24.4,10.933206831119545,527
A748,1,19.2,7.836866359447004,434
A748,2,16.5,7.550000000000001,396
A748,3,15.0,6.974592074592074,429
A748,4,16.1,6.399514563106796,412
A748,5,17.4,6.1273563218390805,435
A748,6,21.1,6.296296296296297,432
A748,7,13.6,6.70258064516129,465
A748,8,17.6,7.480865603644647,439
A748,9,23.0,8.105853658536585,410
A748,10,19.6,8.435903614457832,415
A748,11,18.5,8.294976076555024,418
A748,12,15.6,7.958294930875576,434
A749,1,23.4,9.443087557603688,434
A749,2,21.6,9.662278481012658,395
A749,3,19.2,8.77741935483871,434
A749,4,19.4,8.081958762886599,388
A749,5,16.6,7.949004975124378,402
A749,6,17.6,8.037220843672456,403
A749,7,18.0,8.704387990762125,433
A749,8,20.4,9.480841121495327,428
A749,9,20.9,9.656265356265356,407
A749,10,21.2,10.229256594724221,417
A749,11,22.4,9.744170403587443,446
A749,12,20.9,9.39151376146789,436
A750,1,20.9,9.621505376344086,372
A750,2,23.7,10.147267759562842,366
A750,3,23.5,9.513647642679901,403
A750,4,22.6,8.315223097112861,381
A750,5,21.5,8.27080291970803,411
A750,6,17.0,8.321002386634845,419
A750,7,22.8,8.923870967741935,465
A750,8,24.3,9.968318965517241,464
A750,9,23.1,10.625,448
A750,10,22.8,11.126,450
A750,11,23.2,10.392658227848102,395
A750,12,24.4,9.649197860962568,374
A751,1,22.1,9.614516129032259,496
A751,2,20.6,9.563657957244656,421
A751,3,20.6,9.01889400921659,434
A751,4,23.5,8.480046403712297,431
A751,5,24.7,8.634934497816595,458
A751,6,17.4,8.60728051391863,467
A751,7,19.1,9.084928716904276,491
A751,8,18.7,10.16341463414634,492
A751,9,24.4,10.436610878661087,478
A751,10,25.0,10.598360655737705,488
A751,11,23.8,10.106485355648536,478
A751,12,24.9,9.67995951417004,494
A752,1,24.5,10.254408602150537,465
A752,2,22.2,10.277358490566039,424
A752,3,22.5,9.559329140461216,477
A752,4,21.2,8.639229024943312,441
A752,5,24.4,8.445454545454545,451
A752,6,18.7,8.247682119205297,453
A752,7,21.9,8.994421487603306,484
A752,8,21.0,9.83991683991684,481
A752,9,24.8,10.395677799607071,509
A752,10,24.9,10.827868852459016,488
A752,11,24.7,10.738000000000001,450
A752,12,24.0,10.37758620689655,464
A753,1,19.2,9.14891774891775,462
A753,2,21.1,8.717661097852028,419
A753,3,22.8,8.203879310344828,464
A753,4,16.8,7.442444444444444,450
A753,5,19.3,7.023225806451613,465
A753,6,21.2,7.183333333333334,450
A753,7,17.4,7.758382642998027,507
A753,8,20.7,8.782661290322581,496
A753,9,21.5,9.539634146341463,492
A753,10,25.0,9.902661596958175,526
A753,11,23.2,9.587916666666667,480
A753,12,20.1,9.334647302904564,482
A754,1,20.0,9.573706004140787,483
A754,2,18.0,9.401438848920863,417
A754,3,21.1,9.084913793103448,464
A754,4,17.4,8.285555555555556,450
A754,5,20.5,8.221651785714286,448
A754,6,17.0,8.533262260127932,469
A754,7,22.0,9.114141414141415,495
A754,8,19.6,9.988979591836735,490
A754,9,24.2,10.283370288248337,451
A754,10,41.6,10.591891891891892,481
A754,11,23.8,10.291885964912282,456
A754,12,24.8,9.817338709677419,496
A755,1,28.1,9.90791788856305,341
A755,2,22.8,9.364820846905538,307
A755,3,21.2,8.938823529411764,340
A755,4,19.4,7.6045454545454545,374
A755,5,21.4,7.011051212938005,371
A755,6,17.1,6.917701863354037,322
A755,7,20.6,6.744864864864865,370
A755,8,23.8,7.965671641791045,402
A755,9,22.5,9.071629213483146,356
A755,10,22.7,9.494397759103641,357
A755,11,29.2,9.548181818181819,330
A755,12,21.6,9.69149560117302,341
A756,1,22.0,9.43162583518931,449
A756,2,21.4,8.830075187969925,399
A756,3,21.0,8.180931263858094,451
A756,4,19.2,7.127518427518428,407
A756,5,17.7,6.814047619047619,420
A756,6,18.3,7.138902743142144,401
A756,7,17.4,7.546279069767442,430
A756,8,19.3,8.495555555555555,450
A756,9,23.5,9.094000000000001,450
A756,10,24.8,9.73442265795207,459
A756,11,21.8,9.341999999999999,450
A756,12,24.4,9.854623655913977,465
A757,1,23.1,9.621370967741935,248
A757,2,20.7,9.26,215
A757,3,23.7,8.482488479262672,217
A757,4,19.7,8.19203539823009,226
A757,5,17.9,7.9125,248
A757,6,18.2,7.835416666666666,240
A757,7,18.9,8.379032258064516,248
A757,8,21.8,9.395185185185184,270
A757,9,19.0,9.33903345724907,269
A757,10,24.2,9.738022813688213,263
A757,11,21.9,9.453750000000001,240
A757,12,21.3,9.881854838709677,248
A758,1,19.5,9.027441860465117,430
A758,2,18.5,8.635433070866142,381
A758,3,16.6,8.131017369727047,403
A758,4,20.8,7.399477806788512,383
A758,5,16.7,7.273756906077348,362
A758,6,16.5,7.592708333333333,384
A758,7,20.7,7.778908188585608,403
A758,8,17.8,8.659815242494226,433
A758,9,23.9,8.788809523809524,420
A758,10,22.8,8.934660421545667,427
A758,11,23.8,8.92095238095238,420
A758,12,22.9,9.067511520737328,434
A759,1,24.1,10.85921985815603,282
A759,2,24.5,10.302120141342757,283
A759,3,23.1,9.472903225806451,310
A759,4,22.4,8.768923076923077,325
A759,5,21.2,8.81448087431694,366
A759,6,24.1,8.683094555873925,349
A759,7,20.1,9.130523255813953,344
A759,8,19.8,10.075,360
A759,9,23.4,11.075454545454546,330
A759,10,21.6,11.140184049079753,326
A759,11,26.0,11.317333333333332,300
A759,12,24.9,10.55672131147541,305
A760,1,24.6,11.164194373401534,391
A760,2,23.7,11.197534246575342,365
A760,3,25.0,10.332315521628498,393
A760,4,23.1,9.08092643051771,367
A760,5,20.2,8.902551020408163,392
A760,6,15.9,9.094587628865979,388
A760,7,20.4,9.74317617866005,403
A760,8,22.4,10.533333333333333,402
A760,9,23.4,11.273589743589744,390
A760,10,24.6,12.116237113402063,388
A760,11,22.0,11.713091922005571,359
A760,12,22.6,11.621108179419524,379
A761,1,22.8,10.985337243401759,341
A761,2,22.7,10.912861736334406,311
A761,3,24.1,10.566850828729281,362
A761,4,21.1,9.710833333333333,360
A761,5,19.1,9.088709677419354,372
A761,6,16.2,9.240277777777777,360
A761,7,17.4,9.751075268817205,372
A761,8,21.6,11.13279569892473,372
A761,9,22.7,11.580857142857143,350
A761,10,24.5,12.094397759103641,357
A761,11,24.7,11.861006289308177,318
A761,12,23.1,11.328318584070797,339
A762,1,23.2,10.856521739130436,207
A762,2,21.2,10.312690355329948,197
A762,3,23.7,10.052534562211981,217
A762,4,19.9,9.014110429447852,163
A762,5,17.1,9.043624161073826,149
A762,6,16.0,9.016666666666667,150
A762,7,15.6,9.526250000000001,160
A762,8,21.8,10.493373493975904,166
A762,9,25.4,10.89875,160
A762,10,41.3,11.695169082125604,207
A762,11,30.7,11.275107296137339,233
A762,12,22.8,11.031020408163265,245
A763,1,17.9,8.736453201970443,203
A763,2,17.8,8.548214285714286,168
A763,3,14.1,8.236994219653178,173
A763,4,13.8,7.628333333333333,180
A763,5,13.6,7.719806763285024,207
A763,6,18.1,7.764912280701755,228
A763,7,13.4,8.254032258064516,248
A763,8,23.3,9.104060913705585,197
A763,9,24.0,9.489805825242719,206
A763,10,19.6,9.504524886877828,221
A763,11,33.8,9.716190476190476,210
A763,12,15.2,8.843778801843317,217
A764,1,25.5,9.282027649769585,217
A764,2,16.9,9.068181818181818,198
A764,3,15.4,8.286666666666667,240
A764,4,15.2,7.551680672268907,238
A764,5,16.8,7.057407407407408,216
A764,6,13.1,7.1995000000000005,200
A764,7,12.9,7.456744186046512,215
A764,8,17.2,8.49090909090909,209
A764,9,18.5,9.093333333333334,180
A764,10,20.3,9.628651685393258,178
A764,11,19.6,9.67952380952381,210
A764,12,19.1,9.441474654377881,217
A765,1,19.3,7.170108695652174,184
A765,2,19.3,7.092349726775957,183
A765,3,18.8,7.163084112149533,214
A765,4,22.1,6.82621359223301,206
A765,5,27.2,6.776056338028169,213
A765,6,18.4,6.598522167487685,203
A765,7,18.6,6.988202247191012,178
A765,8,27.1,7.096648044692738,179
A765,9,15.9,7.163372093023256,172
A765,10,21.2,7.597905759162304,191
A765,11,24.8,7.8,182
A765,12,20.1,7.189047619047619,210
A766,1,17.5,7.857575757575757,99
A766,2,14.9,8.509734513274337,113
A766,3,22.4,7.6178294573643415,129
A766,4,15.8,6.708783783783784,148
A766,5,15.5,5.935802469135803,162
A766,6,12.7,5.537951807228915,166
A766,7,38.4,5.996685082872928,181
A766,8,15.7,6.84,165
A766,9,13.5,7.041739130434782,115
A766,10,21.1,8.466379310344827,116
A766,11,14.4,8.771698113207547,106
A766,12,15.9,8.722689075630251,119
A767,1,26.5,10.473809523809523,84
A767,2,19.5,10.203508771929824,57
A767,3,17.0,10.13125,48
A767,4,26.8,9.541891891891892,74
A767,5,27.5,10.135483870967743,93
A767,6,28.4,9.195294117647059,85
A767,7,20.7,9.966666666666667,93
A767,8,23.9,10.43956043956044,91
A767,9,19.2,11.3,90
A767,10,18.5,10.49078947368421,76
A767,11,20.5,11.209999999999999,90
A767,12,17.0,10.096666666666668,90
A768,1,21.6,10.077880184331798,217
A768,2,17.4,9.400520833333333,192
A768,3,18.6,9.302032520325204,246
A768,4,17.5,8.564285714285715,224
A768,5,20.0,8.670399999999999,250
A768,6,15.5,8.669019607843136,255
A768,7,14.5,9.083730158730159,252
A768,8,17.9,9.922348484848484,264
A768,9,25.2,10.685514018691588,214
A768,10,26.3,11.114659685863876,191
A768,11,26.2,10.830857142857143,175
A768,12,19.6,10.083132530120482,166
A769,1,26.4,9.754054054054054,185
A769,2,23.5,9.317582417582416,182
A769,3,20.9,8.341346153846153,208
A769,4,18.8,6.999004975124378,201
A769,5,18.2,6.88388625592417,211
A769,6,13.8,6.651207729468599,207
A769,7,20.7,7.092957746478873,213
A769,8,20.9,8.01720930232558,215
A769,9,16.3,8.450717703349282,209
A769,10,22.2,9.5,211
A769,11,27.9,9.49388888888889,180
A769,12,24.6,9.581720430107527,186
A770,1,19.7,9.416756756756756,185
A770,2,18.8,9.066470588235294,170
A770,3,22.8,9.01989247311828,186
A770,4,13.1,7.948333333333333,180
A770,5,15.5,8.03763440860215,186
A770,6,17.8,7.932777777777778,180
A770,7,17.3,8.371162790697674,215
A770,8,17.6,9.483410138248848,217
A770,9,18.8,10.195714285714285,210
A770,10,21.2,10.452970297029703,202
A770,11,18.0,9.920555555555556,180
A770,12,18.8,9.518279569892474,186
A771,1,17.5,9.328877005347593,187
A771,2,17.9,9.378285714285715,175
A771,3,16.7,9.010344827586206,203
A771,4,15.8,8.35492957746479,213
A771,5,18.3,8.165983606557377,244
A771,6,14.8,7.775,240
A771,7,21.7,7.940725806451613,248
A771,8,19.8,8.454032258064515,248
A771,9,15.9,9.009583333333333,240
A771,10,29.9,9.27725321888412,233
A771,11,21.7,9.873333333333333,210
A771,12,21.4,9.482758620689655,203
A801,1,33.2,9.595169712793734,766
A801,2,22.1,9.207943262411348,705
A801,3,25.0,8.600905562742561,773
A801,4,19.6,7.91016713091922,718
A801,5,20.8,7.1640434192672995,737
A801,6,19.8,6.917823129251701,735
A801,7,19.6,7.396887159533074,771
A801,8,21.0,8.039842726081257,763
A801,9,18.7,9.159445178335535,757
A801,10,29.8,9.5248730964467,788
A801,11,25.7,9.6766846361186,742
A801,12,22.3,9.733115183246074,764
A802,1,26.3,11.095820433436533,646
A802,2,22.8,10.891077441077442,594
A802,3,31.7,10.485885885885887,666
A802,4,23.9,9.963650306748466,652
A802,5,25.8,9.583742331288343,652
A802,6,21.8,9.592586490939045,607
A802,7,24.5,9.677905073649754,611
A802,8,24.7,10.833557046979866,596
A802,9,30.0,11.565818181818182,550
A802,10,30.6,11.715912897822445,597
A802,11,22.4,11.47857142857143,602
A802,12,26.6,11.448895434462445,679
A803,1,23.2,9.545013477088949,742
A803,2,23.9,8.837610619469025,678
A803,3,25.3,8.231377899045022,733
A803,4,24.6,7.905401459854015,685
A803,5,26.3,7.564350453172206,662
A803,6,22.5,7.979166666666667,576
A803,7,24.0,8.34502712477396,553
A803,8,26.0,9.337873754152824,602
A803,9,24.7,9.505902192242832,593
A803,10,26.2,9.86427457098284,641
A803,11,24.4,9.762118780096309,623
A803,12,24.2,9.755755894590845,721
A804,1,25.3,10.328455284552845,615
A804,2,29.7,9.929909909909911,555
A804,3,31.0,9.390205371248026,633
A804,4,23.8,9.094762684124385,611
A804,5,24.4,8.727090301003345,598
A804,6,20.2,8.846507352941176,544
A804,7,20.5,9.252581261950288,523
A804,8,23.9,10.08984238178634,571
A804,9,24.4,10.09200680272109,588
A804,10,31.1,10.614974182444062,581
A804,11,23.7,10.437201365187713,586
A804,12,32.3,10.476117103235747,649
A805,1,36.4,10.294830371567043,619
A805,2,30.9,9.591119005328597,563
A805,3,24.8,9.373082942097026,639
A805,4,26.7,9.140967741935484,620
A805,5,22.8,8.83664596273292,644
A805,6,39.6,9.28531684698609,647
A805,7,21.8,8.999378881987578,644
A805,8,31.1,9.863723916532907,623
A805,9,33.4,10.313216560509554,628
A805,10,27.0,10.905371248025277,633
A805,11,34.1,10.861672473867596,574
A805,12,23.7,10.470646766169155,603
A806,1,24.3,9.883870967741935,651
A806,2,34.5,9.654131534569983,593
A806,3,28.2,9.287687687687688,666
A806,4,24.7,8.82218649517685,622
A806,5,17.9,8.208716323296354,631
A806,6,25.6,8.23025078369906,638
A806,7,19.0,8.589450222882615,673
A806,8,21.3,9.660587326120556,647
A806,9,19.7,9.913492063492063,630
A806,10,22.2,10.207620528771384,643
A806,11,21.9,10.30752,625
A806,12,20.7,10.280645161290323,651
A807,1,19.0,9.79269949066214,589
A807,2,18.8,9.317132216014897,537
A807,3,20.6,8.757605177993527,618
A807,4,22.7,7.987785016286645,614
A807,5,21.1,7.994006309148265,634
A807,6,26.7,8.081387478849408,591
A807,7,24.2,8.317355371900826,605
A807,8,20.8,8.764965986394557,588
A807,9,25.2,9.27460595446585,571
A807,10,23.5,9.413712374581939,598
A807,11,23.4,9.48561403508772,570
A807,12,24.6,9.532427843803056,589
A808,1,23.3,9.70679245283019,530
A808,2,24.5,9.636423841059603,453
A808,3,23.0,9.680078125,512
A808,4,22.4,9.604664179104478,536
A808,5,22.1,9.19119850187266,534
A808,6,23.6,8.825457875457875,546
A808,7,22.3,9.249312714776632,582
A808,8,21.4,10.303589743589745,585
A808,9,23.5,11.03903345724907,538
A808,10,21.5,11.2415770609319,558
A808,11,25.9,10.938132295719845,514
A808,12,31.2,10.416666666666666,558
A809,1,23.8,10.664864864864866,555
A809,2,27.0,10.21791907514451,519
A809,3,28.4,9.794376098418278,569
A809,4,22.7,9.227022058823529,544
A809,5,22.5,9.091522157996147,519
A809,6,22.3,8.910864745011088,451
A809,7,20.3,9.464253393665158,442
A809,8,19.9,10.49643605870021,477
A809,9,24.7,10.883333333333335,492
A809,10,23.0,11.606766917293234,532
A809,11,23.3,11.176536312849162,537
A809,12,26.8,11.016487455197133,558
A810,1,36.6,9.444064748201438,556
A810,2,27.7,9.062886597938144,485
A810,3,25.3,8.231168831168832,539
A810,4,24.7,8.131297709923665,524
A810,5,18.9,7.518627450980392,510
A810,6,22.0,7.614678899082569,436
A810,7,20.2,7.7014344262295085,488
A810,8,21.1,8.456603773584906,477
A810,9,29.1,8.961538461538462,468
A810,10,33.6,9.957918552036197,442
A810,11,24.6,9.572633744855967,486
A810,12,24.8,9.781818181818181,572
A811,1,25.1,12.7900390625,512
A811,2,30.6,12.532871287128714,505
A811,3,25.1,11.946837606837606,585
A811,4,24.8,11.532982456140351,570
A811,5,27.8,11.41015761821366,571
A811,6,26.2,12.040706319702602,538
A811,7,28.3,12.252972972972973,555
A811,8,24.6,13.063799283154122,558
A811,9,30.3,13.627788279773158,529
A811,10,37.1,13.464367816091954,522
A811,11,24.9,13.000787401574803,508
A811,12,32.1,13.05901328273245,527
A814,1,33.1,7.684325396825397,504
A814,2,23.3,7.332451923076923,416
A814,3,18.5,6.846265560165976,482
A814,4,18.6,6.346304347826087,460
A814,5,21.2,6.125155925155925,481
A814,6,20.8,5.915725806451612,496
A814,7,19.2,6.325,448
A814,8,17.1,7.016591928251121,446
A814,9,18.1,7.968345323741008,417
A814,10,23.0,8.052208835341366,498
A814,11,23.6,7.9149377593361,482
A814,12,21.0,7.8087452471482885,526
A815,1,20.6,9.494117647058824,527
A815,2,22.8,9.10375,480
A815,3,18.7,8.696774193548388,527
A815,4,24.8,8.381214421252372,527
A815,5,20.8,8.723920863309353,556
A815,6,25.7,9.350766283524905,522
A815,7,23.1,9.436968576709797,541
A815,8,25.4,9.813384321223708,523
A815,9,27.6,10.049074074074074,540
A815,10,27.9,10.230588235294118,510
A815,11,23.2,9.629116465863454,498
A815,12,30.1,9.477988614800758,527
A816,1,26.3,11.565050505050504,495
A816,2,22.7,11.370853080568718,422
A816,3,25.2,10.407936507936506,441
A816,4,29.6,9.78524945770065,461
A816,5,22.5,10.30418502202643,454
A816,6,27.6,11.28111888111888,429
A816,7,31.9,11.264976958525345,434
A816,8,34.0,12.025925925925925,459
A816,9,36.2,12.172954545454544,440
A816,10,37.7,12.161111111111111,450
A816,11,27.3,11.580208333333333,480
A816,12,26.8,11.443548387096774,496
A817,1,26.5,8.432422586520946,549
A817,2,23.3,7.878207739307535,491
A817,3,24.7,7.249333333333333,525
A817,4,19.4,6.487835051546392,485
A817,5,21.1,6.4117021276595745,470
A817,6,33.6,6.591855203619909,442
A817,7,21.5,6.476565656565657,495
A817,8,21.5,6.871809523809524,525
A817,9,20.5,7.158939096267191,509
A817,10,24.1,7.3320610687022905,524
A817,11,35.1,7.771375464684015,538
A817,12,25.4,8.291123188405797,552
A818,1,19.9,9.158823529411764,527
A818,2,20.8,8.789166666666667,480
A818,3,18.8,8.335863377609108,527
A818,4,20.7,7.555098039215686,510
A818,5,24.9,7.35270018621974,537
A818,6,20.1,7.122090729783038,507
A818,7,18.3,7.410452961672474,574
A818,8,21.3,8.269586776859505,605
A818,9,21.4,9.042245989304812,561
A818,10,24.1,9.518939393939394,528
A818,11,19.1,9.162962962962963,513
A818,12,24.1,9.131878557874764,527
A819,1,20.1,9.378181818181817,495
A819,2,21.0,8.672892938496583,439
A819,3,20.6,8.445588235294117,476
A819,4,21.9,7.903777777777777,450
A819,5,23.2,7.938577586206897,464
A819,6,25.6,8.154444444444444,450
A819,7,20.7,8.420892494929006,493
A819,8,20.5,8.632177263969172,519
A819,9,21.6,9.282083333333333,480
A819,10,24.8,9.561693548387098,496
A819,11,22.7,9.28930817610063,477
A819,12,23.7,9.30828282828283,495
A820,1,29.2,11.057804459691251,583
A820,2,21.8,11.234328358208955,536
A820,3,25.8,10.05993208828523,589
A820,4,27.6,9.200176056338028,568
A820,5,24.1,9.163636363636364,561
A820,6,22.2,9.316725352112675,568
A820,7,25.1,10.085051546391753,582
A820,8,28.5,11.191681109185442,577
A820,9,29.3,11.969491525423729,531
A820,10,34.6,12.389575971731448,566
A820,11,28.6,11.397454545454545,550
A820,12,25.5,10.502044293015333,587
A821,1,23.8,11.49744058500914,547
A821,2,22.1,10.994069529652352,489
A821,3,22.5,10.803881700554529,541
A821,4,27.1,10.529467680608365,526
A821,5,19.8,9.718198529411765,544
A821,6,19.4,8.899446494464945,542
A821,7,19.4,9.547695035460992,564
A821,8,21.3,10.967894736842105,570
A821,9,25.4,12.342021276595744,564
A821,10,29.0,13.120964749536178,539
A821,11,24.5,12.929729729729731,518
A821,12,24.8,11.795840867992768,553
A822,1,20.8,9.574844720496895,322
A822,2,20.9,9.384756097560976,328
A822,3,21.4,8.46618911174785,349
A822,4,20.4,8.03014184397163,282
A822,5,20.3,8.328308823529412,272
A822,6,18.2,7.565413533834587,266
A822,7,23.1,8.22078853046595,279
A822,8,18.9,9.102380952380953,294
A822,9,24.5,10.149242424242425,264
A822,10,28.0,10.993548387096775,248
A822,11,29.2,10.20952380952381,252
A822,12,21.6,9.869550173010381,289
A823,1,20.0,8.915827338129496,556
A823,2,19.2,8.455905511811025,508
A823,3,21.1,8.203676470588235,544
A823,4,25.5,7.6727642276422765,492
A823,5,28.8,7.791619047619047,525
A823,6,26.3,7.855463917525773,485
A823,7,25.9,8.028571428571428,483
A823,8,22.7,8.686621315192744,441
A823,9,34.2,9.2,471
A823,10,28.2,8.920939334637966,511
A823,11,20.3,8.62396694214876,484
A823,12,20.4,8.793829401088928,551
A824,1,24.4,11.33235294117647,374
A824,2,30.8,11.323901098901098,364
A824,3,21.8,10.39950248756219,402
A824,4,23.8,10.165945945945946,370
A824,5,21.5,9.659240506329114,395
A824,6,19.5,9.761154855643044,381
A824,7,23.1,10.342377260981912,387
A824,8,25.1,11.314473684210526,380
A824,9,22.3,11.71111111111111,369
A824,10,32.0,12.192204301075268,372
A824,11,30.5,11.905830903790086,343
A824,12,22.0,11.578191489361702,376
A825,1,28.5,10.259872611464967,314
A825,2,24.8,10.352920962199311,291
A825,3,24.8,9.678827361563519,307
A825,4,22.4,8.864220183486239,327
A825,5,20.2,8.398240469208211,341
A825,6,22.7,8.209148264984227,317
A825,7,30.3,8.922792022792024,351
A825,8,21.5,9.83855421686747,332
A825,9,25.7,10.641059602649007,302
A825,10,24.8,11.409620991253645,343
A825,11,33.1,10.524556962025317,395
A825,12,30.6,10.308238636363637,352
A826,1,20.3,9.963841807909604,531
A826,2,22.0,9.172386587771202,507
A826,3,21.4,8.792743362831859,565
A826,4,24.1,8.219746376811594,552
A826,5,25.9,8.002376910016977,589
A826,6,19.3,8.16314814814815,540
A826,7,19.9,8.43448275862069,522
A826,8,22.1,9.61873905429072,571
A826,9,20.5,9.992807017543859,570
A826,10,25.8,10.54631217838765,583
A826,11,26.2,10.028153564899451,547
A826,12,21.7,9.826820603907638,563
A827,1,24.9,11.664163822525596,586
A827,2,26.1,11.206703910614525,537
A827,3,25.0,10.280735551663748,571
A827,4,25.8,10.03080985915493,568
A827,5,19.9,9.620255474452554,548
A827,6,22.2,10.014139344262293,488
A827,7,22.2,10.351185770750988,506
A827,8,24.9,11.098163265306123,490
A827,9,29.9,11.612987012987013,539
A827,10,26.6,11.387630662020905,574
A827,11,40.0,11.461296296296297,540
A827,12,29.8,11.580824372759857,558
A828,1,24.7,9.256925996204933,527
A828,2,21.5,9.055043859649123,456
A828,3,22.3,8.35131845841785,493
A828,4,20.4,8.269851380042462,471
A828,5,17.3,8.152051835853133,463
A828,6,27.9,8.377345537757437,437
A828,7,20.1,8.546666666666667,510
A828,8,26.1,9.196039603960395,505
A828,9,24.9,9.523014256619145,491
A828,10,35.2,9.697936210131331,533
A828,11,22.2,9.63679060665362,511
A828,12,21.2,9.46439393939394,528
A829,1,27.2,13.679723502304148,434
A829,2,26.1,13.257907542579076,411
A829,3,28.8,12.618241758241759,455
A829,4,27.5,12.210705596107056,411
A829,5,26.6,12.765336658354114,401
A829,6,30.2,13.621556886227546,334
A829,7,28.3,13.984345047923323,313
A829,8,27.6,14.709259259259259,270
A829,9,44.4,14.820560747663551,214
A829,10,28.3,14.278521126760563,284
A829,11,27.9,13.707558139534882,344
A829,12,28.7,13.708986175115207,434
A830,1,26.3,10.195238095238096,546
A830,2,22.7,9.516985138004246,471
A830,3,30.8,9.075717017208413,523
A830,4,24.8,8.332581967213114,488
A830,5,21.8,8.34819532908705,471
A830,6,20.6,8.533849557522124,452
A830,7,18.9,8.568993839835729,487
A830,8,22.1,9.58952879581152,573
A830,9,24.4,9.954188948306596,561
A830,10,31.1,10.735078534031413,573
A830,11,32.0,10.197570093457944,535
A830,12,30.8,10.29476534296029,554
A831,1,30.9,11.264326375711576,527
A831,2,29.1,10.6875,464
A831,3,26.7,9.956959706959706,546
A831,4,24.4,9.580943396226415,530
A831,5,27.1,9.102661596958175,526
A831,6,21.0,9.23406374501992,502
A831,7,24.6,9.784703632887188,523
A831,8,27.3,10.819460500963391,519
A831,9,24.1,10.983711340206186,485
A831,10,32.0,11.538671875,512
A831,11,25.6,11.197394789579159,499
A831,12,33.6,11.200379506641367,527
A832,1,22.8,10.30663082437276,558
A832,2,24.1,9.671576763485477,482
A832,3,25.5,9.084826325411333,547
A832,4,22.3,8.588703703703702,540
A832,5,18.5,8.239051094890511,548
A832,6,21.7,8.188212927756654,526
A832,7,17.7,8.280000000000001,510
A832,8,29.5,9.542774566473987,519
A832,9,19.6,10.157052631578948,475
A832,10,24.8,10.493738140417458,527
A832,11,30.5,10.165471698113207,530
A832,12,28.2,10.355734767025089,558
A833,1,25.7,9.771975806451612,496
A833,2,35.6,9.445353982300885,452
A833,3,22.5,8.792759295499023,511
A833,4,23.6,8.619047619047619,483
A833,5,19.9,8.260407239819004,442
A833,6,24.5,8.898375870069605,431
A833,7,20.7,9.01226851851852,432
A833,8,23.7,10.071757322175733,478
A833,9,25.0,9.927455357142858,448
A833,10,31.0,9.9,439
A833,11,23.5,9.861751152073733,434
A833,12,42.6,10.134893617021277,470
A834,1,21.5,11.319080459770115,435
A834,2,25.4,11.051776649746191,394
A834,3,25.9,11.642213114754098,488
A834,4,21.5,11.435021097046413,474
A834,5,33.0,11.166163793103449,464
A834,6,28.3,10.519132653061224,392
A834,7,29.4,10.770426065162907,399
A834,8,26.7,11.9520987654321,405
A834,9,26.0,12.900254452926209,393
A834,10,30.6,13.228708133971292,418
A834,11,36.8,13.103553299492386,394
A834,12,28.1,12.380668257756563,419
A835,1,23.9,9.66,560
A835,2,20.0,9.49732824427481,524
A835,3,21.3,9.310056925996204,527
A835,4,25.5,8.742912621359224,515
A835,5,18.2,8.202264150943396,530
A835,6,19.4,8.198886827458256,539
A835,7,20.3,8.563489208633094,556
A835,8,17.8,9.399461400359067,557
A835,9,20.1,9.78404452690167,539
A835,10,30.6,10.389208633093524,556
A835,11,23.2,10.205484460694697,547
A835,12,24.5,9.87293906810036,558
A836,1,27.7,10.749360146252284,547
A836,2,29.3,10.35082304526749,486
A836,3,34.7,9.412676056338027,568
A836,4,21.0,9.079049295774647,568
A836,5,26.2,8.637456445993031,574
A836,6,24.4,8.665523809523808,525
A836,7,21.5,8.712987012987014,539
A836,8,32.0,9.8451376146789,545
A836,9,33.9,10.84018018018018,555
A836,10,25.0,10.920557491289198,574
A836,11,22.8,10.921042830540038,537
A836,12,25.6,10.795903165735567,537
A837,1,29.1,12.28640776699029,515
A837,2,29.3,11.679642058165548,447
A837,3,39.4,11.191360294117647,544
A837,4,38.3,11.289629629629628,540
A837,5,27.0,10.91989247311828,558
A837,6,36.6,11.25547309833024,539
A837,7,24.5,11.337410071942447,556
A837,8,34.9,12.390322580645162,558
A837,9,32.9,12.776808905380333,539
A837,10,32.8,13.147513812154697,543
A837,11,31.8,13.119712525667351,487
A837,12,27.7,12.84087452471483,526
A839,1,22.7,11.159592529711375,589
A839,2,33.0,10.600372439478583,537
A839,3,20.3,10.118845500848897,589
A839,4,31.6,9.98263157894737,570
A839,5,23.5,9.810034013605442,588
A839,6,24.6,10.044955752212388,565
A839,7,21.1,10.03972366148532,579
A839,8,23.3,11.03276740237691,589
A839,9,25.3,11.422751322751322,567
A839,10,28.4,11.748924731182795,558
A839,11,25.5,11.675046210720886,541
A839,12,27.2,11.651273344651953,589
A840,1,25.0,10.682173174872666,589
A840,2,22.0,10.270577281191807,537
A840,3,22.6,9.6830220713073,589
A840,4,24.6,9.359298245614035,570
A840,5,27.9,9.262477876106194,565
A840,6,27.4,9.487697715289983,569
A840,7,25.7,9.70299823633157,567
A840,8,24.1,10.539024390243902,533
A840,9,23.7,10.986758893280633,506
A840,10,26.3,11.264195298372515,553
A840,11,29.6,10.888202247191012,534
A840,12,24.8,10.88081494057725,589
A841,1,25.0,10.785199240986717,527
A841,2,25.6,10.13695652173913,460
A841,3,27.9,9.749789915966385,476
A841,4,25.3,8.829372197309418,446
A841,5,25.1,8.569365426695843,457
A841,6,30.4,9.053765690376569,478
A841,7,27.9,9.479918864097364,493
A841,8,24.2,10.377373737373738,495
A841,9,27.6,11.143125,480
A841,10,25.3,11.033673469387756,490
A841,11,28.9,11.246960167714885,477
A841,12,29.8,11.047347740667977,509
A842,1,20.9,10.377884615384614,416
A842,2,20.4,9.891666666666667,408
A842,3,21.7,10.332265446224255,437
A842,4,20.1,10.137352245862886,423
A842,5,22.2,9.326126126126127,444
A842,6,18.4,8.412807881773398,406
A842,7,18.1,8.832273838630806,409
A842,8,19.5,10.20695443645084,417
A842,9,26.1,11.974588235294117,425
A842,10,29.8,12.366163793103448,464
A842,11,26.6,12.134085778781037,443
A842,12,25.6,10.739120879120879,455
A843,1,29.0,10.125458248472507,491
A843,2,24.9,10.351981351981353,429
A843,3,26.7,9.41228448275862,464
A843,4,22.6,8.642557651991615,477
A843,5,28.1,8.338505747126437,522
A843,6,29.9,8.338067061143983,507
A843,7,25.2,8.479732313575525,523
A843,8,37.3,9.156287425149701,501
A843,9,27.6,10.455621301775148,507
A843,10,40.3,11.097698744769874,478
A843,11,26.8,10.373695652173913,460
A843,12,25.2,10.0408203125,512
A844,1,27.9,11.16546762589928,556
A844,2,27.3,10.51041257367387,509
A844,3,31.2,10.085034013605442,588
A844,4,23.7,9.719999999999999,570
A844,5,26.6,9.428279386712095,587
A844,6,28.3,9.267375886524823,564
A844,7,22.3,9.538726333907057,581
A844,8,42.5,10.524448217317486,589
A844,9,27.1,11.1415770609319,558
A844,10,36.2,11.604788213627993,543
A844,11,27.8,11.558541266794625,521
A844,12,31.2,11.495161290322581,558
A845,1,33.6,16.840492170022372,447
A845,2,31.8,16.9230179028133,391
A845,3,35.5,16.17818181818182,385
A845,4,36.9,16.547277227722773,404
A845,5,41.4,17.926277372262774,411
A845,6,38.4,18.7863436123348,454
A845,7,40.8,19.6852652259332,509
A845,8,39.1,19.765263157894736,475
A845,9,39.5,18.964414414414417,444
A845,10,36.3,18.293721973094172,446
A845,11,34.8,17.05911111111111,450
A845,12,39.1,16.893478260869564,460
A846,1,32.3,10.35111561866126,493
A846,2,29.5,10.674403470715834,461
A846,3,25.4,9.190661478599221,514
A846,4,25.5,8.583849557522123,452
A846,5,18.6,8.479867256637169,452
A846,6,19.9,8.6852422907489,454
A846,7,22.8,9.4704989154013,461
A846,8,21.4,10.528336755646817,487
A846,9,28.5,10.795378151260506,476
A846,10,24.8,11.192307692307692,468
A846,11,26.5,10.517167381974248,466
A846,12,29.8,10.381451612903225,496
A847,1,23.1,10.370206489675516,339
A847,2,20.7,10.049285714285714,280
A847,3,26.0,9.241423948220065,309
A847,4,22.2,8.391050583657588,257
A847,5,35.7,7.874596774193549,248
A847,6,22.7,7.389353612167301,263
A847,7,17.5,7.485114503816794,262
A847,8,18.0,8.182677165354331,254
A847,9,19.4,9.127106227106227,273
A847,10,20.3,9.530395136778116,329
A847,11,22.0,9.887205387205388,297
A847,12,24.9,10.115094339622642,318
A848,1,22.5,10.918619246861926,478
A848,2,20.7,10.456182795698924,372
A848,3,22.5,9.845036319612591,413
A848,4,21.3,9.730935251798561,417
A848,5,22.5,9.935920177383593,451
A848,6,22.6,10.530701754385966,456
A848,7,22.1,10.683640081799592,489
A848,8,26.0,11.471179883945842,517
A848,9,32.6,11.493516699410609,509
A848,10,32.0,11.683826429980275,507
A848,11,31.2,11.174526315789473,475
A848,12,25.9,10.96828282828283,495
A849,1,23.7,10.711157024793389,484
A849,2,22.5,10.181603773584905,424
A849,3,25.0,9.942886178861787,492
A849,4,23.3,9.248323471400393,507
A849,5,20.7,8.892445328031808,503
A849,6,26.3,8.5,477
A849,7,25.3,9.156989247311827,465
A849,8,22.5,10.478496868475991,479
A849,9,26.7,11.091632653061223,490
A849,10,25.4,11.360606060606061,495
A849,11,30.8,10.993528183716075,479
A849,12,33.4,10.948956356736243,527
A850,1,26.0,11.116009280742459,431
A850,2,25.9,10.734683544303797,395
A850,3,24.7,10.308565310492506,467
A850,4,28.9,9.654525386313466,453
A850,5,20.3,9.062815126050419,476
A850,6,27.2,8.891721132897604,459
A850,7,24.6,9.326226012793176,469
A850,8,21.1,10.812814645308924,437
A850,9,23.3,12.01643192488263,426
A850,10,27.4,12.646938775510204,441
A850,11,35.4,12.127555555555555,450
A850,12,31.0,11.75375,480
A851,1,27.7,8.32994350282486,531
A851,2,19.4,7.773362445414847,458
A851,3,18.8,7.3591999999999995,500
A851,4,17.7,6.711904761904762,504
A851,5,19.6,6.130679611650486,515
A851,6,26.0,5.641616161616161,495
A851,7,27.8,5.874044265593562,497
A851,8,21.0,6.681573498964803,483
A851,9,20.9,7.1941431670282,461
A851,10,22.5,7.5802734375,512
A851,11,19.3,8.021682242990655,535
A851,12,19.3,8.051537070524413,553
A852,1,25.8,10.205816135084428,533
A852,2,27.4,9.675918367346938,490
A852,3,28.3,9.180072463768115,552
A852,4,22.0,8.946259842519686,508
A852,5,22.3,8.685769230769232,520
A852,6,22.5,8.990393013100437,458
A852,7,21.2,8.971549893842889,471
A852,8,23.5,9.930196078431372,510
A852,9,25.5,10.075490196078432,510
A852,10,26.1,10.728867924528302,530
A852,11,23.4,10.473547094188378,499
A852,12,25.6,10.526094890510949,548
A853,1,25.4,11.226750448833034,557
A853,2,28.4,10.090396659707725,479
A853,3,38.9,10.113970588235293,544
A853,4,27.8,10.275555555555556,540
A853,5,29.3,9.718491921005386,557
A853,6,28.6,9.602112676056338,568
A853,7,21.4,9.441567291311754,587
A853,8,28.4,10.37857142857143,588
A853,9,28.2,11.107884615384616,520
A853,10,37.2,12.069832402234637,537
A853,11,30.2,12.18139534883721,516
A853,12,42.8,12.005376344086022,558
A854,1,21.9,9.611948529411764,544
A854,2,24.0,9.108091286307054,482
A854,3,21.1,8.441804788213627,543
A854,4,26.5,7.948230912476722,537
A854,5,20.2,7.47870036101083,554
A854,6,22.5,7.459962406015038,532
A854,7,20.2,7.434137291280148,539
A854,8,25.5,8.568602540834846,551
A854,9,24.3,9.002962962962963,540
A854,10,31.4,9.619702602230483,538
A854,11,23.3,9.678235294117647,510
A854,12,23.3,9.700372439478585,537
A855,1,35.2,10.378406708595389,477
A855,2,28.9,10.347255369928401,419
A855,3,23.9,9.726495726495726,468
A855,4,23.7,8.91784140969163,454
A855,5,28.1,8.71900826446281,484
A855,6,23.9,8.409130434782607,460
A855,7,24.1,8.413034188034189,468
A855,8,33.0,9.396620278330019,503
A855,9,31.6,10.598235294117648,510
A855,10,30.0,11.3724609375,512
A855,11,24.6,10.885542168674698,498
A855,12,27.7,10.449796747967481,492
A856,1,25.0,10.201138519924099,527
A856,2,21.9,9.944813278008297,482
A856,3,25.0,9.225359712230215,556
A856,4,27.1,9.128518518518518,540
A856,5,30.5,8.88084714548803,543
A856,6,30.1,9.403024193548386,496
A856,7,28.7,9.35706106870229,524
A856,8,30.4,10.288690476190476,504
A856,9,28.3,10.379310344827585,464
A856,10,25.5,10.575604838709678,496
A856,11,38.8,10.636734693877552,490
A856,12,25.3,10.51518026565465,527
A857,1,28.0,10.287473460721868,471
A857,2,24.7,10.355555555555554,423
A857,3,24.2,9.127439024390243,492
A857,4,23.8,8.803769841269842,504
A857,5,36.0,8.674380165289255,484
A857,6,26.6,9.112666666666666,450
A857,7,22.0,9.766881720430108,465
A857,8,22.8,10.471521739130434,460
A857,9,29.3,10.478384798099762,421
A857,10,30.2,10.775053763440859,465
A857,11,25.6,10.29251700680272,441
A857,12,28.9,10.463025210084032,476
A858,1,24.5,10.683467741935484,496
A858,2,21.8,10.324557522123893,452
A858,3,23.1,9.676953125,512
A858,4,23.3,9.3494140625,512
A858,5,20.5,9.638771593090212,521
A858,6,25.0,10.277754677754679,481
A858,7,25.8,10.379158699808796,523
A858,8,32.8,11.129981024667932,527
A858,9,31.5,11.19706457925636,511
A858,10,28.2,10.718590998043052,511
A858,11,24.2,10.547843137254901,510
A858,12,23.4,10.46273764258555,526
A859,1,21.8,9.383870967741935,496
A859,2,22.8,9.030444444444443,450
A859,3,19.4,8.500986193293885,507
A859,4,19.3,7.752685950413223,484
A859,5,27.0,7.856538461538462,520
A859,6,25.8,8.062040816326531,490
A859,7,20.1,8.430255402750491,509
A859,8,21.1,9.292130518234165,521
A859,9,31.9,9.652535496957404,493
A859,10,24.0,9.486234817813765,494
A859,11,20.6,9.303648068669528,466
A859,12,24.3,9.49107505070994,493
A860,1,29.3,10.498102466793169,527
A860,2,26.2,10.166377440347071,461
A860,3,24.3,9.713878326996198,526
A860,4,25.9,8.867450980392157,510
A860,5,21.2,8.785823754789272,522
A860,6,24.4,9.044467640918581,479
A860,7,43.3,9.3712,500
A860,8,25.8,10.013092979127133,527
A860,9,27.4,10.796470588235294,510
A860,10,36.9,10.965503875968992,516
A860,11,24.7,10.667063492063491,504
A860,12,28.7,10.650760456273765,526
A861,1,22.4,8.289676113360324,494
A861,2,24.9,7.876837416481068,449
A861,3,29.6,7.142540322580645,496
A861,4,26.2,6.154223968565815,509
A861,5,19.1,6.2457142857142856,525
A861,6,15.3,6.084189723320158,506
A861,7,20.3,5.953742802303263,521
A861,8,21.5,6.77422480620155,516
A861,9,30.8,7.453674832962138,449
A861,10,24.6,7.403051643192488,426
A861,11,22.5,7.671529411764706,425
A861,12,26.0,8.136693548387097,496
A862,1,19.9,9.148979591836735,490
A862,2,23.4,8.684347826086958,460
A862,3,21.5,7.875329566854991,531
A862,4,24.0,7.35,520
A862,5,20.2,7.226714801444043,554
A862,6,20.4,7.272602739726028,511
A862,7,18.3,7.356938775510204,490
A862,8,22.3,8.109197651663406,511
A862,9,30.4,8.6814,500
A862,10,20.9,8.778106508875739,507
A862,11,24.9,8.847764227642276,492
A862,12,27.0,8.952083333333333,480
A863,1,31.1,9.009274193548388,496
A863,2,26.2,8.366025641025642,468
A863,3,23.6,7.43648393194707,529
A863,4,29.6,6.623908523908524,481
A863,5,17.9,5.895789473684211,475
A863,6,27.1,5.360699588477367,486
A863,7,18.5,5.309055118110236,508
A863,8,19.4,6.441814595660749,507
A863,9,20.4,7.05249500998004,501
A863,10,26.5,7.962745098039216,510
A863,11,22.6,8.21561181434599,474
A863,12,24.8,8.678277886497066,511
A864,1,26.2,10.429032258064515,434
A864,2,24.7,9.857004830917875,414
A864,3,24.9,9.598752598752599,481
A864,4,24.1,8.537,500
A864,5,21.5,7.986882129277567,526
A864,6,30.2,7.955490196078432,510
A864,7,26.1,7.88555133079848,526
A864,8,23.4,8.394164989939638,497
A864,9,33.6,9.505230125523013,478
A864,10,29.4,9.951143451143452,481
A864,11,26.8,10.40688888888889,450
A864,12,30.9,10.727912087912088,455
A865,1,22.9,10.820503597122302,278
A865,2,23.9,9.98313725490196,255
A865,3,18.7,9.354545454545455,275
A865,4,17.9,8.671812080536911,298
A865,5,19.7,8.922591362126246,301
A865,6,20.4,8.947635135135135,296
A865,7,21.2,9.086971830985915,284
A865,8,21.7,9.969444444444443,288
A865,9,22.6,10.624542124542124,273
A865,10,23.5,11.096678966789668,271
A865,11,19.5,10.784528301886793,265
A865,12,24.8,11.107462686567166,268
A866,1,28.5,13.490270270270269,370
A866,2,28.7,13.261016949152541,354
A866,3,36.1,14.769444444444444,432
A866,4,44.9,15.071032745591939,397
A866,5,36.2,14.647164948453609,388
A866,6,27.6,14.038832487309644,394
A866,7,29.8,14.272346368715084,358
A866,8,30.8,16.95767195767196,378
A866,9,35.6,16.74785100286533,349
A866,10,31.4,16.443034055727555,323
A866,11,36.7,15.678164556962026,316
A866,12,32.6,14.773497267759565,366
A867,1,22.2,9.686773547094187,499
A867,2,27.4,9.550325379609545,461
A867,3,28.6,9.112224448897795,499
A867,4,22.3,8.694409937888198,483
A867,5,20.3,8.072983870967741,496
A867,6,19.6,7.787633262260128,469
A867,7,25.9,8.106387665198238,454
A867,8,29.5,9.213333333333333,465
A867,9,24.8,10.227213822894168,463
A867,10,26.9,10.65101214574899,494
A867,11,28.1,10.499150743099788,471
A867,12,23.1,10.105938697318008,522
A868,1,21.9,8.914746543778802,434
A868,2,23.5,8.588636363636363,396
A868,3,22.1,8.064516129032258,434
A868,4,33.9,7.146778042959427,419
A868,5,18.8,6.5582926829268295,410
A868,6,23.4,6.342723004694836,426
A868,7,25.6,6.414377682403433,466
A868,8,21.4,7.274949083503055,491
A868,9,18.3,7.771249999999999,480
A868,10,17.9,8.357083333333334,480
A868,11,17.9,8.559285714285714,420
A868,12,21.0,8.775345622119815,434
A869,1,20.1,9.568282828282829,495
A869,2,23.6,9.507322654462243,437
A869,3,25.2,8.713473684210525,475
A869,4,20.0,7.912334801762114,454
A869,5,17.9,7.902886597938145,485
A869,6,24.2,7.870410367170626,463
A869,7,20.4,8.20346232179226,491
A869,8,27.8,9.279158316633266,499
A869,9,21.4,9.869892473118279,465
A869,10,24.6,10.124248927038625,466
A869,11,24.0,9.874630021141648,473
A869,12,22.9,9.741683366733467,499
A870,1,18.0,9.501470588235295,136
A870,2,16.1,8.481395348837209,129
A870,3,17.0,8.263981042654029,211
A870,4,19.4,8.26720430107527,186
A870,5,21.8,8.273480662983426,181
A870,6,18.9,8.56282722513089,191
A870,7,24.2,9.029665071770335,209
A870,8,21.5,9.370652173913044,184
A870,9,19.2,9.33,210
A870,10,21.5,9.501421800947867,211
A870,11,17.5,9.278,150
A870,12,21.4,8.933088235294118,136
A871,1,19.1,9.681854838709677,496
A871,2,21.0,9.339514348785872,453
A871,3,19.9,9.108649789029537,474
A871,4,24.9,8.618510638297872,470
A871,5,22.4,8.023384030418251,526
A871,6,21.1,7.637924151696606,501
A871,7,21.2,7.9300380228136875,526
A871,8,23.8,8.924761904761905,525
A871,9,32.2,10.157285429141718,501
A871,10,27.2,10.572602739726028,511
A871,11,21.0,10.661041666666668,480
A871,12,24.4,10.016935483870967,496
A872,1,21.4,10.268698060941828,361
A872,2,24.7,9.878456591639871,311
A872,3,19.0,9.333836858006043,331
A872,4,23.9,8.807055214723926,326
A872,5,18.7,8.940656565656566,396
A872,6,24.7,9.10721649484536,388
A872,7,22.8,8.97467018469657,379
A872,8,20.5,9.678393351800555,361
A872,9,26.2,10.553055555555556,360
A872,10,26.3,10.995518207282913,357
A872,11,21.6,10.759941520467837,342
A872,12,28.1,10.054301075268818,372
A873,1,23.2,8.407364341085271,516
A873,2,21.1,8.177350427350428,468
A873,3,27.5,7.13954802259887,531
A873,4,22.9,6.333797216699802,503
A873,5,20.9,5.794979919678715,498
A873,6,35.2,5.3165236051502145,466
A873,7,20.3,5.345435684647303,482
A873,8,25.7,6.6832046332046335,518
A873,9,22.9,7.152986512524085,519
A873,10,20.7,7.481679389312977,524
A873,11,25.9,8.039328063241108,506
A873,12,24.2,8.128100775193799,516
A874,1,19.6,7.289861751152074,434
A874,2,14.3,6.736883116883116,385
A874,3,18.0,6.341439205955335,403
A874,4,17.9,5.605952380952381,420
A874,5,20.5,5.799128540305011,459
A874,6,17.2,5.783804627249357,389
A874,7,14.5,5.925125628140703,398
A874,8,32.7,6.669397590361446,415
A874,9,20.5,7.17,420
A874,10,18.7,7.253699284009547,419
A874,11,18.1,7.079249999999999,400
A874,12,20.5,7.185944700460829,434
A875,1,22.8,8.785549132947976,519
A875,2,19.9,8.144789356984479,451
A875,3,18.7,7.742635658914728,516
A875,4,17.1,6.732549019607843,510
A875,5,21.7,6.754856115107914,556
A875,6,18.9,6.827509293680297,538
A875,7,16.9,7.084719535783366,517
A875,8,17.3,7.6380116959064335,513
A875,9,21.5,8.402249488752556,489
A875,10,22.0,8.484294234592445,503
A875,11,23.7,8.454361054766734,493
A875,12,21.8,8.674573055028462,527
A876,1,24.6,11.413978494623656,465
A876,2,22.7,11.142964824120602,398
A876,3,22.6,10.657505773672055,433
A876,4,22.8,9.787557603686636,434
A876,5,23.4,10.342887029288702,478
A876,6,33.4,10.65877192982456,456
A876,7,22.8,10.462150537634407,465
A876,8,27.0,11.280530973451327,452
A876,9,29.9,12.027857142857142,420
A876,10,26.6,12.128440366972477,436
A876,11,24.0,11.986935866983373,421
A876,12,23.1,11.526855895196507,458
A878,1,26.5,12.67421052631579,380
A878,2,37.9,12.471556886227544,334
A878,3,24.7,12.493899204244032,377
A878,4,29.3,11.747425474254744,369
A878,5,25.6,11.83941798941799,378
A878,6,25.3,11.495580110497237,362
A878,7,41.1,12.622815533980583,412
A878,8,25.6,12.98525,400
A878,9,28.7,13.745792079207922,404
A878,10,35.0,14.018732782369147,363
A878,11,31.0,13.466666666666667,387
A878,12,29.0,13.281293302540416,433
A879,1,28.6,9.846336633663366,505
A879,2,23.0,9.790393013100436,458
A879,3,20.3,9.145674044265593,497
A879,4,39.8,9.290672451193059,461
A879,5,23.1,9.439468302658486,489
A879,6,30.6,9.750641025641025,468
A879,7,34.4,10.04153846153846,455
A879,8,25.6,10.423965141612202,459
A879,9,48.8,11.164853556485356,478
A879,10,26.8,10.633462282398453,517
A879,11,35.1,10.606639004149377,482
A879,12,24.7,10.152734375,512
A880,1,37.2,10.609487666034155,527
A880,2,44.4,10.208124999999999,480
A880,3,41.3,9.702713178294575,516
A880,4,44.8,9.72532751091703,458
A880,5,43.8,9.922161172161172,546
A880,6,41.7,10.028849902534114,513
A880,7,38.6,10.19551401869159,535
A880,8,43.8,10.723977695167287,538
A880,9,41.6,11.212037037037037,540
A880,10,40.8,11.250281425891181,533
A880,11,39.7,10.988125,480
A880,12,35.5,10.629287090558767,519
A881,1,26.7,11.373502304147467,434
A881,2,29.6,10.824797843665769,371
A881,3,24.6,9.750872817955113,401
A881,4,23.4,9.572178477690288,381
A881,5,20.2,9.13753280839895,381
A881,6,24.0,9.40140056022409,357
A881,7,23.0,9.475531914893617,376
A881,8,22.4,10.324545454545454,440
A881,9,22.5,10.805286343612336,454
A881,10,34.9,11.231380753138076,478
A881,11,24.6,11.056,450
A881,12,29.6,11.576975169300226,443
A882,1,35.2,10.268324607329843,382
A882,2,24.3,9.784806629834254,362
A882,3,23.5,8.27889447236181,398
A882,4,22.6,8.019786096256684,374
A882,5,24.5,7.477837837837838,370
A882,6,24.6,7.941111111111112,360
A882,7,20.5,7.903142857142857,350
A882,8,21.3,8.398333333333333,360
A882,9,21.4,9.130833333333333,360
A882,10,24.3,9.552777777777777,396
A882,11,25.0,9.589835164835165,364
A882,12,23.7,9.940050377833753,397
A883,1,20.7,9.709189189189189,370
A883,2,20.2,9.083480825958702,339
A883,3,19.5,8.540322580645162,372
A883,4,18.0,8.731944444444444,360
A883,5,20.3,8.319946091644205,371
A883,6,19.2,8.533055555555556,360
A883,7,17.7,8.412737127371274,369
A883,8,20.4,8.980428134556576,327
A883,9,19.6,9.48308157099698,331
A883,10,23.0,10.16629213483146,356
A883,11,24.7,10.124233983286908,359
A883,12,19.8,9.917403314917127,362
A884,1,25.0,8.590860215053764,372
A884,2,22.0,8.164601769911505,339
A884,3,24.8,7.083333333333333,372
A884,4,18.8,6.589722222222223,360
A884,5,18.2,6.166666666666667,372
A884,6,16.6,6.2665722379603395,353
A884,7,18.4,6.399706744868036,341
A884,8,21.2,6.9017595307917885,341
A884,9,18.9,7.620909090909091,330
A884,10,22.4,7.948396501457727,343
A884,11,22.5,7.89,330
A884,12,21.6,8.317520215633424,371
A886,1,26.8,9.61146953405018,279
A886,2,19.3,8.832677165354331,254
A886,3,23.2,8.62652329749104,279
A886,4,20.1,8.67074074074074,270
A886,5,16.6,8.339051094890511,274
A886,6,18.7,8.673359073359073,259
A886,7,19.0,8.273493975903614,249
A886,8,21.9,9.057333333333332,300
A886,9,35.4,9.895652173913044,299
A886,10,35.5,10.294576271186441,295
A886,11,22.4,10.04962962962963,270
A886,12,21.5,9.66236559139785,279
A889,1,23.2,11.18100358422939,279
A889,2,25.1,10.097244094488188,254
A889,3,20.9,9.781617647058823,272
A889,4,23.8,9.442960288808663,277
A889,5,19.7,8.840909090909092,308
A889,6,19.8,8.82526690391459,281
A889,7,18.4,8.983763837638376,271
A889,8,23.6,10.012121212121212,297
A889,9,22.9,10.966135458167331,251
A889,10,24.7,11.476,275
A889,11,21.1,11.247037037037037,270
A889,12,25.0,11.257706093189965,279
A893,1,32.2,10.905581395348836,215
A893,2,31.4,10.042424242424243,198
A893,3,24.4,9.609523809523811,231
A893,4,18.1,8.799078341013825,217
A893,5,19.6,8.713888888888889,216
A893,6,19.3,8.904273504273505,234
A893,7,21.7,9.014919354838709,248
A893,8,21.7,9.85603448275862,232
A893,9,24.3,10.847619047619048,210
A893,10,23.1,10.795670995670996,231
A893,11,22.7,10.673333333333334,210
A893,12,26.0,10.90967741935484,217
A894,1,20.5,8.378136200716845,279
A894,2,22.0,7.8944881889763785,254
A894,3,15.6,7.336200716845878,279
A894,4,16.9,6.94778156996587,293
A894,5,24.5,6.786129032258064,310
A894,6,22.4,6.964333333333334,300
A894,7,20.8,7.241558441558442,308
A894,8,19.9,7.343870967741935,310
A894,9,18.2,7.894666666666667,300
A894,10,21.5,8.277966101694915,295
A894,11,24.5,8.252962962962963,270
A894,12,21.3,8.687455197132618,279
A895,1,24.2,11.459999999999999,185
A895,2,19.8,10.530555555555555,180
A895,3,24.7,10.015668202764978,217
A895,4,24.1,9.406190476190476,210
A895,5,18.3,9.834101382488479,217
A895,6,30.1,10.526666666666666,210
A895,7,24.0,9.878801843317971,217
A895,8,21.5,10.588940092165899,217
A895,9,28.9,11.291904761904762,210
A895,10,27.7,11.43960396039604,202
A895,11,24.6,11.36,180
A895,12,26.2,11.309677419354838,186
A897,1,27.2,10.53584229390681,279
A897,2,23.0,10.1503937007874,254
A897,3,18.8,9.566666666666666,279
A897,4,23.5,9.363568773234201,269
A897,5,23.3,9.87569721115538,251
A897,6,28.4,10.48550185873606,269
A897,7,26.7,10.07572463768116,276
A897,8,21.0,10.467383512544803,279
A897,9,21.1,10.84962962962963,270
A897,10,25.3,10.802651515151515,264
A897,11,23.2,10.548373983739838,246
A897,12,29.9,10.606093189964158,279
A898,1,22.3,10.685326086956522,184
A898,2,20.6,10.471739130434782,184
A898,3,30.0,9.919354838709678,217
A898,4,17.4,9.426666666666666,210
A898,5,34.2,9.489861751152075,217
A898,6,24.4,9.756666666666668,210
A898,7,24.2,9.567281105990784,217
A898,8,24.3,10.50952380952381,210
A898,9,23.3,11.572857142857144,210
A898,10,24.2,11.64207920792079,202
A898,11,23.1,11.507222222222223,180
A898,12,23.3,11.120430107526882,186
A901,1,17.8,9.055105348460291,617
A901,2,20.8,8.893235831809873,547
A901,3,17.8,8.299498327759197,598
A901,4,20.5,7.770985401459854,548
A901,5,17.3,6.879081632653062,588
A901,6,15.2,6.87752808988764,623
A901,7,16.1,7.410080000000001,625
A901,8,17.9,7.936759581881533,574
A901,9,19.8,8.511051693404633,561
A901,10,23.6,9.438424437299036,622
A901,11,19.6,9.143344709897612,586
A901,12,24.5,9.171698113207547,583
A902,1,21.1,10.012323232323233,495
A902,2,22.8,9.81792656587473,463
A902,3,22.5,9.535823429541596,589
A902,4,19.0,8.559929078014184,564
A902,5,21.8,8.467962962962963,540
A902,6,15.8,8.68839779005525,543
A902,7,19.4,9.18719723183391,578
A902,8,23.3,9.963091482649842,634
A902,9,25.0,10.591317829457363,645
A902,10,24.9,11.321571648690293,649
A902,11,24.8,10.550959860383944,573
A902,12,24.3,10.149824561403507,570
A903,1,20.6,8.343761996161229,521
A903,2,17.8,8.306485355648535,478
A903,3,19.8,7.727094474153297,561
A903,4,18.7,7.012926391382406,557
A903,5,12.4,6.4078125,576
A903,6,11.6,6.540176991150442,565
A903,7,14.2,7.10663082437276,558
A903,8,21.5,7.598351648351648,546
A903,9,18.1,8.017125984251969,508
A903,10,22.0,8.799009900990098,505
A903,11,17.8,8.424900398406376,502
A903,12,16.5,8.349323017408125,517
A904,1,19.8,8.358867924528301,530
A904,2,22.5,8.323880597014925,469
A904,3,21.2,7.921850393700788,508
A904,4,20.2,7.2138,500
A904,5,17.7,7.446107784431137,501
A904,6,16.1,7.954945054945055,455
A904,7,16.8,8.23908523908524,481
A904,8,16.0,8.423210412147505,461
A904,9,22.0,8.708316831683169,505
A904,10,22.7,8.405197132616488,558
A904,11,19.7,7.791871455576559,529
A904,12,20.0,8.044897959183674,539
A905,1,18.5,9.23957597173145,566
A905,2,24.6,8.954629629629629,540
A905,3,17.6,8.252286282306162,503
A905,4,16.8,7.978537735849057,424
A905,5,16.1,7.869736842105263,456
A905,6,14.2,8.222222222222221,423
A905,7,15.5,8.797524752475248,404
A905,8,19.4,9.441463414634146,410
A905,9,22.7,9.541482965931863,499
A905,10,24.0,9.831541218637993,558
A905,11,18.1,9.179809523809523,525
A905,12,23.2,9.190188679245283,530
A906,1,17.9,8.310526315789474,551
A906,2,21.1,7.985311871227363,497
A906,3,15.8,7.727605118829982,547
A906,4,19.4,7.152408477842004,519
A906,5,14.0,6.9326885880077365,517
A906,6,13.8,7.635627530364372,494
A906,7,15.5,8.331653225806452,496
A906,8,19.6,8.558498023715416,506
A906,9,24.8,9.013123844731979,541
A906,10,23.3,9.068606701940034,567
A906,11,17.6,8.284070796460178,565
A906,12,19.6,8.23128390596745,553
A907,1,20.4,9.726903553299493,591
A907,2,23.3,9.649056603773586,530
A907,3,24.7,8.982735042735042,585
A907,4,23.2,7.724214417744917,541
A907,5,16.3,6.955882352941177,578
A907,6,21.3,7.132601351351352,592
A907,7,20.0,7.864742589703589,641
A907,8,24.1,8.689863842662632,661
A907,9,23.9,9.650151515151515,660
A907,10,24.8,10.493217665615141,634
A907,11,23.4,9.835384615384616,585
A907,12,22.6,10.034285714285716,630
A908,1,24.7,10.160759493670886,553
A908,2,24.8,10.21566265060241,498
A908,3,23.0,9.52188679245283,530
A908,4,21.9,8.508823529411766,510
A908,5,18.0,7.763915547024952,521
A908,6,17.1,8.601612903225806,496
A908,7,16.4,9.120710059171598,507
A908,8,20.4,9.940040241448692,497
A908,9,19.2,10.315203426124196,467
A908,10,22.3,10.223613963039014,487
A908,11,23.9,10.524050632911392,474
A908,12,24.1,10.253371868978805,519
A909,1,18.1,9.757297297297297,370
A909,2,19.6,9.963823529411764,340
A909,3,17.1,9.156403269754769,367
A909,4,18.1,8.082022471910111,356
A909,5,17.7,7.655614973262032,374
A909,6,14.9,8.013471502590674,386
A909,7,15.3,8.48252427184466,412
A909,8,21.3,9.26189376443418,433
A909,9,20.1,9.77648456057007,421
A909,10,24.0,10.153427895981087,423
A909,11,21.9,9.836387434554974,382
A909,12,20.0,10.024202127659574,376
A910,1,21.3,7.771058315334773,463
A910,2,17.7,7.670719602977668,403
A910,3,18.9,7.319333333333333,450
A910,4,14.5,6.79813953488372,430
A910,5,15.3,6.4936842105263155,475
A910,6,14.3,6.729954954954954,444
A910,7,13.0,7.248741418764301,437
A910,8,21.3,7.29158878504673,428
A910,9,20.9,7.74125,400
A910,10,22.0,8.071875,416
A910,11,22.2,7.481601731601732,462
A910,12,16.5,7.782608695652174,483
A911,1,20.5,11.266968325791856,221
A911,2,20.6,11.881313131313131,198
A911,3,18.4,10.105990783410139,217
A911,4,16.0,8.57,210
A911,5,16.6,8.39255319148936,188
A911,6,15.0,8.808571428571428,210
A911,7,21.6,9.937777777777777,225
A911,8,20.0,11.381854838709677,248
A911,9,25.0,11.869166666666667,240
A911,10,31.8,12.76204081632653,245
A911,11,24.6,11.01877729257642,229
A911,12,40.0,10.523502304147465,217
A912,1,23.5,10.98886894075404,557
A912,2,20.2,10.854857142857144,525
A912,3,21.8,10.20170068027211,588
A912,4,23.6,8.535547576301616,557
A912,5,22.0,7.926086956521739,552
A912,6,15.7,8.533086876155267,541
A912,7,18.4,9.482509505703423,526
A912,8,20.5,10.398136645962733,483
A912,9,24.3,11.171612903225807,465
A912,10,24.4,11.781178707224333,526
A912,11,19.9,10.791775700934581,535
A912,12,21.0,10.596953405017922,558
A913,1,20.2,9.444155844155844,539
A913,2,20.6,9.115546218487395,476
A913,3,16.2,8.424418604651162,516
A913,4,18.1,7.910261569416499,497
A913,5,14.6,7.433202357563851,509
A913,6,20.9,7.636465324384788,447
A913,7,17.5,8.165509761388286,461
A913,8,22.7,8.863157894736842,456
A913,9,23.2,9.262360801781737,449
A913,10,21.8,9.87008547008547,468
A913,11,20.2,9.590505050505051,495
A913,12,17.8,9.335507246376812,552
A914,1,17.8,8.684596577017114,409
A914,2,15.7,8.589430894308943,369
A914,3,15.9,8.20185676392573,377
A914,4,16.7,7.436944444444445,360
A914,5,15.7,7.045953002610966,383
A914,6,14.2,7.478688524590164,427
A914,7,22.1,8.124553571428573,448
A914,8,21.1,8.307728337236535,427
A914,9,18.8,8.654963680387409,413
A914,10,21.9,9.02363184079602,402
A914,11,20.8,8.846035242290748,454
A914,12,17.2,8.850678733031675,442
A915,1,20.6,9.830239520958084,334
A915,2,19.8,10.208333333333334,276
A915,3,20.2,9.637709497206705,358
A915,4,21.6,8.658333333333333,360
A915,5,21.6,7.931978319783198,369
A915,6,16.3,8.418338108882521,349
A915,7,16.7,9.245189504373178,343
A915,8,22.3,10.274683544303798,316
A915,9,24.5,10.516666666666666,336
A915,10,23.8,10.978436657681941,371
A915,11,24.0,10.54514435695538,381
A915,12,21.8,10.333819241982507,343
A916,1,19.2,8.756530612244898,490
A916,2,20.0,8.92164705882353,425
A916,3,24.3,8.47845804988662,441
A916,4,17.9,7.343520782396088,409
A916,5,15.8,6.453191489361702,423
A916,6,16.2,7.397630331753555,422
A916,7,14.8,8.151363636363635,440
A916,8,16.5,8.704347826086956,414
A916,9,20.5,8.99799107142857,448
A916,10,24.2,9.226609442060086,466
A916,11,22.7,8.986666666666668,480
A916,12,23.1,8.750411522633744,486
A917,1,21.6,9.043392504930967,507
A917,2,24.2,9.398264642082431,461
A917,3,18.6,8.643380855397147,491
A917,4,16.2,7.260434782608696,460
A917,5,17.5,7.277105831533477,463
A917,6,16.4,8.339447731755424,507
A917,7,18.8,8.915368852459016,488
A917,8,21.0,9.442733188720174,461
A917,9,21.3,9.525555555555556,450
A917,10,22.3,9.96913043478261,460
A917,11,20.6,9.463312368972746,477
A917,12,20.4,9.115537848605578,502
A918,1,21.0,9.329749103942651,279
A918,2,19.4,9.645606694560671,239
A918,3,20.7,8.55267857142857,224
A918,4,17.3,8.151904761904762,210
A918,5,15.9,7.38405172413793,232
A918,6,14.0,8.256410256410257,234
A918,7,15.0,8.94758064516129,248
A918,8,19.0,9.416666666666666,264
A918,9,23.0,9.476838235294117,272
A918,10,22.8,9.957605177993528,309
A918,11,23.8,9.038907849829352,293
A918,12,20.0,9.470921985815604,282
A919,1,15.9,7.220568927789935,457
A919,2,23.7,7.3031553398058255,412
A919,3,22.9,6.815299334811529,451
A919,4,24.7,6.373514851485149,404
A919,5,23.1,6.788135593220339,413
A919,6,18.9,6.960714285714286,448
A919,7,13.5,7.441431670281996,461
A919,8,17.2,7.841733870967742,496
A919,9,18.5,7.757083333333333,480
A919,10,19.0,7.813168724279835,486
A919,11,23.5,7.508492569002123,471
A919,12,24.2,7.438461538461538,468
A920,1,16.3,7.970040485829959,494
A920,2,18.1,7.964745011086475,451
A920,3,15.7,7.600202429149798,494
A920,4,17.0,7.252330508474576,472
A920,5,15.7,7.024579831932773,476
A920,6,14.2,7.482083333333334,480
A920,7,13.9,8.204637096774194,496
A920,8,20.6,8.616969696969695,495
A920,9,22.6,8.592666666666666,450
A920,10,24.6,8.723529411764705,476
A920,11,18.0,8.20589390962672,509
A920,12,18.8,8.086456400742115,539
A921,1,24.9,10.056703910614525,358
A921,2,24.4,9.696060606060605,330
A921,3,22.7,8.893255131964809,341
A921,4,15.7,7.5055555555555555,342
A921,5,15.3,6.818508287292818,362
A921,6,16.9,7.746527777777778,288
A921,7,13.8,8.451973684210527,304
A921,8,15.3,9.229652996845427,317
A921,9,21.8,9.588888888888889,306
A921,10,23.1,9.85014409221902,347
A921,11,17.4,9.333333333333334,315
A921,12,21.6,9.462125340599455,367
A922,1,20.4,8.87560975609756,410
A922,2,16.1,8.6810888252149,349
A922,3,22.0,8.282195121951219,410
A922,4,17.5,7.067632850241546,414
A922,5,14.9,6.723737373737373,396
A922,6,14.1,6.851824817518248,411
A922,7,16.7,7.137303370786516,445
A922,8,18.9,7.693846153846153,455
A922,9,21.7,8.338961038961038,462
A922,10,23.9,9.1560706401766,453
A922,11,21.8,8.920044052863435,454
A922,12,18.3,8.876693227091634,502
A923,1,20.4,10.896756756756757,185
A923,2,22.2,11.39020979020979,143
A923,3,19.5,10.299428571428573,175
A923,4,16.1,8.68764705882353,170
A923,5,13.9,8.277027027027026,148
A923,6,15.4,9.129999999999999,120
A923,7,17.8,10.465333333333334,150
A923,8,22.5,11.279136690647482,139
A923,9,22.0,11.719166666666666,120
A923,10,46.5,12.84,130
A923,11,31.0,11.780891719745222,157
A923,12,28.3,10.898387096774194,186
A924,1,16.5,8.372832369942197,346
A924,2,17.8,8.541562500000001,320
A924,3,17.1,7.849046321525885,367
A924,4,20.6,7.4127777777777775,360
A924,5,19.0,7.176240208877284,383
A924,6,15.7,7.8816,375
A924,7,14.9,8.588509316770187,322
A924,8,17.3,8.483276450511944,293
A924,9,22.9,8.679885057471264,348
A924,10,18.6,8.963129973474802,377
A924,11,17.5,8.14040404040404,396
A924,12,19.6,8.278552278820376,373
A925,1,24.8,7.855769230769231,312
A925,2,25.0,8.214225941422594,239
A925,3,14.5,7.79467680608365,263
A925,4,14.9,7.30530303030303,264
A925,5,20.5,7.031833910034602,289
A925,6,24.9,7.49113475177305,282
A925,7,24.8,7.672647058823529,340
A925,8,23.7,8.090581717451522,361
A925,9,23.9,8.908064516129032,372
A925,10,23.2,9.086614173228346,381
A925,11,19.9,8.457808219178082,365
A925,12,19.5,8.378571428571428,378
A926,1,19.0,9.564559819413093,443
A926,2,17.8,9.591666666666667,396
A926,3,18.7,8.715039577836412,379
A926,4,20.8,8.135294117647058,391
A926,5,16.6,7.75,434
A926,6,14.6,8.201428571428572,420
A926,7,18.8,8.743879907621247,433
A926,8,21.7,8.99585253456221,434
A926,9,22.4,9.8875,400
A926,10,23.0,10.19368932038835,412
A926,11,24.3,9.293811881188118,404
A926,12,18.7,9.49109131403118,449
A927,1,21.0,9.08175,400
A927,2,20.1,9.492098092643051,367
A927,3,22.2,8.772877358490566,424
A927,4,22.4,7.822820512820513,390
A927,5,16.7,7.60423940149626,401
A927,6,17.6,8.278861788617887,369
A927,7,19.9,9.560916442048518,371
A927,8,18.5,10.063432835820896,402
A927,9,21.4,10.173783783783785,370
A927,10,22.7,10.46816976127321,377
A927,11,20.8,9.49501312335958,381
A927,12,22.2,9.055,380
A928,1,19.1,8.949462365591398,465
A928,2,22.6,8.717224880382776,418
A928,3,21.3,8.313211845102506,439
A928,4,17.4,7.7853881278538815,438
A928,5,17.0,7.3883227176220805,471
A928,6,16.3,7.893061224489796,490
A928,7,15.3,8.368311195445921,527
A928,8,17.7,8.859143968871596,514
A928,9,21.6,9.095248868778281,442
A928,10,24.0,9.630522088353414,498
A928,11,21.8,9.067940552016985,471
A928,12,18.1,8.86573275862069,464
A929,1,22.9,10.481351351351352,370
A929,2,22.5,10.550925925925926,324
A929,3,20.0,10.20861111111111,360
A929,4,19.7,8.855457227138643,339
A929,5,17.4,8.089402173913044,368
A929,6,16.9,9.429756097560976,410
A929,7,17.7,10.562758620689655,435
A929,8,18.8,11.377600000000001,375
A929,9,24.2,11.469354838709677,434
A929,10,24.7,11.350334075723831,449
A929,11,22.5,10.991121495327102,428
A929,12,24.8,10.744711538461539,416
A930,1,22.2,8.420044052863435,454
A930,2,22.0,8.408830548926014,419
A930,3,20.7,7.971827956989247,465
A930,4,20.8,7.372866520787746,457
A930,5,18.8,7.168016194331984,494
A930,6,15.8,7.761098901098902,455
A930,7,13.3,8.29560185185185,432
A930,8,16.7,8.765079365079366,441
A930,9,18.2,9.0054704595186,457
A930,10,22.2,8.863135593220338,472
A930,11,21.7,8.594612068965517,464
A930,12,19.7,8.510352422907488,454
A931,1,21.1,10.321276595744681,470
A931,2,23.0,10.451923076923077,416
A931,3,22.0,9.578396436525612,449
A931,4,21.4,8.020087336244542,458
A931,5,14.9,7.655982905982906,468
A931,6,20.5,8.713752455795678,509
A931,7,19.9,9.769449715370019,527
A931,8,20.5,10.581800766283525,522
A931,9,20.0,11.035886214442012,457
A931,10,22.6,11.176940133037695,451
A931,11,24.6,10.791201716738197,466
A931,12,24.2,10.536895161290323,496
A932,1,17.7,8.90362473347548,469
A932,2,18.4,8.947006651884701,451
A932,3,20.3,8.210860655737704,488
A932,4,16.1,7.257871396895788,451
A932,5,17.9,6.676315789473684,494
A932,6,18.0,6.7962,500
A932,7,13.6,7.214629258517034,499
A932,8,21.1,8.123838383838384,495
A932,9,22.9,8.971933471933472,481
A932,10,23.0,9.317047817047817,481
A932,11,21.3,9.27605633802817,426
A932,12,20.4,9.230648769574945,447
A933,1,20.1,9.393052109181141,403
A933,2,24.5,9.819672131147541,366
A933,3,19.6,8.510561797752809,445
A933,4,21.0,7.311856823266219,447
A933,5,17.2,6.973076923076923,416
A933,6,16.3,7.1142493638676845,393
A933,7,15.1,7.868877551020408,392
A933,8,20.0,9.258333333333333,372
A933,9,20.8,10.044088669950739,406
A933,10,22.7,10.339777777777776,450
A933,11,23.7,10.056416464891042,413
A933,12,22.7,9.446153846153846,403
A934,1,24.8,10.885057471264368,435
A934,2,25.0,11.28013698630137,438
A934,3,22.4,10.480334728033474,478
A934,4,20.8,8.992778993435449,457
A934,5,18.7,8.4004329004329,462
A934,6,20.0,8.832543103448277,464
A934,7,17.1,9.529684210526316,475
A934,8,18.7,10.325159914712154,469
A934,9,21.8,11.306263048016701,479
A934,10,23.5,11.64611973392461,451
A934,11,24.8,11.333167082294265,401
A934,12,21.1,10.803211009174312,436
A935,1,21.8,8.22982456140351,342
A935,2,21.8,8.146979865771813,298
A935,3,19.1,7.5089080459770114,348
A935,4,15.9,6.887915407854985,331
A935,5,17.4,6.211260053619303,373
A935,6,18.2,6.00854271356784,398
A935,7,20.2,6.638443935926773,437
A935,8,21.0,7.5092592592592595,378
A935,9,19.6,8.172777777777778,360
A935,10,21.3,9.151351351351352,370
A935,11,22.7,8.785756676557863,337
A935,12,21.8,8.991643454038996,359
A936,1,18.3,8.774799999999999,500
A936,2,18.9,8.446777546777547,481
A936,3,16.6,7.7522157996146435,519
A936,4,17.7,6.992147806004619,433
A936,5,19.9,6.742150537634409,465
A936,6,13.3,6.698444444444445,450
A936,7,14.5,7.27184265010352,483
A936,8,18.0,8.353187250996017,502
A936,9,21.8,8.852173913043478,506
A936,10,22.0,9.408219178082193,511
A936,11,22.8,8.887708333333334,480
A936,12,18.3,9.049798387096773,496
A937,1,20.7,8.829956896551725,464
A937,2,20.2,8.624276169265034,449
A937,3,16.7,8.1979035639413,477
A937,4,21.8,7.830995475113123,442
A937,5,15.4,7.254747474747474,495
A937,6,13.8,6.932335329341317,501
A937,7,16.4,7.416409266409266,518
A937,8,19.3,8.433532934131737,501
A937,9,21.7,9.119037199124726,457
A937,10,24.4,9.745798319327731,476
A937,11,19.0,9.385625000000001,480
A937,12,21.5,9.301428571428572,490
A938,1,19.6,8.66929347826087,368
A938,2,18.3,8.234234234234235,333
A938,3,17.6,8.38048780487805,369
A938,4,17.0,8.085555555555556,360
A938,5,15.6,7.7791237113402065,388
A938,6,15.8,7.901913875598086,418
A938,7,17.6,8.22983682983683,429
A938,8,22.0,8.625688073394496,436
A938,9,20.7,8.970089285714286,448
A938,10,22.8,8.883905013192612,379
A938,11,18.7,8.747706422018348,327
A938,12,14.4,8.599442896935933,359
A939,1,23.9,8.472043010752689,465
A939,2,15.8,8.147743467933491,421
A939,3,23.8,8.065591397849463,465
A939,4,21.4,7.705111111111112,450
A939,5,23.2,6.872,475
A939,6,15.1,6.7,472
A939,7,14.8,7.313389121338912,478
A939,8,20.8,8.02883435582822,489
A939,9,23.5,8.658498896247242,453
A939,10,21.0,8.875330396475771,454
A939,11,24.4,8.546888888888889,450
A939,12,16.8,8.313978494623656,465
A940,1,18.3,8.423492063492064,315
A940,2,24.7,8.811400651465798,307
A940,3,25.0,8.294936708860758,316
A940,4,24.6,8.017424242424243,264
A940,5,24.8,7.166787003610109,277
A940,6,24.9,7.898406374501992,251
A940,7,15.3,7.204115226337448,243
A940,8,21.0,8.417870722433461,263
A940,9,22.4,9.111072664359861,289
A940,10,18.9,8.973417721518986,316
A940,11,17.3,8.448051948051948,308
A940,12,19.1,8.142088607594937,316
A941,1,14.1,8.230196078431371,255
A941,2,18.5,8.091428571428573,210
A941,3,17.6,7.25320197044335,203
A941,4,19.1,6.811206896551725,232
A941,5,14.6,6.199638989169675,277
A941,6,16.9,6.180740740740741,270
A941,7,12.6,6.41726618705036,278
A941,8,16.0,7.340293040293041,273
A941,9,21.2,7.6300395256917,253
A941,10,21.4,8.793140794223826,277
A941,11,22.3,8.229213483146067,267
A941,12,18.6,8.865232974910395,279
A942,1,14.4,8.688333333333333,60
A942,2,14.2,8.783582089552239,67
A942,3,14.4,7.99247311827957,93
A942,4,14.9,7.283333333333333,90
A942,5,11.2,5.916129032258065,93
A942,6,11.5,6.814444444444444,90
A942,7,9.3,7.260215053763441,93
A942,8,11.9,7.7592105263157904,76
A942,9,18.9,8.680327868852459,61
A942,10,24.9,9.907936507936508,63
A942,11,33.7,9.4,65
A942,12,18.5,8.329850746268656,67
A943,1,18.6,9.073214285714286,112
A943,2,19.4,9.384705882352941,85
A943,3,17.1,9.140217391304347,92
A943,4,18.9,8.674999999999999,116
A943,5,12.7,7.635483870967741,124
A943,6,13.0,9.047967479674798,123
A943,7,14.5,9.972519083969466,131
A943,8,18.6,10.962616822429906,107
A943,9,23.7,11.069230769230769,91
A943,10,22.3,10.294949494949496,99
A943,11,27.7,10.8010989010989,91
A943,12,21.8,9.842201834862385,109
A944,1,16.1,7.993959731543623,149
A944,2,14.5,7.547863247863248,117
A944,3,16.0,7.485483870967743,124
A944,4,14.5,6.587903225806452,124
A944,5,11.3,5.8840764331210185,157
A944,6,12.0,6.048333333333334,180
A944,7,13.0,6.51505376344086,186
A944,8,18.1,7.946774193548387,186
A944,9,20.0,8.251666666666667,180
A944,10,17.0,8.650292397660818,171
A944,11,15.0,8.168000000000001,150
A944,12,16.3,7.923225806451613,155
B803,1,30.1,10.262672811059907,217
B803,2,26.4,10.049746192893402,197
B803,3,18.0,8.824537037037036,216
B803,4,20.7,8.3175,200
B803,5,26.6,8.547567567567567,185
B803,6,17.8,8.404054054054054,148
B803,7,17.2,9.032467532467532,154
B803,8,22.8,10.067005076142133,197
B803,9,20.0,10.608080808080809,198
B803,10,21.2,11.00548780487805,164
B803,11,21.9,10.1248730964467,197
B803,12,34.9,9.789302325581394,215
B804,1,33.0,9.407272727272728,165
B804,2,21.9,8.6,141
B804,3,22.2,8.655555555555555,153
B804,4,15.4,7.872535211267606,142
B804,5,19.1,8.438709677419356,155
B804,6,24.5,9.361073825503356,149
B804,7,14.9,8.357236842105262,152
B804,8,18.9,8.824242424242424,165
B804,9,24.0,9.28978494623656,186
B804,10,23.1,9.75187165775401,187
B804,11,21.1,9.44120879120879,182
B804,12,35.3,9.19111111111111,180
B806,1,18.3,8.168817204301074,279
B806,2,14.8,7.6200787401574805,254
B806,3,18.9,7.365232974910395,279
B806,4,17.3,6.727037037037037,270
B806,5,17.0,7.208243727598566,279
B806,6,18.5,7.416,300
B806,7,16.4,7.496774193548387,310
B806,8,21.5,7.848387096774194,310
B806,9,22.3,8.234,300
B806,10,18.4,8.31298245614035,285
B806,11,23.7,8.037407407407407,270
B806,12,17.8,7.987096774193549,279
B807,1,19.9,10.76774193548387,93
B807,2,22.8,9.892941176470588,85
B807,3,24.0,9.311827956989248,93
B807,4,30.0,9.173333333333334,90
B807,5,17.5,8.00989010989011,91
B807,6,21.3,8.193150684931506,73
B807,7,23.5,7.925806451612903,93
B807,8,19.0,9.061290322580646,93
B807,9,24.8,10.176666666666666,90
B807,10,22.5,10.347826086956522,69
B807,11,16.2,10.253333333333334,60
B807,12,21.6,11.325581395348838,86
B808,9,12.1,8.586363636363636,22
B808,10,12.8,8.44375,16
B809,9,16.0,7.9409090909090905,22
B809,10,12.3,7.29375,16
B810,9,12.7,9.054545454545455,22
B810,10,15.0,9.7375,16
B811,9,15.7,7.968181818181819,22
B811,10,15.5,7.2875,16
B812,9,10.8,7.7318181818181815,22
B812,10,13.1,7.737500000000001,16
B813,10,10.4,7.925000000000001,4
B814,10,10.6,7.2,4
B816,10,9.3,7.45,4
B817,10,11.7,7.775,4
B818,10,12.2,9.725,4
B819,9,15.8,8.072727272727272,22
B819,10,16.4,9.525,16
B820,9,14.0,8.85625,16
B820,10,14.9,9.81875,16
B821,10,8.6,7.55,4
B822,10,12.6,9.25,4
B823,10,11.1,9.2,4
B825,10,13.5,9.425,4
B827,10,11.5,9.025,4
B828,10,14.9,10.625,4
B829,10,18.7,14.899999999999999,4
F501,1,29.0,13.211111111111112,351
F501,2,23.4,12.544910179640718,334
F501,3,28.6,13.281182795698927,372
F501,4,24.7,12.8825,360
F501,5,21.8,12.403714285714287,350
F501,6,26.6,12.008459214501512,331
F501,7,24.1,12.445967741935483,372
F501,8,28.5,13.828763440860216,372
F501,9,27.1,14.470555555555555,360
F501,10,27.3,15.159943977591038,357
F501,11,26.8,14.525757575757575,330
F501,12,27.0,13.856891495601172,341
