codigo_estacao,ano,rajada_max,dias
A001,2000,20.8,223
A001,2001,18.3,356
A001,2002,15.1,358
A001,2003,24.3,357
A001,2004,19.0,335
A001,2005,21.7,365
A001,2006,18.1,360
A001,2007,18.7,360
A001,2008,17.7,366
A001,2009,16.1,365
A001,2010,14.5,347
A001,2011,20.7,365
A001,2012,16.0,366
A001,2013,19.7,365
A001,2014,26.4,365
A001,2015,23.5,365
A001,2016,16.8,366
A001,2017,17.8,365
A001,2018,17.9,364
A001,2019,18.9,365
A001,2020,15.3,366
A001,2021,19.6,365
A001,2022,21.0,365
A001,2023,20.0,365
A001,2024,18.9,366
A001,2025,13.0,289
A002,2001,17.2,192
A002,2002,21.4,347
A002,2003,20.1,342
A002,2004,19.0,344
A002,2005,22.3,328
A002,2006,19.1,360
A002,2007,20.7,365
A002,2008,19.4,366
A002,2009,16.7,365
A002,2010,21.2,365
A002,2011,20.4,365
A002,2012,22.3,366
A002,2013,17.0,365
A002,2014,18.8,365
A002,2015,20.8,365
A002,2016,20.8,366
A002,2017,16.0,365
A002,2018,19.5,365
A002,2019,20.9,365
A002,2020,19.6,366
A002,2021,21.4,365
A002,2022,23.2,365
A002,2023,17.5,365
A002,2024,16.2,366
A002,2025,16.7,241
A003,2001,20.9,197
A003,2002,19.3,353
A003,2003,17.8,275
A003,2005,18.1,178
A003,2006,21.2,360
A003,2007,18.7,365
A003,2008,15.6,365
A003,2009,13.7,10
A003,2010,20.8,280
A003,2011,25.0,365
A003,2012,21.9,366
A003,2013,21.5,327
A003,2014,20.4,365
A003,2015,24.0,365
A003,2016,21.2,366
A003,2017,22.6,365
A003,2018,19.4,365
A003,2019,21.9,365
A003,2020,20.9,366
A003,2021,18.8,336
A003,2022,21.1,364
A003,2023,23.0,365
A003,2024,23.2,366
A003,2025,17.2,289
A004,2001,16.7,207
A004,2002,20.9,323
A004,2003,15.6,311
A004,2004,18.4,151
A004,2005,23.2,165
A004,2006,21.7,360
A004,2007,21.0,365
A004,2008,17.7,282
A004,2009,20.2,365
A004,2010,19.4,338
A004,2011,15.7,332
A004,2012,22.9,366
A004,2013,18.9,365
A004,2014,20.3,358
A004,2015,23.9,280
A004,2016,21.8,366
A004,2017,18.4,365
A004,2018,14.5,132
A005,2001,19.7,211
A005,2002,16.4,220
A005,2004,21.5,198
A005,2005,20.8,302
A005,2006,18.5,325
A005,2007,17.0,124
A005,2018,23.5,110
A005,2019,19.3,365
A005,2020,16.5,211
A005,2021,19.2,280
A005,2022,19.7,365
A005,2023,21.1,264
A005,2024,16.9,366
A005,2025,19.8,289
A006,2001,16.3,118
A006,2002,15.5,283
A006,2003,15.1,27
A006,2004,9.6,4
A006,2005,15.2,161
A006,2006,17.4,92
A007,2003,23.5,315
A007,2004,18.2,268
A008,2003,17.0,198
A008,2004,19.3,310
A008,2005,20.5,365
A008,2006,19.9,358
A008,2007,24.2,362
A008,2008,22.0,351
A008,2009,21.1,310
A008,2010,20.1,313
A008,2011,23.0,365
A008,2012,21.1,366
A008,2013,16.4,50
A009,2004,12.5,15
A009,2005,18.1,348
A009,2006,19.4,358
A009,2007,23.1,360
A009,2008,20.9,365
A009,2009,18.3,350
A009,2010,20.8,365
A009,2011,19.7,327
A009,2012,22.8,339
A009,2013,18.7,361
A009,2014,22.9,360
A009,2015,21.5,317
A009,2016,20.4,340
A009,2017,21.4,365
A009,2018,19.4,365
A009,2019,23.4,365
A009,2020,18.5,366
A009,2021,19.6,364
A009,2022,20.6,313
A009,2023,22.8,324
A009,2024,19.9,366
A009,2025,18.2,289
A010,2005,17.4,261
A010,2006,16.5,357
A010,2007,22.2,365
A010,2008,18.2,365
A010,2009,19.2,365
A010,2010,19.7,365
A010,2011,19.0,365
A010,2012,24.7,362
A010,2013,21.1,300
A010,2014,17.1,357
A010,2015,19.4,365
A010,2016,15.9,353
A010,2017,16.9,361
A010,2018,21.7,301
A010,2019,19.9,323
A010,2020,16.9,357
A010,2021,16.0,188
A010,2022,16.1,365
A010,2023,17.6,361
A010,2024,19.3,365
A010,2025,16.7,289
A011,2006,21.3,170
A011,2007,21.2,365
A011,2008,20.5,343
A011,2009,24.5,363
A011,2010,24.9,365
A011,2011,23.9,365
A011,2012,24.7,363
A011,2013,21.6,365
A011,2014,21.7,365
A011,2015,21.1,365
A011,2016,19.0,311
A011,2017,24.2,344
A011,2018,24.2,365
A011,2019,24.6,331
A011,2020,20.5,364
A011,2021,18.1,354
A011,2022,22.0,149
A011,2024,19.6,56
A011,2025,23.1,289
A012,2006,16.6,72
A012,2007,20.0,362
A012,2008,17.3,365
A012,2009,23.5,365
A012,2010,22.1,365
A012,2011,19.6,365
A012,2012,21.0,366
A012,2013,19.6,365
A012,2014,17.2,292
A012,2015,22.3,363
A012,2016,19.4,365
A012,2017,20.7,361
A012,2018,19.8,365
A012,2019,23.8,356
A012,2020,24.5,286
A012,2021,22.5,365
A012,2022,17.1,365
A012,2023,17.9,364
A012,2024,21.2,366
A012,2025,19.7,289
A013,2007,17.5,157
A013,2008,18.9,365
A013,2009,22.3,365
A013,2010,20.7,365
A013,2011,19.7,353
A013,2012,21.1,366
A013,2013,18.7,335
A013,2014,19.7,364
A013,2015,20.6,277
A013,2016,20.9,359
A013,2017,24.4,365
A013,2018,20.2,348
A013,2019,20.0,365
A013,2020,18.0,359
A013,2021,17.1,120
A013,2022,16.1,195
A013,2023,18.4,229
A013,2024,18.5,240
A013,2025,17.8,289
A014,2007,23.2,163
A014,2008,17.9,365
A014,2009,24.0,365
A014,2010,21.5,365
A014,2011,18.1,358
A014,2012,18.6,357
A014,2013,18.7,365
A014,2014,18.2,365
A014,2015,22.1,364
A014,2016,23.8,366
A014,2017,19.3,345
A014,2018,18.0,354
A014,2019,22.7,331
A014,2020,23.9,366
A014,2021,19.8,364
A014,2022,16.9,365
A014,2023,20.1,324
A014,2024,17.7,296
A014,2025,23.4,289
A015,2007,24.6,328
A015,2008,20.8,277
A015,2009,22.1,365
A015,2010,20.5,328
A015,2011,21.6,364
A015,2012,23.6,366
A015,2013,21.5,363
A015,2014,19.2,365
A015,2015,21.8,357
A015,2016,22.2,366
A015,2017,19.1,365
A015,2018,20.4,364
A015,2019,22.0,302
A015,2022,15.8,75
A015,2023,22.8,365
A015,2024,19.0,366
A015,2025,23.7,289
A016,2007,22.7,211
A016,2008,20.5,365
A016,2009,18.8,364
A016,2010,24.5,365
A016,2011,21.3,365
A016,2012,23.6,366
A016,2013,21.8,365
A016,2014,24.2,365
A016,2015,23.6,365
A016,2016,20.7,366
A016,2017,22.8,365
A016,2018,21.5,365
A016,2019,20.6,331
A016,2020,20.1,366
A016,2021,22.1,365
A016,2022,20.0,365
A016,2023,23.1,319
A016,2024,20.4,366
A016,2025,22.3,289
A017,2007,17.6,253
A017,2008,20.3,366
A017,2009,19.7,365
A017,2010,17.8,365
A017,2011,20.5,360
A017,2012,18.8,366
A017,2013,17.3,365
A017,2014,18.2,365
A017,2015,19.8,365
A017,2016,19.5,364
A017,2017,18.7,362
A017,2018,21.7,365
A017,2019,20.2,336
A017,2020,18.6,299
A017,2021,17.0,344
A017,2022,23.5,291
A017,2023,23.2,344
A017,2024,20.8,366
A017,2025,22.3,289
A018,2006,14.7,28
A018,2007,21.9,365
A018,2008,18.4,363
A018,2009,20.5,365
A018,2010,22.9,365
A018,2011,20.9,363
A018,2012,16.9,364
A018,2013,22.7,353
A018,2014,24.8,283
A018,2015,19.0,300
A018,2016,24.7,366
A018,2017,22.5,292
A018,2018,17.7,329
A018,2019,22.1,328
A018,2020,15.0,62
A018,2021,22.1,117
A018,2022,18.1,365
A018,2023,19.4,302
A018,2024,20.2,217
A019,2007,21.2,343
A019,2008,22.2,365
A019,2009,21.2,365
A019,2010,16.1,343
A019,2011,19.7,365
A019,2012,18.8,366
A019,2013,20.5,365
A019,2014,19.2,365
A019,2015,20.5,365
A019,2016,20.3,351
A019,2017,19.3,365
A019,2018,20.0,365
A019,2019,19.7,364
A019,2020,15.7,202
A019,2021,18.3,317
A019,2022,24.8,363
A019,2023,20.5,365
A019,2024,15.0,366
A019,2025,18.9,253
A020,2007,15.7,278
A020,2008,16.0,364
A020,2009,16.1,365
A020,2010,15.6,345
A020,2011,21.4,365
A020,2012,18.8,363
A020,2013,23.7,351
A020,2014,19.4,365
A020,2015,18.4,361
A020,2016,17.4,365
A020,2017,17.6,365
A020,2018,18.7,365
A020,2019,20.3,344
A020,2020,16.5,366
A020,2021,15.8,281
A020,2022,10.6,46
A020,2023,20.3,308
A020,2024,23.4,366
A020,2025,21.9,289
A021,2007,17.3,340
A021,2008,14.9,364
A021,2009,17.1,365
A021,2010,17.8,365
A021,2011,17.6,365
A021,2012,16.7,340
A021,2013,16.9,167
A021,2014,15.7,365
A021,2015,17.0,297
A021,2016,17.1,366
A021,2017,18.7,365
A021,2018,16.2,361
A021,2019,17.2,365
A021,2020,14.4,139
A021,2021,6.2,3
A021,2022,16.2,271
A021,2023,17.4,363
A021,2024,16.0,365
A021,2025,13.9,288
A022,2007,23.1,206
A022,2008,20.0,300
A022,2009,19.1,365
A022,2010,19.3,365
A022,2011,18.1,364
A022,2012,19.9,358
A022,2013,24.1,365
A022,2014,19.6,365
A022,2015,22.1,365
A022,2016,24.6,354
A022,2017,23.1,365
A022,2018,23.1,338
A022,2019,21.4,365
A022,2020,17.7,361
A022,2021,16.7,354
A022,2022,16.3,341
A022,2023,24.0,208
A022,2024,20.6,366
A022,2025,19.5,289
A023,2007,18.8,222
A023,2008,21.6,364
A023,2009,22.7,365
A023,2010,21.4,365
A023,2011,21.3,365
A023,2012,20.2,300
A023,2013,19.9,365
A023,2014,18.1,365
A023,2015,23.0,356
A023,2016,23.6,364
A023,2017,19.9,359
A023,2018,19.8,365
A023,2019,20.9,365
A023,2020,19.0,366
A023,2021,21.0,348
A023,2022,24.1,365
A023,2023,18.5,339
A023,2024,16.3,366
A023,2025,16.4,289
A024,2007,19.1,208
A024,2008,19.1,361
A024,2009,17.3,316
A024,2010,16.5,365
A024,2011,16.3,365
A024,2012,20.2,366
A024,2013,20.6,365
A024,2014,21.1,365
A024,2015,19.2,355
A024,2016,17.6,366
A024,2017,24.2,365
A024,2018,15.5,365
A024,2019,21.6,355
A024,2020,20.1,366
A024,2021,16.5,365
A024,2022,16.8,291
A024,2023,17.0,201
A025,2007,21.9,226
A025,2008,20.5,364
A025,2009,20.7,365
A025,2010,19.1,365
A025,2011,21.1,365
A025,2012,23.2,352
A025,2013,17.9,362
A025,2014,23.7,344
A025,2015,24.2,352
A025,2016,19.6,347
A025,2017,24.9,365
A025,2018,20.8,365
A025,2019,21.2,359
A025,2020,15.2,80
A025,2021,18.3,186
A025,2022,18.6,365
A025,2023,25.5,365
A025,2024,18.3,234
A025,2025,17.9,289
A026,2007,16.0,38
A026,2008,17.5,364
A026,2009,19.8,365
A026,2010,19.5,341
A026,2011,24.1,365
A026,2012,18.6,336
A026,2013,22.9,365
A026,2014,21.6,363
A026,2015,18.5,360
A026,2016,20.8,312
A026,2017,21.6,227
A026,2018,21.7,255
A026,2019,24.9,365
A026,2020,19.8,366
A026,2021,23.3,268
A026,2022,19.5,365
A026,2023,24.8,365
A026,2024,19.1,286
A026,2025,14.4,218
A027,2008,18.8,278
A027,2009,23.8,365
A027,2010,19.9,365
A027,2011,18.0,335
A027,2012,22.3,295
A027,2013,17.3,365
A027,2014,19.7,358
A027,2015,17.7,327
A027,2016,23.7,366
A027,2017,18.9,331
A027,2018,17.0,365
A027,2019,22.1,365
A027,2020,15.0,366
A027,2021,19.0,365
A027,2022,19.0,365
A027,2023,20.1,364
A027,2024,24.2,366
A027,2025,16.1,289
A028,2013,17.1,188
A028,2014,24.1,121
A028,2015,21.2,314
A028,2016,19.3,366
A028,2017,23.7,365
A028,2018,20.5,362
A028,2019,18.7,365
A028,2020,16.4,207
A028,2021,16.4,244
A028,2022,20.4,365
A028,2023,20.5,365
A028,2024,14.9,170
A028,2025,24.8,289
A029,2017,20.6,128
A029,2018,23.4,365
A029,2019,26.7,349
A029,2020,25.8,366
A029,2021,20.2,365
A029,2022,41.4,365
A029,2023,30.7,365
A029,2024,17.3,365
A029,2025,21.6,285
A031,2017,20.9,184
A031,2018,21.2,365
A031,2019,29.1,362
A031,2020,17.7,365
A031,2021,23.8,362
A031,2022,19.3,365
A031,2023,28.3,364
A031,2024,21.3,350
A031,2025,20.4,289
A032,2007,23.2,201
A032,2008,22.8,364
A032,2009,18.4,358
A032,2010,21.1,354
A032,2011,17.5,318
A032,2012,18.1,326
A032,2013,19.3,365
A032,2014,25.0,365
A032,2015,19.4,365
A032,2016,22.3,366
A032,2017,20.9,356
A032,2018,21.5,365
A032,2019,19.1,365
A032,2020,19.2,366
A032,2021,23.9,364
A032,2022,21.4,365
A032,2023,23.5,364
A032,2024,24.6,353
A032,2025,16.1,262
A033,2007,16.9,78
A033,2008,23.5,364
A033,2009,22.3,365
A033,2010,18.4,365
A033,2011,19.2,365
A033,2012,16.5,332
A033,2013,18.7,365
A033,2014,19.5,365
A033,2015,23.0,365
A033,2016,20.1,366
A033,2017,23.1,363
A033,2018,17.2,365
A033,2019,21.5,364
A033,2020,21.9,366
A033,2021,22.0,365
A033,2022,17.9,346
A033,2023,17.3,306
A033,2024,23.5,366
A033,2025,15.9,289
A034,2008,19.4,334
A034,2009,18.6,365
A034,2010,19.1,365
A034,2011,18.2,365
A034,2012,20.5,366
A034,2013,15.4,300
A034,2014,18.4,365
A034,2015,21.7,365
A034,2016,21.5,366
A034,2017,16.8,365
A034,2018,16.9,341
A034,2019,22.1,365
A034,2020,18.4,366
A034,2021,19.4,365
A034,2022,14.9,358
A034,2023,19.1,365
A034,2024,17.6,366
A034,2025,15.5,289
A035,2007,22.6,58
A035,2008,22.1,352
A035,2009,22.1,365
A035,2010,23.4,365
A035,2011,24.3,365
A035,2012,24.9,366
A035,2013,20.7,365
A035,2014,22.9,354
A035,2015,23.4,365
A035,2016,23.9,362
A035,2017,19.0,364
A035,2018,18.8,360
A035,2019,20.1,350
A035,2020,23.4,359
A035,2021,22.8,325
A035,2022,20.0,365
A035,2023,21.3,365
A035,2024,17.3,326
A035,2025,20.9,289
A036,2007,12.9,16
A036,2008,18.6,365
A036,2009,21.4,365
A036,2010,20.4,365
A036,2011,17.4,365
A036,2012,17.4,366
A036,2013,23.7,365
A036,2014,20.2,365
A036,2015,16.7,365
A036,2016,20.7,366
A036,2017,25.0,365
A036,2018,24.6,65
A036,2020,15.1,22
A036,2021,24.6,365
A036,2022,18.3,365
A036,2023,22.5,364
A036,2024,18.0,366
A036,2025,15.5,289
A037,2010,16.8,82
A037,2011,17.4,365
A037,2012,20.9,366
A037,2013,18.9,365
A037,2014,17.5,365
A037,2015,19.1,365
A037,2016,16.4,365
A037,2017,16.4,364
A037,2018,17.7,365
A037,2019,14.9,365
A037,2020,24.1,366
A037,2021,17.0,365
A037,2022,13.7,364
A037,2023,19.6,365
A037,2024,12.5,362
A037,2025,9.8,289
A038,2008,16.5,122
A038,2009,20.1,365
A038,2010,22.4,310
A038,2011,17.8,365
A038,2012,22.3,366
A038,2013,24.3,365
A038,2014,23.5,365
A038,2015,24.4,365
A038,2016,22.3,366
A038,2017,18.9,365
A038,2018,18.3,364
A038,2019,23.3,348
A038,2020,17.0,366
A038,2021,18.4,351
A038,2022,22.0,175
A038,2023,24.5,364
A038,2024,23.6,314
A038,2025,8.4,1
A039,2008,17.3,248
A039,2009,22.5,365
A039,2010,23.5,331
A039,2011,19.8,364
A039,2012,18.5,366
A039,2013,22.7,348
A039,2014,19.7,365
A039,2015,20.4,346
A039,2016,24.9,275
A039,2017,23.0,228
A039,2018,18.0,358
A039,2019,20.6,365
A039,2020,17.0,366
A039,2021,18.1,365
A039,2022,18.9,364
A039,2023,15.6,362
A039,2024,20.3,366
A039,2025,18.0,289
A040,2012,20.8,49
A040,2013,20.3,336
A040,2014,23.0,365
A040,2015,24.2,365
A040,2016,23.2,366
A040,2017,21.0,365
A040,2018,21.5,364
A040,2019,18.7,365
A040,2020,18.8,159
A040,2022,19.2,159
A040,2023,24.2,365
A040,2024,19.4,366
A040,2025,19.1,289
A041,2012,21.9,35
A041,2013,21.7,365
A041,2014,23.0,365
A041,2015,22.6,335
A041,2016,24.8,274
A041,2017,21.7,365
A041,2018,22.0,341
A041,2019,24.6,336
A041,2020,23.4,366
A041,2021,19.5,356
A041,2022,13.1,100
A041,2023,21.8,202
A041,2024,20.7,366
A041,2025,22.0,289
A042,2017,16.1,166
A042,2018,22.4,365
A042,2019,22.8,363
A042,2020,25.1,365
A042,2021,20.3,365
A042,2022,19.6,365
A042,2023,30.4,365
A042,2024,16.9,366
A042,2025,17.9,286
A043,2012,15.8,63
A043,2013,18.1,236
A043,2014,19.5,176
A043,2015,14.9,129
A043,2016,17.8,134
A043,2017,14.8,227
A043,2018,18.7,365
A043,2019,18.3,365
A043,2020,15.6,333
A043,2021,10.7,88
A044,2009,24.4,241
A044,2010,20.9,197
A044,2011,18.5,365
A044,2012,24.1,366
A044,2013,18.3,365
A044,2014,18.0,365
A044,2015,18.0,365
A044,2016,20.0,358
A044,2017,17.8,360
A044,2018,15.0,356
A044,2019,15.2,299
A044,2020,14.5,179
A044,2021,15.4,18
A044,2023,18.8,141
A044,2024,19.7,366
A044,2025,24.1,289
A045,2008,14.7,87
A045,2009,17.4,365
A045,2010,21.0,365
A045,2011,16.1,365
A045,2012,21.8,366
A045,2013,16.8,365
A045,2014,15.1,365
A045,2015,19.7,361
A045,2016,16.7,366
A045,2017,20.5,363
A045,2018,16.1,365
A045,2019,17.2,365
A045,2020,19.5,366
A045,2021,15.3,363
A045,2022,21.5,328
A045,2023,13.9,365
A045,2024,17.2,366
A045,2025,18.0,289
A046,2014,20.1,80
A046,2015,21.5,365
A046,2016,22.8,366
A046,2017,22.0,361
A046,2018,20.7,365
A046,2019,20.9,365
A046,2020,19.8,366
A046,2021,20.8,365
A046,2022,22.3,365
A046,2023,21.3,365
A046,2024,26.6,366
A046,2025,25.0,289
A047,2017,18.7,288
A047,2018,23.3,365
A047,2019,16.2,365
A047,2020,19.5,366
A047,2021,21.3,365
A047,2022,22.8,365
A047,2023,21.3,365
A047,2024,18.8,366
A047,2025,14.7,289
A048,2016,25.3,72
A048,2017,26.3,203
A048,2018,21.1,232
A048,2019,27.4,105
A048,2020,21.4,366
A048,2021,10.4,12
A048,2022,23.5,272
A048,2023,28.3,365
A048,2024,37.3,366
A048,2025,22.6,289
A049,2016,17.8,52
A049,2017,18.4,365
A049,2018,39.4,365
A049,2019,20.7,313
A049,2020,25.7,366
A049,2021,15.8,352
A049,2022,15.8,362
A049,2023,25.1,365
A049,2024,21.4,366
A049,2025,15.3,284
A050,2016,24.1,122
A050,2017,21.5,122
A050,2018,23.6,365
A050,2019,29.9,279
A050,2020,19.7,366
A050,2021,15.6,359
A050,2022,15.7,364
A050,2023,18.1,365
A050,2024,24.5,363
A050,2025,17.1,287
A051,2016,19.3,269
A051,2017,21.2,365
A051,2018,16.9,365
A051,2019,18.2,365
A051,2020,21.5,360
A051,2021,17.5,210
A051,2022,18.6,365
A051,2023,19.0,365
A051,2024,11.7,44
A052,2015,23.4,136
A052,2016,19.4,216
A052,2017,20.8,223
A052,2018,19.4,302
A052,2019,18.8,321
A052,2020,17.1,192
A052,2021,18.6,88
A052,2022,19.1,277
A052,2023,21.0,362
A052,2024,16.7,366
A052,2025,20.4,289
A053,2016,18.5,275
A053,2017,16.8,358
A053,2018,21.0,365
A053,2019,18.6,365
A053,2020,20.2,345
A053,2021,21.5,250
A053,2022,18.6,244
A053,2023,23.0,361
A053,2024,25.0,366
A053,2025,15.8,289
A054,2015,20.5,135
A054,2016,22.1,366
A054,2017,19.6,365
A054,2018,23.9,365
A054,2019,22.2,183
A054,2020,18.0,362
A054,2021,18.8,365
A054,2022,20.1,168
A054,2023,20.7,308
A054,2024,23.3,294
A054,2025,20.1,289
A055,2016,16.2,47
A055,2017,16.9,365
A055,2018,17.1,302
A055,2019,16.4,217
A055,2020,20.4,366
A055,2021,29.1,364
A055,2022,15.8,345
A055,2023,18.7,365
A055,2024,18.6,366
A055,2025,17.8,289
A056,2018,42.7,337
A056,2019,34.2,365
A056,2020,25.8,366
A056,2021,17.6,359
A056,2022,21.3,365
A056,2023,39.9,365
A056,2024,19.9,366
A056,2025,23.0,289
A101,2000,16.9,96
A101,2001,16.0,324
A101,2002,15.3,291
A101,2003,15.2,182
A101,2004,17.6,312
A101,2005,15.5,189
A101,2006,14.4,357
A101,2007,14.0,365
A101,2008,17.2,234
A101,2009,9.5,12
A101,2010,20.0,322
A101,2011,41.1,365
A101,2012,19.1,366
A101,2013,25.5,361
A101,2014,32.0,352
A101,2015,18.2,365
A101,2016,17.1,363
A101,2017,17.8,361
A101,2018,16.1,124
A101,2019,20.7,365
A101,2020,14.6,366
A101,2021,39.0,341
A101,2022,36.5,365
A101,2023,16.0,365
A101,2024,15.8,366
A101,2025,14.2,288
A102,2008,14.8,118
A102,2009,13.4,355
A102,2010,11.6,54
A102,2012,13.1,37
A102,2013,13.6,98
A102,2014,16.0,166
A102,2015,22.7,365
A102,2016,21.0,366
A102,2017,20.1,365
A102,2018,14.8,347
A102,2019,17.7,330
A102,2020,18.5,366
A102,2021,16.6,365
A102,2022,19.6,365
A102,2023,22.2,166
A104,2008,23.2,169
A104,2009,24.0,363
A104,2010,17.8,365
A104,2011,20.5,365
A104,2012,23.7,360
A104,2013,18.1,361
A104,2014,16.5,160
A104,2015,17.8,157
A104,2016,18.0,179
A104,2017,20.5,282
A104,2018,23.2,78
A104,2019,16.1,196
A104,2020,13.8,72
A104,2022,13.3,104
A104,2023,16.2,365
A104,2024,17.5,366
A104,2025,16.5,289
A108,2015,19.7,231
A108,2016,18.3,366
A108,2017,13.7,238
A108,2018,14.7,365
A108,2019,16.4,365
A108,2020,14.7,262
A108,2023,11.0,20
A108,2024,13.5,238
A108,2025,11.3,197
A109,2012,20.5,123
A109,2013,18.3,352
A109,2014,15.7,363
A109,2015,22.4,365
A109,2016,16.6,185
A109,2018,12.3,68
A109,2019,16.6,326
A109,2020,13.7,122
A110,2008,19.0,169
A110,2009,16.6,365
A110,2010,22.5,365
A110,2011,16.9,365
A110,2012,19.9,365
A110,2013,19.1,365
A110,2014,15.8,365
A110,2015,16.4,201
A110,2016,16.7,284
A110,2017,19.0,365
A110,2018,16.9,365
A110,2019,18.4,365
A110,2020,12.4,22
A110,2022,15.7,107
A110,2023,23.4,365
A110,2024,17.8,366
A110,2025,15.8,289
A111,2008,20.1,159
A111,2009,13.5,365
A111,2010,18.9,365
A111,2011,19.3,362
A111,2012,16.1,351
A111,2013,14.8,365
A111,2014,14.1,365
A111,2015,17.6,264
A111,2016,19.8,366
A111,2017,16.5,363
A111,2018,19.9,248
A111,2019,14.3,181
A111,2020,17.1,366
A111,2021,18.6,364
A111,2022,17.7,347
A111,2023,16.3,365
A111,2024,11.8,278
A111,2025,10.1,126
A112,2008,21.2,251
A112,2009,20.5,365
A112,2010,17.7,164
A112,2011,18.9,365
A112,2012,17.3,326
A112,2013,17.0,144
A112,2014,24.2,98
A112,2015,19.5,365
A112,2016,19.8,110
A112,2017,23.2,365
A112,2018,21.6,365
A112,2019,15.1,181
A112,2020,24.5,223
A112,2022,18.0,110
A112,2023,18.4,221
A112,2024,19.3,366
A112,2025,19.3,289
A113,2008,21.6,154
A113,2009,16.5,365
A113,2010,20.0,365
A113,2011,21.3,365
A113,2012,23.7,366
A113,2013,21.5,365
A113,2014,19.0,365
A113,2015,19.0,364
A113,2016,17.8,360
A113,2017,23.6,171
A113,2018,14.0,118
A113,2019,13.3,78
A113,2020,17.8,287
A113,2022,15.9,180
A113,2023,15.2,151
A113,2024,17.2,128
A117,2008,18.1,262
A117,2009,17.4,242
A117,2010,18.5,148
A117,2011,21.7,365
A117,2012,20.0,366
A117,2013,17.9,335
A117,2014,18.9,365
A117,2015,18.9,365
A117,2016,20.8,366
A117,2017,21.5,310
A117,2018,19.8,191
A117,2019,21.3,365
A117,2020,15.1,13
A117,2021,8.5,5
A117,2022,17.8,130
A117,2023,18.3,254
A117,2024,20.1,359
A117,2025,16.4,154
A119,2008,21.1,266
A119,2009,17.3,365
A119,2010,21.7,365
A119,2011,18.9,364
A119,2012,19.0,366
A119,2013,16.9,278
A119,2014,21.8,353
A119,2015,18.3,359
A119,2016,18.2,286
A119,2017,19.8,365
A119,2018,20.3,365
A119,2019,23.5,335
A119,2020,16.7,212
A119,2021,21.4,363
A119,2022,17.1,365
A119,2023,18.9,365
A119,2024,16.7,244
A119,2025,20.7,289
A121,2008,21.9,254
A121,2009,15.6,365
A121,2010,14.8,365
A121,2011,16.1,365
A121,2012,18.2,366
A121,2013,13.7,365
A121,2014,14.7,365
A121,2015,16.0,365
A121,2016,19.9,339
A121,2017,15.5,365
A121,2018,17.2,315
A121,2019,14.8,316
A121,2020,13.6,203
A121,2021,14.5,352
A121,2022,16.7,365
A121,2023,15.8,365
A121,2024,13.5,225
A121,2025,16.9,289
A122,2008,14.5,254
A122,2009,15.1,365
A122,2010,19.2,365
A122,2011,14.3,365
A122,2012,15.8,366
A122,2013,15.4,365
A122,2014,13.6,364
A122,2015,16.9,308
A122,2016,15.2,120
A122,2017,15.1,315
A122,2018,19.5,316
A122,2019,13.2,285
A122,2020,13.7,145
A122,2022,14.4,279
A122,2023,19.0,348
A122,2024,13.0,74
A123,2008,18.2,266
A123,2009,16.3,365
A123,2010,16.6,365
A123,2011,17.2,310
A123,2012,16.7,366
A123,2013,16.6,361
A123,2014,16.4,149
A123,2015,14.3,147
A123,2016,9.7,4
A123,2017,13.5,214
A123,2018,10.9,33
A123,2019,6.0,12
A123,2022,13.1,24
A123,2023,20.7,365
A123,2024,15.8,366
A123,2025,16.7,250
A124,2008,16.1,259
A124,2009,14.1,365
A124,2010,15.3,307
A124,2011,15.3,359
A124,2012,16.9,366
A124,2013,14.5,365
A124,2014,15.9,365
A124,2015,13.3,312
A124,2016,16.6,366
A124,2017,14.3,357
A124,2018,14.7,307
A124,2019,17.4,365
A124,2020,12.3,31
A124,2022,13.5,247
A124,2023,13.7,365
A124,2024,16.7,366
A124,2025,15.9,130
A125,2008,18.9,188
A125,2009,17.7,365
A125,2010,14.7,365
A125,2011,16.8,365
A125,2012,18.8,353
A125,2013,14.7,365
A125,2014,16.8,365
A125,2015,21.5,365
A125,2016,19.0,365
A125,2017,18.4,258
A125,2018,15.6,365
A125,2019,18.0,365
A125,2020,20.2,272
A125,2021,19.9,108
A125,2022,17.0,365
A125,2023,17.4,365
A125,2024,24.6,341
A125,2025,6.8,236
A126,2008,16.6,254
A126,2009,18.1,365
A126,2010,18.1,364
A126,2011,19.0,261
A126,2012,25.0,366
A126,2013,16.1,365
A126,2014,16.0,365
A126,2015,16.5,365
A126,2016,14.9,270
A126,2017,17.0,365
A126,2018,18.1,365
A126,2019,17.2,365
A126,2020,15.2,351
A126,2021,12.8,159
A126,2022,13.7,195
A126,2023,11.7,174
A127,2008,14.8,130
A128,2008,21.0,254
A128,2009,17.3,365
A128,2010,19.1,365
A128,2011,17.6,365
A128,2012,18.7,366
A128,2013,15.7,293
A128,2014,17.3,365
A128,2015,17.2,330
A128,2016,14.4,105
A128,2017,17.9,215
A128,2018,13.3,46
A128,2019,17.1,365
A128,2020,8.1,7
A128,2022,16.2,227
A128,2023,16.7,365
A128,2024,16.9,306
A128,2025,15.9,289
A133,2013,12.1,43
A133,2014,20.1,125
A133,2015,17.3,365
A133,2016,19.0,366
A133,2017,25.0,235
A133,2019,17.7,129
A133,2022,16.1,202
A133,2023,19.0,227
A133,2024,13.1,157
A134,2011,19.0,121
A134,2012,15.8,366
A134,2013,19.4,365
A134,2014,18.9,365
A134,2015,13.2,195
A134,2016,15.6,366
A134,2017,13.8,365
A134,2018,17.6,315
A135,2010,14.4,127
A135,2011,17.4,365
A135,2012,24.5,366
A135,2013,15.1,365
A135,2014,15.7,351
A135,2015,19.2,365
A135,2016,22.6,330
A135,2017,15.1,365
A135,2018,13.3,309
A135,2019,17.5,365
A135,2020,20.3,269
A135,2021,10.9,21
A135,2022,22.7,185
A135,2023,21.2,272
A135,2024,18.0,365
A135,2025,16.0,278
A136,2009,15.0,63
A136,2010,19.5,306
A136,2011,17.9,291
A136,2012,16.5,298
A136,2013,19.8,347
A136,2014,18.0,310
A136,2015,16.3,363
A136,2016,19.1,360
A136,2017,13.4,158
A136,2018,16.8,365
A136,2019,20.0,360
A136,2020,15.5,122
A137,2009,16.3,65
A137,2010,14.2,40
A137,2011,24.8,289
A137,2012,25.0,322
A137,2013,22.7,314
A137,2014,7.8,2
A137,2016,14.7,7
A137,2017,19.6,131
A137,2018,11.9,29
A138,2009,17.7,95
A138,2010,20.6,365
A138,2011,24.1,365
A138,2012,23.7,300
A138,2013,23.6,365
A138,2014,22.5,331
A138,2015,20.5,365
A138,2016,16.7,262
A138,2017,23.9,140
A138,2018,19.0,365
A138,2019,23.5,365
A138,2020,20.6,366
A138,2021,17.1,166
A138,2023,13.6,22
A138,2024,21.3,366
A138,2025,17.7,289
A140,2009,15.6,61
A140,2010,17.4,365
A140,2011,16.6,365
A140,2012,18.5,366
A140,2013,19.8,365
A140,2014,16.6,349
A140,2015,22.0,357
A140,2016,17.3,366
A140,2017,15.4,365
A140,2018,13.6,365
A140,2019,16.1,365
A140,2020,13.3,117
A140,2023,9.9,23
A140,2024,15.5,366
A140,2025,13.3,289
A144,2019,12.6,161
A144,2020,9.8,126
A144,2022,15.0,251
A144,2023,13.6,365
A144,2024,23.7,178
A144,2025,10.9,6
A201,2003,17.4,342
A201,2004,15.3,283
A201,2005,20.2,329
A201,2006,17.4,246
A201,2007,16.1,282
A201,2008,18.0,345
A201,2009,15.3,365
A201,2010,15.1,365
A201,2011,15.8,365
A201,2012,15.6,358
A201,2013,13.1,365
A201,2014,17.3,364
A201,2015,16.0,365
A201,2016,14.4,366
A201,2017,15.7,364
A201,2018,16.3,364
A201,2019,13.8,365
A201,2020,15.2,353
A201,2021,15.8,349
A201,2022,19.6,283
A201,2023,16.5,365
A201,2024,19.3,366
A201,2025,15.1,289
A202,2003,21.2,328
A202,2004,18.9,366
A202,2005,18.8,359
A202,2006,16.3,357
A202,2007,17.2,365
A202,2008,18.0,269
A202,2009,17.7,365
A202,2010,19.4,365
A202,2011,18.7,280
A202,2012,18.4,357
A202,2013,18.5,365
A202,2014,17.0,365
A202,2015,21.0,319
A202,2016,18.5,364
A202,2017,16.1,365
A202,2018,19.3,364
A202,2019,18.3,365
A202,2020,19.0,363
A202,2021,18.0,275
A202,2022,17.0,302
A202,2023,16.5,344
A202,2024,15.6,366
A202,2025,18.8,289
A203,2003,14.4,326
A203,2004,16.5,366
A203,2005,14.7,359
A203,2006,11.9,130
A203,2007,13.4,31
A203,2008,14.0,365
A203,2009,13.9,361
A203,2010,15.2,360
A203,2011,14.6,313
A203,2012,14.0,366
A203,2013,15.5,365
A203,2014,13.6,335
A203,2015,15.5,365
A203,2016,18.4,366
A203,2017,16.0,363
A203,2018,14.5,364
A203,2019,14.9,331
A203,2020,14.2,366
A203,2021,13.6,365
A203,2022,14.2,365
A203,2023,14.2,365
A203,2024,17.7,366
A203,2025,14.0,255
A204,2007,16.0,67
A204,2008,16.9,365
A204,2009,18.3,365
A204,2010,17.2,318
A204,2011,15.1,321
A204,2012,20.6,337
A204,2013,17.4,318
A204,2014,23.5,336
A204,2015,24.3,277
A204,2016,14.7,334
A204,2017,17.4,365
A204,2018,19.5,365
A204,2019,16.6,365
A204,2020,15.0,144
A204,2022,14.8,156
A204,2023,18.8,331
A204,2024,13.8,153
A204,2025,16.4,75
A205,2007,16.7,27
A205,2008,20.0,364
A205,2009,21.9,364
A205,2010,19.7,245
A205,2011,20.9,302
A205,2012,17.9,366
A205,2013,20.8,363
A205,2014,20.9,365
A205,2015,18.6,365
A205,2016,19.1,366
A205,2017,19.3,362
A205,2018,18.7,299
A205,2019,19.0,362
A205,2020,19.8,366
A205,2021,18.9,260
A205,2022,17.8,273
A205,2023,17.0,346
A205,2024,18.3,118
A205,2025,18.0,289
A206,2008,17.8,105
A206,2009,15.4,365
A206,2010,16.6,365
A206,2011,14.9,365
A206,2012,23.3,366
A206,2013,18.4,365
A206,2014,19.8,358
A206,2015,14.7,189
A206,2016,16.8,366
A206,2017,24.7,337
A206,2018,20.6,365
A206,2019,19.3,365
A206,2020,14.6,100
A206,2022,14.5,271
A206,2023,15.4,365
A206,2024,17.4,366
A206,2025,18.8,289
A207,2008,14.5,113
A207,2009,15.6,365
A207,2010,16.0,324
A207,2011,23.3,307
A207,2012,14.5,299
A207,2013,16.8,365
A207,2014,16.6,365
A207,2015,16.5,365
A207,2016,12.6,132
A207,2018,16.8,199
A208,2008,18.5,265
A208,2009,15.7,34
A209,2008,15.1,276
A209,2009,13.5,365
A209,2010,15.5,365
A209,2011,15.8,365
A209,2012,15.2,366
A209,2013,16.2,365
A209,2014,14.8,365
A209,2015,16.5,287
A209,2016,16.9,366
A209,2017,14.5,338
A209,2018,14.0,182
A209,2019,15.7,173
A209,2020,18.5,366
A209,2021,12.5,37
A209,2025,17.4,23
A210,2008,21.7,275
A210,2009,13.9,353
A210,2010,13.5,55
A210,2011,10.6,55
A210,2012,20.2,366
A210,2013,18.0,365
A210,2014,17.8,361
A210,2015,16.0,316
A210,2016,17.6,313
A210,2017,20.5,312
A210,2018,16.9,83
A210,2024,17.1,265
A210,2025,18.8,289
A211,2008,24.3,321
A211,2009,16.5,365
A211,2010,20.5,365
A211,2011,15.6,103
A211,2012,19.9,325
A211,2013,18.6,364
A211,2014,15.2,313
A211,2015,15.8,365
A211,2016,17.6,365
A211,2017,18.7,365
A211,2018,16.1,365
A211,2019,19.4,333
A211,2020,15.7,68
A211,2022,19.8,204
A211,2023,20.6,365
A211,2024,17.9,366
A211,2025,14.6,86
A212,2007,22.1,75
A212,2008,19.1,365
A212,2009,17.4,365
A212,2010,17.0,365
A212,2011,19.8,355
A212,2012,17.7,365
A212,2013,17.0,365
A212,2014,17.3,365
A212,2015,18.6,365
A212,2016,23.8,365
A212,2017,15.6,259
A212,2018,17.3,342
A212,2019,17.5,365
A212,2020,21.2,296
A212,2021,11.1,4
A212,2022,15.2,37
A212,2023,18.7,68
A212,2024,24.7,340
A212,2025,18.9,140
A213,2007,15.8,71
A213,2008,19.2,360
A213,2009,19.4,347
A213,2010,19.6,365
A213,2011,16.0,312
A213,2012,19.5,366
A213,2013,17.8,365
A213,2014,17.9,323
A213,2015,16.4,201
A213,2016,17.2,362
A213,2017,18.1,365
A213,2018,18.6,365
A213,2019,14.9,365
A213,2020,17.2,366
A213,2021,16.4,347
A213,2023,17.4,193
A213,2024,13.6,137
A213,2025,17.9,289
A214,2008,18.9,259
A214,2009,14.7,365
A214,2010,19.7,365
A214,2011,16.3,346
A214,2012,20.9,366
A214,2013,15.9,365
A214,2014,15.9,365
A214,2015,22.3,365
A214,2016,21.1,366
A214,2017,20.7,349
A214,2018,17.8,315
A214,2019,21.0,290
A214,2020,20.1,366
A214,2021,13.4,76
A214,2023,17.9,72
A214,2024,20.8,366
A214,2025,17.0,147
A215,2008,14.1,199
A215,2009,14.7,365
A215,2010,16.3,365
A215,2011,16.3,365
A215,2012,16.4,366
A215,2013,17.0,346
A215,2014,15.1,331
A215,2015,16.2,356
A215,2016,16.3,366
A215,2017,16.8,356
A215,2018,18.9,365
A215,2019,15.6,301
A215,2020,15.4,159
A215,2021,14.3,35
A215,2022,16.0,362
A215,2023,17.2,262
A215,2024,14.2,361
A215,2025,13.8,145
A216,2016,16.9,45
A216,2017,25.4,365
A216,2018,23.6,312
A216,2019,19.0,251
A216,2020,17.3,193
A216,2021,36.4,365
A216,2022,16.7,205
A216,2024,18.0,47
A216,2025,19.6,289
A217,2008,12.9,31
A217,2009,14.8,365
A217,2010,16.9,365
A217,2011,24.3,354
A217,2012,15.4,309
A217,2013,17.2,360
A217,2014,15.2,91
A217,2015,16.4,67
A217,2016,18.3,366
A217,2017,15.5,350
A217,2018,15.0,365
A217,2019,22.0,86
A218,2008,14.9,38
A218,2009,16.7,365
A218,2010,16.8,365
A218,2011,16.8,344
A218,2012,18.1,362
A218,2013,17.9,301
A218,2014,17.5,365
A218,2015,17.9,365
A218,2016,15.7,139
A218,2017,19.4,228
A218,2018,12.0,10
A219,2008,17.8,204
A219,2009,17.1,365
A219,2010,18.6,365
A219,2011,17.1,318
A219,2012,18.5,366
A219,2013,19.3,365
A219,2014,17.0,365
A219,2015,19.0,331
A219,2016,17.6,318
A219,2017,18.4,365
A219,2018,16.9,364
A219,2019,16.4,299
A219,2020,14.8,109
A219,2022,14.7,124
A219,2023,14.6,138
A219,2024,15.8,366
A219,2025,16.8,289
A220,2008,13.5,175
A220,2009,19.2,365
A220,2010,13.9,363
A220,2011,18.5,356
A220,2012,22.6,366
A220,2013,16.5,273
A220,2014,17.6,346
A220,2015,15.8,365
A220,2016,22.3,366
A220,2017,20.4,365
A220,2018,18.6,355
A220,2019,14.6,299
A220,2020,17.0,366
A220,2021,18.9,365
A220,2022,13.7,290
A220,2023,15.4,131
A220,2024,21.5,98
A221,2008,14.4,299
A221,2009,17.3,365
A221,2010,15.9,365
A221,2011,17.1,327
A221,2012,18.6,366
A221,2013,24.2,365
A221,2014,18.0,365
A221,2015,14.9,326
A221,2016,15.6,366
A221,2017,18.3,365
A221,2018,18.1,365
A221,2019,20.8,360
A221,2020,20.2,356
A221,2021,16.4,354
A221,2022,13.8,352
A221,2023,15.7,197
A221,2024,10.4,20
A222,2008,17.5,212
A222,2009,17.2,365
A222,2010,24.3,365
A222,2011,18.5,334
A222,2012,16.8,363
A222,2013,21.9,365
A222,2014,22.6,365
A222,2015,16.6,274
A222,2016,20.1,305
A222,2017,18.5,365
A222,2018,20.0,365
A222,2019,23.4,363
A222,2020,16.5,365
A222,2021,13.5,15
A222,2022,15.4,269
A222,2023,21.3,364
A222,2024,18.3,345
A222,2025,21.4,114
A223,2008,17.2,211
A223,2009,16.4,365
A223,2010,18.0,340
A223,2011,17.4,362
A223,2012,16.1,366
A223,2013,17.1,334
A223,2014,18.9,365
A223,2015,22.1,365
A223,2016,22.5,366
A223,2017,15.5,365
A223,2018,19.5,365
A223,2019,21.6,364
A223,2020,19.4,366
A223,2021,13.8,240
A223,2022,12.2,145
A223,2023,17.9,352
A223,2024,20.1,363
A223,2025,20.4,111
A224,2008,24.1,308
A224,2009,20.2,365
A224,2010,18.6,365
A224,2011,20.1,338
A224,2012,20.9,363
A224,2013,20.3,365
A224,2014,18.4,365
A224,2015,19.5,338
A224,2016,20.1,273
A224,2017,20.2,319
A224,2018,24.0,365
A224,2019,20.2,365
A224,2020,18.7,366
A224,2021,17.8,134
A224,2022,17.6,160
A224,2023,24.7,365
A224,2024,19.9,364
A224,2025,23.2,287
A225,2008,15.8,304
A225,2009,17.5,365
A225,2010,18.4,365
A225,2011,18.2,360
A225,2012,23.0,366
A225,2013,22.9,365
A225,2014,24.1,363
A225,2015,18.0,365
A225,2016,16.7,362
A225,2017,16.6,365
A225,2018,16.7,365
A225,2019,19.3,365
A225,2020,16.6,366
A225,2021,20.0,365
A225,2022,19.8,364
A225,2023,16.0,365
A225,2024,24.9,139
A225,2025,24.9,261
A226,2008,17.8,285
A226,2009,17.6,364
A226,2010,24.9,348
A226,2011,25.0,327
A226,2012,19.3,271
A226,2013,17.2,365
A226,2014,15.1,365
A226,2015,19.8,365
A226,2016,16.8,361
A226,2017,18.6,365
A226,2018,17.2,365
A226,2019,17.2,347
A226,2020,18.2,366
A226,2021,16.2,190
A226,2022,17.1,364
A226,2023,16.1,229
A226,2024,15.4,366
A226,2025,15.4,289
A227,2008,16.2,248
A227,2009,23.7,365
A227,2010,16.5,365
A227,2011,16.4,277
A227,2012,14.3,334
A227,2013,15.9,365
A227,2014,16.4,361
A227,2015,17.1,345
A227,2016,15.6,311
A227,2017,16.9,365
A227,2018,18.7,365
A227,2019,17.4,365
A227,2020,15.5,50
A227,2024,14.1,301
A227,2025,17.4,249
A228,2017,15.5,73
A228,2018,31.0,365
A228,2019,28.0,365
A228,2020,13.5,111
A228,2022,10.9,7
A229,2008,23.0,300
A229,2009,18.8,365
A229,2010,19.4,365
A229,2011,17.7,363
A229,2012,17.7,343
A229,2013,17.5,362
A229,2014,16.9,365
A229,2015,19.3,307
A229,2016,16.0,366
A229,2017,23.1,362
A229,2018,14.7,353
A229,2019,15.1,199
A229,2020,18.0,364
A229,2021,15.4,295
A229,2022,14.4,292
A229,2025,9.8,14
A230,2008,22.1,119
A230,2009,24.7,365
A230,2010,22.9,365
A230,2011,18.6,365
A230,2012,19.2,366
A230,2013,18.8,343
A230,2014,17.8,285
A230,2015,20.1,266
A230,2016,16.1,290
A230,2017,22.2,365
A230,2018,22.7,365
A230,2019,16.9,271
A230,2021,17.4,42
A230,2022,19.1,124
A230,2023,6.8,1
A231,2008,19.6,201
A231,2009,17.3,365
A231,2010,18.0,365
A231,2011,22.9,360
A231,2012,20.6,366
A231,2013,15.4,255
A231,2014,16.4,202
A231,2015,18.5,365
A231,2016,16.0,332
A231,2017,19.3,301
A231,2018,14.2,216
A231,2019,19.7,364
A231,2020,18.0,258
A231,2025,16.9,18
A232,2012,15.3,179
A232,2013,18.7,356
A232,2014,24.4,97
A232,2015,19.6,20
A233,2008,21.5,213
A233,2009,21.5,365
A233,2010,20.8,365
A233,2011,20.3,328
A233,2012,20.8,356
A233,2013,19.1,365
A233,2014,20.9,365
A233,2015,19.8,359
A233,2016,20.5,259
A233,2017,24.0,226
A233,2018,21.9,365
A233,2019,22.9,364
A233,2020,24.7,165
A233,2023,24.6,243
A233,2024,23.6,366
A233,2025,18.6,15
A234,2008,18.7,132
A234,2016,23.9,51
A234,2017,19.3,365
A234,2018,17.1,365
A234,2019,15.4,142
A234,2020,12.8,73
A234,2021,13.7,48
A234,2022,21.2,365
A234,2023,20.0,307
A234,2024,15.5,48
A234,2025,21.6,289
A235,2008,16.5,162
A235,2009,21.1,365
A235,2010,24.1,365
A235,2011,19.0,328
A235,2012,18.4,228
A235,2013,17.5,365
A235,2014,19.6,365
A235,2015,16.8,365
A235,2016,20.1,366
A235,2017,19.5,365
A235,2018,23.9,219
A235,2019,16.1,36
A235,2020,17.3,199
A235,2022,12.4,81
A235,2024,14.8,266
A235,2025,16.4,254
A236,2008,20.4,189
A236,2009,15.1,328
A236,2010,17.4,277
A236,2011,16.9,328
A236,2012,18.3,322
A236,2013,15.5,105
A236,2014,17.9,273
A236,2015,18.4,243
A236,2016,18.0,366
A236,2017,18.9,364
A236,2018,18.6,317
A236,2019,19.0,365
A236,2020,17.1,281
A237,2008,12.7,171
A237,2009,22.4,365
A237,2010,16.1,328
A237,2011,14.4,361
A237,2012,21.3,317
A237,2013,16.2,353
A237,2014,19.3,350
A237,2015,24.2,365
A237,2016,22.6,332
A237,2017,19.7,365
A237,2018,16.8,300
A237,2019,19.1,365
A237,2020,16.8,53
A237,2022,15.3,270
A237,2023,23.8,365
A237,2024,15.1,366
A237,2025,16.4,289
A238,2008,18.9,112
A238,2009,19.9,365
A238,2010,19.9,365
A238,2011,20.0,365
A238,2012,19.6,366
A238,2013,19.6,365
A238,2014,18.1,365
A238,2015,17.9,365
A238,2016,17.6,366
A238,2017,22.9,365
A238,2018,18.7,261
A238,2019,21.5,287
A238,2020,16.8,79
A238,2023,3.2,1
A239,2012,16.0,175
A239,2013,20.0,361
A239,2014,19.4,233
A239,2015,14.3,125
A239,2016,18.3,366
A239,2017,23.9,365
A239,2018,23.7,362
A239,2019,19.1,298
A239,2020,15.6,299
A239,2022,9.3,7
A239,2023,16.6,301
A239,2024,17.8,366
A239,2025,23.0,289
A240,2009,13.1,185
A240,2010,18.9,341
A240,2011,15.2,365
A240,2012,19.9,366
A240,2013,21.9,365
A240,2014,20.1,365
A240,2015,16.3,365
A240,2016,20.4,353
A240,2017,23.4,365
A240,2018,21.4,248
A240,2019,13.6,365
A240,2020,12.6,263
A240,2021,13.4,172
A241,2008,19.4,118
A241,2009,18.6,355
A241,2010,19.0,322
A241,2011,15.7,365
A241,2012,23.3,366
A241,2013,22.8,365
A241,2014,17.9,363
A241,2015,24.3,345
A241,2016,21.6,366
A241,2017,17.0,365
A241,2018,17.8,308
A241,2019,17.6,351
A241,2020,13.9,332
A241,2021,15.4,263
A241,2022,18.5,365
A241,2023,20.0,277
A241,2024,24.6,366
A241,2025,17.5,289
A242,2008,12.1,111
A242,2009,12.6,365
A242,2010,12.1,341
A242,2011,13.7,126
A242,2012,18.7,366
A242,2013,13.1,357
A242,2014,13.8,365
A242,2015,16.8,364
A242,2016,13.0,366
A242,2017,12.5,183
A242,2018,15.9,189
A242,2019,19.0,182
A242,2022,14.2,61
A242,2023,9.3,33
A242,2024,10.1,366
A242,2025,11.3,289
A243,2008,20.1,115
A243,2009,20.8,365
A243,2010,22.4,365
A243,2011,24.7,365
A243,2012,18.8,366
A243,2013,19.8,365
A243,2014,17.0,282
A243,2015,22.4,217
A243,2016,16.5,226
A243,2017,20.8,306
A243,2018,19.2,95
A244,2008,23.3,105
A244,2009,20.5,365
A244,2010,20.8,365
A244,2011,20.5,365
A244,2012,16.2,366
A244,2013,24.9,365
A244,2014,12.5,193
A244,2017,9.6,2
A244,2019,16.0,263
A244,2020,16.7,366
A244,2021,17.1,231
A244,2022,16.7,274
A244,2023,15.3,365
A244,2024,18.2,366
A244,2025,16.0,289
A245,2022,15.0,269
A245,2023,17.6,365
A245,2024,17.8,285
A245,2025,8.8,66
A246,2011,13.1,89
A246,2012,17.9,366
A246,2013,17.4,365
A246,2014,14.7,365
A246,2015,13.6,361
A246,2016,19.4,362
A246,2017,22.3,196
A246,2018,21.8,258
A246,2019,17.1,203
A246,2020,14.0,211
A246,2025,21.8,19
A247,2016,18.3,110
A247,2017,48.4,358
A247,2018,42.4,318
A247,2019,14.5,24
A247,2020,16.5,64
A247,2021,14.5,55
A247,2022,8.1,11
A247,2023,14.4,56
A247,2024,15.2,49
A247,2025,22.5,266
A248,2011,21.8,258
A248,2012,20.5,366
A248,2013,20.7,365
A248,2014,17.1,341
A248,2015,19.0,365
A248,2016,17.3,336
A248,2017,15.0,143
A248,2018,15.8,176
A248,2019,17.6,365
A248,2020,16.6,341
A248,2021,17.5,305
A248,2022,18.9,157
A248,2023,15.1,196
A248,2024,14.2,176
A248,2025,20.0,142
A249,2013,12.8,16
A249,2014,23.0,365
A249,2015,24.5,214
A249,2016,20.7,289
A249,2017,17.2,309
A249,2018,14.6,299
A249,2019,13.7,293
A249,2020,21.5,366
A249,2021,15.3,166
A249,2022,15.5,275
A249,2023,15.4,365
A249,2024,17.8,366
A249,2025,15.1,289
A250,2015,12.4,120
A250,2016,14.5,366
A250,2017,24.4,354
A250,2018,18.0,365
A250,2019,14.7,365
A250,2020,10.9,22
A250,2022,11.4,212
A250,2023,12.7,364
A250,2024,13.1,366
A250,2025,12.9,287
A251,2017,16.6,130
A251,2018,17.3,261
A251,2019,16.1,77
A251,2023,12.9,37
A251,2024,39.7,197
A252,2018,41.1,298
A252,2019,37.8,365
A252,2020,36.1,366
A252,2021,15.6,365
A252,2022,39.9,365
A252,2023,17.1,365
A252,2024,34.1,366
A252,2025,17.1,289
A253,2018,11.7,65
A253,2019,24.9,365
A253,2020,11.8,60
A253,2022,26.0,217
A253,2023,18.6,365
A253,2024,20.2,366
A253,2025,39.0,281
A254,2019,20.7,174
A254,2020,16.4,366
A254,2021,16.6,363
A254,2022,18.6,364
A254,2023,23.8,362
A254,2024,20.5,366
A254,2025,16.6,289
A255,2019,12.9,105
A255,2020,18.0,96
A255,2023,19.0,136
A255,2024,39.6,366
A255,2025,17.9,289
A256,2021,32.3,333
A256,2022,32.8,216
A256,2023,43.1,281
A256,2024,31.9,366
A256,2025,25.5,289
A301,2004,10.2,11
A301,2005,22.5,364
A301,2006,9.8,63
A301,2007,11.4,104
A301,2008,12.2,196
A301,2009,11.3,182
A301,2010,14.3,365
A301,2011,14.0,365
A301,2012,12.3,364
A301,2013,21.3,365
A301,2014,13.0,344
A301,2015,14.6,330
A301,2016,13.2,361
A301,2017,12.6,353
A301,2018,11.0,351
A301,2019,12.5,230
A301,2020,10.4,37
A301,2021,11.9,315
A302,2003,19.2,25
A302,2004,16.2,137
A302,2005,21.4,114
A302,2006,12.5,7
A302,2007,2.4,1
A302,2018,21.6,157
A302,2019,24.5,101
A302,2020,19.4,37
A303,2003,14.9,310
A303,2004,13.1,366
A303,2005,13.9,361
A303,2006,14.4,266
A303,2008,13.5,106
A303,2009,14.2,365
A303,2010,24.9,365
A303,2011,14.3,365
A303,2012,13.8,362
A303,2013,14.0,365
A303,2014,13.4,365
A303,2015,14.4,365
A303,2016,14.1,366
A303,2017,14.5,365
A303,2018,13.1,365
A303,2019,21.2,365
A303,2020,20.0,142
A303,2021,13.6,365
A303,2022,24.7,365
A303,2023,13.6,314
A303,2024,16.0,366
A303,2025,18.7,289
A304,2003,17.2,240
A304,2004,16.6,286
A304,2005,16.7,212
A304,2006,19.2,122
A304,2007,15.7,68
A304,2008,17.5,366
A304,2009,15.0,248
A304,2010,18.1,365
A304,2011,14.8,121
A304,2012,17.0,366
A304,2013,21.4,365
A304,2014,16.9,352
A304,2015,17.1,365
A304,2016,17.1,366
A304,2017,18.9,365
A304,2018,23.6,365
A304,2019,17.8,365
A304,2020,17.7,366
A304,2021,17.2,365
A304,2022,17.4,327
A304,2023,15.4,274
A304,2024,16.1,134
A304,2025,16.8,224
A305,2003,14.4,306
A305,2004,15.5,366
A305,2005,15.5,340
A305,2006,14.6,181
A305,2007,15.5,327
A305,2008,12.8,57
A305,2009,14.6,360
A305,2010,14.9,159
A305,2011,15.4,357
A305,2012,15.7,366
A305,2013,15.7,365
A305,2014,15.4,365
A305,2015,14.8,365
A305,2016,23.6,306
A305,2017,15.9,365
A305,2018,13.7,365
A305,2019,15.4,291
A305,2020,14.8,366
A305,2021,14.6,362
A305,2022,14.2,365
A305,2023,14.9,365
A305,2024,13.3,166
A305,2025,11.1,30
A306,2003,22.1,315
A306,2004,16.3,171
A306,2005,17.7,325
A306,2006,19.8,353
A306,2007,21.4,362
A306,2008,22.6,366
A306,2009,16.2,358
A306,2010,17.8,287
A306,2011,14.9,365
A306,2012,17.9,341
A306,2013,21.3,365
A306,2014,24.2,329
A306,2015,19.4,365
A306,2016,19.3,366
A306,2017,19.0,363
A306,2018,18.7,365
A306,2019,19.4,364
A306,2020,18.1,366
A306,2021,21.2,56
A306,2022,15.6,48
A306,2023,15.2,313
A306,2024,17.5,127
A307,2003,24.0,315
A307,2004,22.5,366
A307,2005,19.6,361
A307,2006,20.4,357
A307,2007,22.1,362
A307,2008,22.7,366
A307,2009,21.0,365
A307,2010,20.9,242
A307,2011,15.8,365
A307,2012,16.6,366
A307,2013,18.1,365
A307,2014,16.8,365
A307,2015,16.8,365
A307,2016,17.7,366
A307,2017,18.2,365
A307,2018,16.0,299
A307,2019,24.2,365
A307,2020,17.7,366
A307,2021,19.2,365
A307,2022,17.4,222
A307,2023,26.3,243
A307,2024,16.7,162
A308,2003,17.5,317
A308,2004,16.7,366
A308,2005,20.2,364
A308,2006,16.2,357
A308,2007,16.3,289
A308,2008,19.3,358
A308,2009,17.5,199
A308,2010,17.1,365
A308,2011,17.3,365
A308,2012,18.4,350
A308,2013,18.1,331
A308,2014,18.5,365
A308,2015,24.0,365
A308,2016,19.0,366
A308,2017,19.0,348
A308,2018,21.6,175
A308,2019,15.4,330
A308,2020,17.3,366
A308,2021,16.7,273
A308,2022,13.9,265
A308,2023,16.9,365
A308,2024,15.6,223
A309,2004,14.6,17
A309,2005,18.4,361
A309,2006,15.4,356
A309,2007,16.5,365
A309,2008,22.8,366
A309,2009,16.5,344
A309,2010,16.9,362
A309,2011,14.3,218
A309,2012,16.6,232
A309,2013,17.1,353
A309,2014,15.9,365
A309,2015,17.2,365
A309,2016,24.6,366
A309,2017,19.4,365
A309,2018,17.8,365
A309,2019,24.7,365
A309,2020,16.2,337
A309,2021,17.8,230
A309,2022,16.3,311
A309,2023,18.0,349
A309,2024,17.9,355
A309,2025,14.4,289
A310,2004,12.6,32
A310,2005,15.9,361
A310,2006,15.6,357
A310,2007,17.2,354
A310,2008,12.9,36
A310,2009,15.4,365
A310,2010,18.0,365
A310,2011,16.9,365
A310,2012,15.7,366
A310,2013,15.8,359
A310,2014,17.4,365
A310,2015,18.7,266
A310,2016,16.6,366
A310,2017,16.8,354
A310,2018,15.4,336
A310,2019,18.0,365
A310,2020,17.5,365
A310,2021,16.5,365
A310,2022,14.7,365
A310,2023,14.0,69
A310,2024,15.8,266
A310,2025,13.7,77
A311,2004,12.4,44
A311,2005,15.8,321
A311,2006,15.1,244
A311,2007,15.0,365
A311,2008,22.9,331
A311,2009,22.0,349
A311,2010,17.4,365
A311,2011,21.0,365
A311,2012,18.1,366
A311,2013,17.6,365
A311,2014,17.3,365
A311,2015,16.3,325
A311,2016,15.9,366
A311,2017,20.5,365
A311,2018,21.2,347
A311,2019,19.5,365
A311,2020,14.4,103
A311,2021,16.0,119
A311,2022,14.3,197
A311,2023,21.4,297
A311,2024,14.6,96
A312,2005,15.5,194
A312,2006,16.4,111
A312,2007,13.6,71
A312,2008,21.7,364
A312,2009,19.9,362
A312,2010,16.8,365
A312,2011,16.1,259
A312,2012,16.6,366
A312,2013,18.2,328
A312,2014,20.6,340
A312,2015,22.5,365
A312,2016,18.0,366
A312,2017,22.8,365
A312,2018,19.4,365
A312,2019,18.3,365
A312,2020,16.4,346
A312,2021,16.2,358
A312,2022,16.8,343
A312,2023,18.8,365
A312,2024,17.0,264
A313,2006,13.1,9
A313,2007,14.6,358
A313,2008,14.1,366
A313,2009,14.7,365
A313,2010,17.7,365
A313,2011,15.5,279
A313,2012,16.8,281
A313,2013,15.7,302
A313,2014,14.7,365
A313,2015,20.2,365
A313,2016,15.2,345
A313,2017,16.4,365
A313,2018,19.0,365
A313,2019,18.0,276
A313,2020,16.9,366
A313,2021,14.6,365
A313,2022,14.3,365
A313,2023,16.6,338
A313,2024,13.5,267
A313,2025,16.7,289
A314,2007,17.0,220
A314,2008,16.6,296
A314,2009,17.7,365
A314,2010,16.7,365
A314,2011,17.5,365
A314,2012,17.6,343
A314,2013,16.9,365
A314,2014,16.9,365
A314,2015,16.6,365
A314,2016,19.4,366
A314,2017,16.8,339
A314,2018,15.9,365
A314,2019,18.0,290
A314,2020,13.5,103
A314,2021,14.9,29
A314,2022,14.5,219
A314,2023,12.2,131
A314,2024,10.1,13
A315,2007,15.4,214
A315,2008,20.0,366
A315,2009,19.3,365
A315,2010,17.0,363
A315,2011,17.0,356
A315,2012,15.3,366
A315,2013,23.4,365
A315,2014,16.0,342
A315,2015,17.8,365
A315,2016,17.3,366
A315,2017,19.8,198
A315,2018,16.4,365
A315,2019,20.9,365
A315,2020,13.8,366
A315,2021,13.6,198
A315,2023,13.0,304
A315,2024,9.9,43
A316,2007,24.8,360
A316,2008,18.5,366
A316,2009,23.3,365
A316,2010,19.7,364
A316,2011,24.0,365
A316,2012,16.5,366
A316,2013,17.2,365
A316,2014,16.7,359
A316,2015,20.6,339
A316,2016,17.0,295
A316,2017,20.0,339
A316,2018,18.0,287
A316,2019,24.5,365
A316,2020,14.9,346
A316,2021,18.4,351
A316,2022,17.0,365
A316,2023,18.5,365
A316,2024,16.4,366
A316,2025,16.2,289
A317,2007,21.8,361
A317,2008,21.0,366
A317,2009,17.1,365
A317,2010,23.9,365
A317,2011,20.0,308
A317,2012,20.6,366
A317,2013,17.8,365
A317,2014,16.6,299
A317,2015,17.5,304
A317,2016,20.9,366
A317,2017,24.7,365
A317,2018,19.5,356
A317,2019,17.1,307
A317,2020,16.8,338
A317,2022,18.9,137
A317,2023,18.3,365
A317,2024,19.4,366
A317,2025,17.6,256
A318,2007,22.2,223
A318,2008,21.9,366
A318,2009,15.1,365
A318,2010,15.3,365
A318,2011,20.6,336
A318,2012,18.7,366
A318,2013,15.8,365
A318,2014,17.4,365
A318,2015,17.4,365
A318,2016,16.0,308
A318,2017,16.0,365
A318,2018,17.6,365
A318,2019,15.4,294
A318,2020,12.7,93
A318,2022,13.5,108
A318,2023,13.9,138
A318,2024,15.7,366
A318,2025,17.1,289
A319,2007,17.5,214
A319,2008,20.8,366
A319,2009,23.1,365
A319,2010,17.1,365
A319,2011,21.6,331
A319,2012,19.4,288
A319,2013,19.8,326
A319,2014,24.5,365
A319,2015,19.6,340
A319,2016,17.5,321
A319,2017,17.7,363
A319,2018,16.3,246
A319,2019,19.5,353
A319,2020,20.9,334
A319,2021,20.4,356
A319,2022,18.7,259
A319,2023,18.8,359
A319,2024,19.7,254
A319,2025,15.0,186
A320,2007,16.0,161
A320,2008,23.8,366
A320,2009,18.5,365
A320,2010,16.1,359
A320,2011,15.6,365
A320,2012,20.0,66
A320,2013,13.4,335
A320,2014,14.4,365
A320,2015,13.3,361
A320,2016,13.6,356
A320,2017,14.6,354
A320,2018,15.4,278
A320,2019,14.0,364
A320,2020,11.7,259
A320,2021,10.6,107
A320,2022,14.0,365
A320,2023,9.9,365
A320,2024,11.5,341
A320,2025,8.8,81
A321,2007,17.9,161
A321,2008,24.2,366
A321,2009,17.8,365
A321,2010,19.9,349
A321,2011,20.3,356
A321,2012,19.7,366
A321,2013,20.1,350
A321,2014,18.4,365
A321,2015,17.8,341
A321,2016,19.8,343
A321,2017,23.9,365
A321,2018,21.1,365
A321,2019,23.1,362
A321,2020,22.6,366
A321,2021,15.3,268
A321,2022,15.2,141
A321,2023,16.7,209
A321,2024,20.1,265
A321,2025,17.7,289
A322,2007,15.2,173
A322,2008,15.6,366
A322,2009,14.8,365
A322,2010,15.1,365
A322,2011,16.8,365
A322,2012,16.2,366
A322,2013,15.1,343
A322,2014,14.0,261
A322,2015,14.9,335
A322,2016,19.5,366
A322,2017,15.9,364
A322,2018,15.0,345
A322,2019,15.9,365
A322,2020,15.2,366
A322,2021,11.8,233
A322,2022,12.1,214
A322,2023,13.7,365
A322,2024,14.7,366
A322,2025,18.6,289
A323,2007,15.5,168
A323,2008,17.7,366
A323,2009,16.8,365
A323,2010,21.1,365
A323,2011,19.3,338
A323,2012,14.5,347
A323,2013,14.3,316
A323,2014,16.5,328
A323,2015,19.3,365
A323,2016,15.4,308
A323,2017,16.1,365
A323,2018,16.8,338
A323,2019,23.7,364
A323,2020,16.5,258
A323,2022,14.6,118
A323,2023,19.6,365
A323,2024,17.2,366
A323,2025,20.6,239
A324,2007,18.4,170
A324,2008,16.3,366
A324,2009,23.5,365
A324,2010,20.8,365
A324,2011,19.5,365
A324,2012,21.5,366
A324,2013,20.6,365
A324,2014,21.1,365
A324,2015,18.4,365
A324,2016,19.1,366
A324,2017,17.9,365
A324,2018,18.6,364
A324,2019,18.9,365
A324,2020,19.2,237
A324,2022,17.3,142
A324,2023,14.1,115
A325,2007,17.3,173
A325,2008,18.0,366
A325,2009,23.7,365
A325,2010,17.9,350
A325,2011,20.2,365
A325,2012,16.8,333
A325,2013,19.5,326
A325,2014,21.2,363
A325,2015,23.1,365
A325,2016,20.6,365
A325,2017,19.3,365
A325,2018,19.6,324
A325,2019,19.2,320
A325,2020,16.9,89
A325,2021,19.2,176
A325,2022,16.5,362
A325,2023,21.8,265
A325,2024,18.3,363
A325,2025,17.5,39
A326,2007,22.9,165
A326,2008,24.6,366
A326,2009,24.2,365
A326,2010,18.0,364
A326,2011,19.8,365
A326,2012,24.9,366
A326,2013,19.9,364
A326,2014,20.5,365
A326,2015,23.6,259
A326,2016,21.6,363
A326,2017,20.4,365
A326,2018,19.1,365
A326,2019,20.2,363
A326,2020,22.8,344
A326,2021,21.8,330
A326,2022,22.5,365
A326,2023,21.8,365
A326,2024,20.7,342
A326,2025,19.5,23
A327,2007,15.8,171
A327,2008,21.1,366
A327,2009,17.0,365
A327,2010,16.1,365
A327,2011,15.9,346
A327,2012,16.3,366
A327,2013,15.5,337
A327,2014,14.6,365
A327,2015,19.3,357
A327,2016,20.0,366
A327,2017,16.9,365
A327,2018,17.9,365
A327,2019,16.8,284
A327,2020,16.4,366
A327,2021,13.6,361
A327,2022,16.0,279
A327,2023,16.4,353
A327,2024,16.6,357
A327,2025,12.7,214
A328,2008,16.3,298
A328,2009,14.9,365
A328,2010,17.6,365
A328,2011,16.8,365
A328,2012,18.2,366
A328,2013,17.1,352
A328,2014,17.0,365
A328,2015,16.9,364
A328,2016,17.6,365
A328,2017,16.8,364
A328,2018,15.4,363
A328,2019,17.5,351
A328,2020,16.7,366
A328,2021,17.4,365
A328,2022,14.7,365
A328,2023,14.4,365
A328,2024,16.1,188
A328,2025,10.8,18
A329,2007,18.6,115
A329,2008,22.7,366
A329,2009,23.6,365
A329,2010,18.7,365
A329,2011,23.1,365
A329,2012,22.1,366
A329,2013,23.4,363
A329,2014,18.2,365
A329,2015,19.4,365
A329,2016,21.7,351
A329,2017,22.0,364
A329,2018,19.0,352
A329,2019,18.6,359
A329,2020,19.8,366
A329,2021,16.8,364
A329,2022,21.4,140
A329,2023,18.4,365
A329,2024,17.9,366
A329,2025,15.4,289
A330,2007,24.8,120
A330,2008,19.9,366
A330,2009,19.2,365
A330,2010,16.5,365
A330,2011,20.1,365
A330,2012,21.1,366
A330,2013,23.6,364
A330,2014,19.6,359
A330,2015,16.4,340
A330,2016,19.9,366
A330,2017,22.1,342
A330,2018,24.3,365
A330,2019,18.9,365
A330,2020,19.0,365
A330,2021,16.7,350
A330,2022,16.6,365
A330,2023,38.1,365
A330,2024,18.3,362
A330,2025,24.9,235
A331,2007,16.7,124
A331,2008,17.1,366
A331,2009,18.2,365
A331,2010,18.4,365
A331,2011,22.5,365
A331,2012,17.8,366
A331,2013,17.3,365
A331,2014,18.6,359
A331,2015,19.1,365
A331,2016,16.8,366
A331,2017,18.7,365
A331,2018,17.4,342
A331,2019,18.4,365
A331,2020,14.9,143
A331,2022,14.7,38
A331,2023,21.1,295
A331,2024,27.6,366
A331,2025,14.6,227
A332,2007,18.5,127
A332,2008,21.6,366
A332,2009,17.3,272
A332,2010,17.9,365
A332,2011,15.3,337
A332,2012,16.8,359
A332,2013,17.8,360
A332,2014,16.7,365
A332,2015,24.7,307
A332,2016,18.9,356
A332,2017,19.5,365
A332,2018,21.0,365
A332,2019,17.9,351
A332,2020,21.4,366
A332,2021,18.3,365
A332,2022,17.1,280
A332,2023,16.0,153
A332,2024,20.8,366
A332,2025,23.9,289
A333,2007,12.6,56
A333,2008,21.7,366
A333,2009,14.4,122
A333,2010,14.7,365
A333,2011,16.5,338
A333,2012,20.2,366
A333,2013,17.2,361
A333,2014,16.8,365
A333,2015,18.8,365
A333,2016,21.0,318
A333,2017,20.9,365
A333,2018,22.6,365
A333,2019,18.1,342
A333,2020,15.9,366
A333,2021,17.9,365
A333,2022,18.3,365
A333,2023,15.5,365
A333,2024,16.6,366
A333,2025,14.4,289
A334,2007,15.5,127
A334,2008,18.6,366
A334,2009,16.9,365
A334,2010,17.4,365
A334,2011,15.6,350
A334,2012,21.9,366
A334,2013,17.9,365
A334,2014,17.6,323
A334,2015,21.3,365
A334,2016,18.8,348
A334,2017,18.4,365
A334,2018,17.6,302
A334,2019,20.5,365
A334,2020,18.4,366
A334,2021,17.5,236
A334,2022,15.8,365
A334,2023,17.7,365
A334,2024,22.3,115
A334,2025,19.5,163
A335,2007,17.6,120
A335,2008,21.3,366
A335,2009,18.4,365
A335,2010,21.6,365
A335,2011,20.1,342
A335,2012,17.9,361
A335,2013,23.3,365
A335,2014,19.8,365
A335,2015,19.4,362
A335,2016,17.8,282
A335,2017,16.4,88
A335,2018,22.9,365
A335,2019,19.4,193
A335,2020,22.5,366
A335,2021,21.3,365
A335,2022,23.1,356
A335,2023,17.7,324
A335,2024,19.8,366
A335,2025,16.1,65
A336,2007,16.2,27
A336,2008,19.2,343
A336,2009,22.3,365
A336,2010,23.9,365
A336,2011,19.0,363
A336,2012,23.7,318
A336,2015,23.2,309
A336,2016,17.3,299
A336,2017,18.3,365
A336,2018,17.1,365
A336,2019,19.9,362
A336,2020,21.5,366
A336,2021,18.0,279
A336,2022,17.1,239
A336,2023,16.9,209
A336,2024,20.3,366
A336,2025,19.4,258
A337,2007,17.7,52
A337,2008,20.4,331
A337,2009,18.0,333
A337,2010,21.8,365
A337,2011,16.7,313
A337,2012,21.0,365
A337,2013,22.0,347
A337,2014,17.0,352
A337,2015,18.1,320
A337,2016,18.6,366
A337,2017,19.7,342
A337,2018,19.6,365
A337,2019,19.9,362
A337,2020,17.8,356
A337,2021,24.6,365
A337,2022,16.8,365
A337,2023,17.7,365
A337,2024,15.3,195
A338,2007,18.4,29
A338,2008,22.0,366
A338,2009,18.9,289
A338,2010,19.0,330
A338,2011,20.3,312
A338,2012,19.1,344
A338,2013,17.4,365
A338,2014,15.8,365
A338,2015,18.3,365
A338,2016,24.8,366
A338,2017,16.1,335
A338,2018,16.7,317
A339,2007,16.9,49
A339,2008,20.3,366
A339,2009,17.9,365
A339,2010,20.5,334
A339,2011,17.2,201
A339,2012,18.4,366
A339,2013,15.6,365
A339,2014,16.8,365
A339,2015,17.6,365
A339,2016,23.2,331
A339,2017,17.1,358
A339,2018,17.4,365
A339,2019,19.4,364
A339,2020,21.4,366
A339,2021,21.4,351
A339,2022,18.3,165
A339,2023,17.1,135
A339,2024,15.9,366
A339,2025,19.8,285
A340,2007,15.6,29
A340,2008,17.9,366
A340,2009,19.0,365
A340,2010,22.0,349
A340,2011,21.2,365
A340,2012,18.9,366
A340,2013,23.7,356
A340,2014,18.0,365
A340,2015,18.3,288
A340,2016,20.9,364
A340,2017,19.4,365
A340,2018,20.6,363
A340,2019,16.6,363
A340,2020,18.1,365
A340,2021,18.6,262
A340,2022,18.7,139
A340,2023,17.6,365
A340,2024,20.6,154
A341,2007,14.7,30
A341,2008,16.1,366
A341,2009,16.6,365
A341,2010,15.7,365
A341,2011,15.9,297
A341,2012,17.9,366
A341,2013,17.3,350
A341,2014,18.1,316
A341,2015,18.3,365
A341,2016,19.5,366
A341,2017,17.3,337
A341,2018,17.2,284
A341,2019,20.7,365
A341,2020,18.2,366
A341,2021,13.9,26
A341,2022,16.9,84
A341,2023,15.9,238
A341,2024,16.8,364
A341,2025,16.4,289
A342,2008,14.0,21
A342,2009,16.4,365
A342,2010,18.0,365
A342,2011,20.7,365
A342,2012,16.3,366
A342,2013,17.8,365
A342,2014,18.1,365
A342,2015,18.3,365
A342,2016,18.4,351
A342,2017,23.6,365
A342,2018,23.7,365
A342,2019,21.8,300
A342,2020,15.9,366
A342,2021,15.9,363
A342,2022,16.1,240
A342,2023,20.1,365
A342,2024,24.8,364
A342,2025,23.9,267
A343,2008,12.3,17
A343,2009,16.4,289
A343,2010,18.7,289
A343,2011,15.8,136
A343,2012,16.7,105
A343,2013,16.6,178
A343,2014,18.0,365
A343,2015,20.3,209
A343,2016,16.5,318
A343,2017,20.1,365
A343,2018,23.7,365
A343,2019,21.8,365
A343,2020,14.5,223
A343,2021,17.0,271
A343,2022,16.8,360
A343,2023,17.5,365
A343,2024,20.3,366
A343,2025,14.7,286
A344,2008,19.3,216
A344,2009,22.0,365
A344,2010,20.2,262
A344,2013,18.9,123
A344,2014,18.8,270
A344,2015,21.0,365
A344,2016,21.1,356
A344,2017,22.4,365
A344,2018,20.4,360
A344,2019,16.5,13
A344,2022,19.6,27
A344,2024,18.4,131
A344,2025,22.9,48
A345,2008,20.4,306
A345,2009,20.2,365
A345,2010,16.8,365
A345,2011,15.5,263
A345,2012,19.6,366
A345,2013,17.8,365
A345,2014,18.0,358
A345,2015,15.6,344
A345,2016,20.9,366
A345,2017,20.7,365
A345,2018,16.7,365
A345,2019,17.1,365
A345,2020,16.7,365
A345,2021,17.1,365
A345,2022,17.5,364
A345,2023,17.4,363
A345,2024,14.7,215
A345,2025,7.2,15
A346,2008,13.6,300
A346,2009,18.8,365
A346,2010,13.3,365
A346,2011,14.4,347
A346,2012,14.1,366
A346,2013,14.6,365
A346,2014,13.4,365
A346,2015,13.5,365
A346,2016,15.4,339
A346,2017,12.4,325
A346,2018,12.5,365
A346,2019,14.2,365
A346,2020,12.3,366
A346,2021,12.3,110
A346,2022,12.4,156
A346,2023,12.6,365
A346,2024,12.1,366
A346,2025,10.7,289
A347,2008,21.6,299
A347,2009,20.6,365
A347,2010,15.8,365
A347,2011,19.4,365
A347,2012,17.1,354
A347,2013,18.0,310
A347,2014,22.7,365
A347,2015,20.5,330
A347,2016,18.0,364
A347,2017,17.1,299
A347,2018,14.7,351
A347,2019,23.8,267
A347,2020,14.1,76
A347,2023,16.0,303
A347,2024,16.2,120
A348,2008,18.2,307
A348,2009,23.9,365
A348,2010,16.4,365
A348,2011,17.6,365
A348,2012,18.7,366
A348,2013,19.9,344
A348,2014,13.8,365
A348,2015,18.1,365
A348,2016,20.1,321
A348,2017,17.9,365
A348,2018,22.2,328
A348,2019,18.3,365
A348,2020,23.3,366
A348,2021,13.7,67
A348,2022,20.1,365
A348,2023,19.1,365
A348,2024,16.2,285
A348,2025,12.2,9
A349,2008,13.9,78
A349,2009,19.4,365
A349,2010,24.1,365
A349,2011,21.8,365
A349,2012,20.1,366
A349,2013,19.4,365
A349,2014,18.5,365
A349,2015,19.2,365
A349,2016,23.4,366
A349,2017,17.5,361
A349,2018,17.4,365
A349,2019,19.0,337
A349,2020,19.2,366
A349,2021,22.4,365
A349,2022,19.4,316
A349,2023,22.4,365
A349,2024,22.1,158
A349,2025,17.5,289
A350,2008,17.6,111
A350,2009,18.9,365
A350,2010,22.7,365
A350,2011,23.9,365
A350,2012,19.1,366
A350,2013,20.9,365
A350,2014,17.4,365
A350,2015,21.4,365
A350,2016,18.9,366
A350,2017,21.5,365
A350,2018,21.6,325
A350,2019,21.5,365
A350,2020,17.5,366
A350,2021,16.9,271
A350,2023,21.5,305
A350,2024,16.4,257
A350,2025,18.4,147
A351,2008,17.2,105
A351,2009,20.7,365
A351,2010,18.5,242
A351,2011,17.0,365
A351,2012,19.9,366
A351,2013,19.2,365
A351,2014,16.4,365
A351,2015,23.4,365
A351,2016,19.5,353
A351,2017,19.3,293
A351,2018,22.3,365
A351,2019,22.0,334
A351,2020,20.3,366
A351,2021,15.4,268
A351,2022,18.5,128
A351,2023,17.7,365
A351,2024,17.5,365
A351,2025,16.8,114
A352,2008,16.5,241
A352,2009,16.6,365
A352,2010,17.0,325
A352,2011,15.0,233
A352,2012,14.1,316
A352,2013,15.1,365
A352,2014,15.0,365
A352,2015,15.7,365
A352,2016,15.6,324
A352,2017,16.3,365
A352,2018,16.6,362
A352,2019,20.1,320
A352,2021,13.5,33
A352,2022,14.6,365
A352,2023,16.7,365
A352,2024,15.3,335
A352,2025,16.1,283
A353,2008,15.6,248
A353,2009,16.5,365
A353,2010,16.8,365
A353,2011,19.0,365
A353,2012,14.6,366
A353,2013,15.7,365
A353,2014,14.7,365
A353,2015,15.4,365
A353,2016,15.0,318
A353,2017,17.1,365
A353,2018,14.9,303
A353,2019,15.7,169
A353,2020,14.3,35
A353,2021,12.3,120
A353,2022,20.4,46
A353,2023,19.3,128
A353,2024,15.3,366
A353,2025,11.9,126
A354,2008,15.7,163
A354,2009,19.4,365
A354,2010,19.3,365
A354,2011,19.8,365
A354,2012,19.9,329
A354,2013,21.5,365
A354,2014,23.0,333
A354,2015,20.4,365
A354,2016,18.7,366
A354,2017,17.0,364
A354,2018,19.3,365
A354,2019,18.0,365
A354,2020,19.8,147
A354,2022,15.9,153
A354,2023,21.9,365
A354,2024,22.9,366
A354,2025,20.1,289
A355,2008,13.5,115
A355,2009,21.7,365
A355,2010,14.1,364
A355,2011,13.9,365
A355,2012,13.5,366
A355,2013,13.3,365
A355,2014,16.1,365
A355,2015,13.4,365
A355,2016,15.1,350
A355,2017,15.1,346
A355,2018,13.7,365
A355,2019,15.6,305
A355,2020,14.5,338
A355,2022,13.4,207
A355,2023,17.1,365
A355,2024,17.0,366
A355,2025,14.6,289
A356,2008,16.7,114
A356,2009,13.5,365
A356,2010,12.8,365
A356,2011,12.8,356
A356,2012,12.8,366
A356,2013,14.0,359
A356,2014,12.5,365
A356,2015,16.0,365
A356,2016,13.7,366
A356,2017,14.9,344
A356,2018,12.9,365
A356,2019,15.0,365
A356,2020,14.5,286
A356,2021,12.2,303
A356,2022,12.9,208
A356,2023,15.4,365
A356,2024,14.7,227
A357,2008,13.6,100
A357,2009,17.5,365
A357,2010,16.1,365
A357,2011,18.2,365
A357,2012,15.6,366
A357,2013,14.4,365
A357,2014,15.8,365
A357,2015,17.9,332
A357,2016,14.1,204
A357,2017,15.0,228
A357,2018,24.2,264
A357,2019,13.7,240
A357,2020,17.2,366
A357,2021,14.4,268
A357,2022,14.9,206
A357,2023,14.1,365
A357,2024,13.8,366
A357,2025,14.7,289
A358,2008,16.7,90
A358,2009,23.2,365
A358,2010,18.7,365
A358,2011,24.1,365
A358,2012,18.1,366
A358,2013,19.3,365
A358,2014,17.9,365
A358,2015,21.0,365
A358,2016,21.9,366
A358,2017,19.2,326
A358,2018,18.5,365
A358,2019,21.9,365
A358,2020,22.6,198
A358,2022,19.6,141
A358,2023,21.8,365
A358,2024,18.2,360
A358,2025,18.5,56
A359,2008,17.0,113
A359,2009,24.7,365
A359,2010,18.0,298
A359,2011,18.0,365
A359,2012,18.5,366
A359,2013,19.3,347
A359,2014,17.2,365
A359,2015,17.3,364
A359,2016,19.4,366
A359,2017,19.4,326
A359,2018,19.0,300
A359,2019,21.7,95
A359,2022,17.9,146
A359,2023,17.9,365
A359,2024,17.6,69
A360,2009,15.1,254
A360,2010,17.2,365
A360,2011,15.3,365
A360,2012,19.0,366
A360,2013,15.0,365
A360,2014,17.0,323
A360,2015,19.0,365
A360,2016,18.0,305
A360,2017,15.8,365
A360,2018,15.0,365
A360,2019,16.0,292
A360,2020,13.3,51
A360,2022,14.7,148
A360,2023,14.9,307
A360,2024,16.5,219
A361,2009,15.3,254
A361,2010,17.5,55
A361,2012,19.3,321
A361,2013,21.0,327
A361,2014,14.8,356
A361,2015,17.4,365
A361,2016,18.2,356
A361,2017,19.7,318
A361,2018,16.5,365
A361,2019,19.3,286
A361,2022,14.1,150
A361,2023,16.5,365
A361,2024,15.7,366
A361,2025,15.5,258
A362,2009,20.0,225
A362,2010,16.4,360
A362,2011,24.0,365
A362,2012,17.3,366
A362,2013,16.1,365
A362,2014,24.6,365
A362,2015,18.4,365
A362,2016,20.0,366
A362,2017,17.4,349
A362,2018,17.4,365
A362,2019,21.4,150
A363,2009,21.4,256
A363,2010,16.2,365
A363,2011,24.3,365
A363,2012,20.4,366
A363,2013,18.0,365
A363,2014,24.1,365
A363,2015,16.4,365
A363,2016,15.0,365
A363,2017,23.0,365
A363,2018,17.6,334
A363,2019,17.4,254
A363,2020,21.9,334
A363,2021,17.4,54
A363,2022,20.4,235
A363,2023,21.9,365
A363,2024,18.5,366
A363,2025,17.6,286
A364,2009,17.0,144
A364,2010,19.2,250
A364,2011,18.0,365
A364,2012,18.6,366
A364,2013,19.0,340
A364,2014,17.0,365
A364,2015,21.2,360
A364,2016,17.7,355
A364,2017,17.2,287
A364,2018,18.7,283
A364,2019,18.3,365
A364,2020,19.0,215
A364,2021,14.5,116
A364,2022,16.4,269
A364,2023,23.9,365
A364,2024,23.0,366
A364,2025,13.8,28
A365,2010,20.3,199
A365,2011,18.5,365
A365,2012,19.8,366
A365,2013,15.6,345
A365,2014,20.4,281
A365,2015,18.4,365
A365,2016,22.4,366
A365,2017,18.2,362
A365,2018,16.4,283
A365,2019,22.4,340
A365,2020,16.4,366
A365,2021,19.6,365
A365,2022,17.2,365
A365,2023,16.1,350
A365,2024,18.2,352
A365,2025,15.1,164
A366,2010,17.0,138
A366,2011,20.7,365
A366,2012,20.1,366
A366,2013,21.1,357
A366,2014,15.4,365
A366,2015,20.6,324
A366,2016,19.0,366
A366,2017,22.6,364
A366,2018,19.1,357
A366,2019,16.1,365
A366,2020,19.1,366
A366,2021,14.6,218
A366,2022,14.9,126
A366,2023,15.2,201
A366,2024,20.0,356
A366,2025,16.6,289
A367,2010,15.6,134
A367,2011,15.6,304
A367,2012,17.2,366
A367,2013,17.0,365
A367,2014,14.1,354
A367,2015,15.0,365
A367,2016,17.9,347
A367,2017,15.6,365
A367,2018,17.1,365
A367,2019,18.6,338
A367,2022,12.8,133
A367,2023,14.5,365
A367,2024,14.7,200
A367,2025,14.5,137
A368,2018,20.5,138
A368,2019,17.6,365
A368,2020,18.8,366
A368,2021,18.6,131
A368,2022,18.3,135
A368,2023,18.3,300
A368,2024,17.5,188
A369,2018,15.0,221
A369,2019,18.5,125
A369,2022,15.9,144
A369,2023,18.3,58
A369,2024,12.2,43
A369,2025,13.0,229
A370,2017,16.9,108
A370,2018,27.1,365
A370,2019,23.7,314
A370,2020,24.1,358
A370,2021,20.4,360
A370,2022,18.9,365
A370,2023,19.7,365
A370,2024,20.8,366
A370,2025,18.1,289
A371,2017,18.0,103
A371,2018,20.0,365
A371,2019,21.2,296
A371,2020,22.3,366
A371,2021,18.3,363
A371,2022,16.9,365
A371,2023,23.4,308
A371,2024,18.2,366
A371,2025,28.9,289
A372,2017,21.3,54
A372,2018,26.1,365
A372,2019,18.4,333
A372,2020,41.6,366
A372,2021,18.6,363
A372,2022,17.5,365
A372,2023,19.9,321
A372,2024,16.2,307
A372,2025,16.7,265
A373,2017,14.4,52
A373,2018,18.4,275
A373,2019,21.2,361
A373,2020,12.5,45
A373,2023,20.1,300
A373,2024,20.3,329
A374,2018,15.3,279
A374,2019,19.0,365
A374,2020,17.0,268
A374,2021,17.4,117
A374,2022,16.8,365
A374,2023,17.9,365
A374,2024,28.1,366
A374,2025,15.2,289
A375,2018,15.9,284
A375,2019,19.5,289
A375,2020,30.3,366
A375,2021,15.5,364
A375,2022,20.9,364
A375,2023,16.3,364
A375,2024,16.0,364
A375,2025,17.7,288
A376,2018,14.7,23
A376,2019,22.3,283
A376,2020,20.6,191
A376,2022,19.7,150
A376,2023,21.1,361
A376,2024,18.9,364
A376,2025,18.0,267
A377,2019,37.3,44
A377,2020,47.3,363
A377,2022,15.0,151
A377,2023,15.0,167
A401,2000,12.5,88
A401,2001,15.4,359
A401,2002,46.8,238
A401,2003,11.3,89
A401,2004,16.3,366
A401,2005,19.1,280
A401,2006,14.2,186
A401,2007,16.6,344
A401,2008,14.0,243
A401,2009,15.5,365
A401,2010,15.5,365
A401,2011,17.4,365
A401,2012,16.6,366
A401,2013,45.9,324
A401,2014,42.2,365
A401,2015,13.5,365
A401,2016,16.2,346
A401,2017,18.7,365
A401,2018,24.9,365
A401,2019,14.5,365
A401,2020,16.8,366
A401,2021,13.9,365
A401,2022,14.6,365
A401,2023,14.5,365
A401,2024,14.0,366
A401,2025,13.9,289
A402,2001,11.7,8
A402,2002,15.6,222
A402,2003,14.9,226
A402,2005,14.7,169
A402,2006,17.2,358
A402,2007,16.7,365
A402,2008,15.7,345
A402,2009,17.1,365
A402,2010,17.5,355
A402,2011,19.0,365
A402,2012,17.5,318
A402,2013,16.7,365
A402,2014,20.8,365
A402,2015,18.9,365
A402,2016,17.6,366
A402,2017,21.8,334
A402,2018,20.4,365
A402,2019,23.7,334
A402,2020,23.4,365
A402,2021,18.7,277
A402,2022,16.5,357
A402,2023,23.4,285
A402,2024,13.7,9
A403,2002,19.7,273
A403,2003,24.1,365
A403,2004,19.9,366
A403,2005,25.0,245
A403,2007,18.6,130
A403,2008,19.6,364
A403,2009,19.2,149
A403,2010,19.3,29
A403,2011,14.6,18
A403,2012,22.0,331
A403,2013,20.2,285
A404,2002,22.4,253
A404,2003,21.7,349
A404,2004,23.9,279
A404,2005,15.7,173
A404,2006,16.7,290
A404,2007,17.4,365
A404,2008,18.3,328
A404,2009,17.1,301
A404,2010,22.1,365
A404,2011,19.7,365
A404,2012,24.4,364
A404,2013,19.9,356
A404,2014,21.8,365
A404,2015,22.6,292
A404,2016,17.3,366
A404,2017,19.1,365
A404,2018,17.9,365
A404,2019,20.4,365
A404,2020,19.4,336
A404,2021,19.9,217
A404,2022,21.0,365
A404,2023,20.4,365
A404,2024,19.3,366
A404,2025,21.2,289
A405,2002,14.7,10
A405,2003,15.7,148
A405,2004,17.8,366
A405,2005,14.8,156
A405,2006,16.4,247
A405,2007,17.6,316
A405,2008,17.8,301
A405,2009,15.9,365
A405,2010,17.9,304
A405,2011,18.6,365
A405,2012,17.4,366
A405,2013,17.1,354
A405,2014,19.0,323
A405,2015,18.0,365
A405,2016,21.7,366
A405,2017,17.5,298
A405,2018,19.8,365
A405,2019,17.2,350
A405,2020,18.0,249
A405,2022,15.3,132
A405,2023,19.5,280
A405,2024,18.5,366
A405,2025,16.9,289
A406,2003,15.0,204
A406,2004,13.3,321
A406,2005,15.5,287
A406,2006,15.4,357
A406,2007,16.3,358
A406,2008,14.7,363
A406,2009,15.9,365
A406,2010,15.1,363
A406,2011,16.1,365
A406,2012,16.1,366
A406,2013,16.9,365
A406,2014,16.8,365
A406,2015,18.5,312
A406,2016,14.2,366
A406,2017,18.2,365
A406,2018,14.7,365
A406,2019,16.6,297
A406,2020,14.2,365
A406,2021,15.4,147
A406,2022,14.1,364
A406,2023,16.9,365
A406,2024,16.5,280
A406,2025,16.6,260
A407,2003,15.3,326
A407,2004,16.6,366
A407,2005,16.9,339
A407,2006,16.7,324
A407,2007,13.0,276
A407,2008,16.3,364
A407,2009,13.5,235
A407,2010,20.2,365
A407,2011,15.3,365
A407,2012,16.5,363
A407,2013,17.1,365
A407,2014,15.8,365
A407,2015,15.4,358
A407,2016,13.7,366
A407,2017,17.7,355
A407,2018,15.4,365
A407,2019,18.0,349
A407,2020,13.2,366
A407,2021,15.6,365
A407,2022,14.1,365
A407,2023,12.1,168
A408,2003,15.1,337
A408,2004,17.3,366
A408,2005,15.7,344
A408,2006,17.6,358
A408,2007,18.1,365
A408,2008,19.7,336
A408,2009,17.3,291
A408,2010,17.7,365
A408,2011,23.0,365
A408,2012,17.6,366
A408,2013,23.1,365
A408,2014,20.7,365
A408,2015,20.3,365
A408,2016,17.1,366
A408,2017,23.8,365
A408,2018,19.3,365
A408,2019,21.5,365
A408,2020,21.4,366
A408,2021,22.2,365
A408,2022,16.4,365
A408,2023,21.1,365
A408,2024,16.8,308
A408,2025,18.8,289
A409,2003,14.1,322
A409,2004,15.7,366
A409,2005,14.9,345
A409,2006,15.1,208
A409,2007,16.9,169
A409,2008,14.2,277
A409,2009,15.8,329
A409,2010,18.6,185
A409,2011,15.9,365
A409,2012,14.2,366
A409,2013,17.3,365
A409,2014,14.6,365
A409,2015,15.6,317
A409,2016,14.9,146
A409,2017,42.0,106
A409,2018,37.3,365
A409,2019,15.0,365
A409,2020,14.0,366
A409,2021,15.0,337
A409,2022,12.3,112
A409,2023,20.3,315
A409,2024,13.8,366
A409,2025,13.7,276
A410,2003,13.9,342
A410,2004,16.5,202
A410,2005,12.7,54
A410,2006,13.5,144
A410,2007,12.1,18
A410,2008,0.2,1
A410,2009,25.9,20
A410,2010,15.0,246
A410,2011,13.3,365
A410,2012,15.6,349
A410,2013,13.5,319
A410,2014,14.2,365
A410,2015,15.3,365
A410,2016,13.8,366
A410,2017,13.3,356
A410,2018,17.3,365
A410,2019,13.5,168
A410,2021,12.7,37
A410,2022,29.5,99
A410,2023,16.7,365
A410,2024,17.5,366
A410,2025,16.1,258
A411,2003,15.3,33
A411,2004,16.0,298
A411,2005,18.5,279
A411,2006,19.8,357
A411,2007,18.4,365
A411,2008,16.1,330
A411,2009,20.6,272
A411,2010,19.5,365
A411,2011,17.9,365
A411,2012,17.4,363
A411,2013,21.4,365
A411,2014,17.4,365
A411,2015,20.4,365
A411,2016,19.6,307
A411,2017,16.4,71
A412,2003,18.5,324
A412,2004,16.6,366
A412,2005,17.4,344
A412,2006,18.2,132
A412,2007,17.2,236
A412,2008,17.3,351
A412,2009,24.3,354
A412,2010,21.3,287
A412,2011,16.1,161
A412,2012,17.8,366
A412,2013,24.4,365
A412,2014,17.7,365
A412,2015,18.2,365
A412,2016,21.2,366
A412,2017,21.4,332
A412,2018,16.9,364
A412,2019,20.5,365
A412,2020,16.9,366
A412,2021,18.2,301
A412,2023,15.2,133
A412,2024,17.9,42
A413,2007,22.3,221
A413,2008,18.4,364
A413,2009,14.1,365
A413,2010,19.8,365
A413,2011,19.4,365
A413,2012,17.1,340
A413,2013,14.5,343
A413,2014,16.6,365
A413,2015,15.1,291
A413,2016,15.7,303
A413,2017,15.8,365
A413,2018,16.0,365
A413,2019,24.6,365
A413,2020,14.1,312
A413,2021,14.8,155
A413,2022,14.6,363
A413,2023,17.0,271
A413,2024,15.9,332
A414,2007,16.8,214
A414,2008,14.5,365
A414,2009,12.7,89
A414,2010,14.9,365
A414,2011,15.2,365
A414,2012,17.8,366
A414,2013,14.1,365
A414,2014,15.0,339
A414,2015,17.3,180
A414,2016,16.3,366
A414,2017,15.8,365
A414,2018,15.0,365
A414,2019,15.2,354
A414,2020,14.1,366
A414,2021,23.7,142
A414,2022,14.3,365
A414,2023,12.5,365
A414,2024,15.1,366
A414,2025,19.7,289
A415,2007,17.5,214
A415,2008,21.7,364
A415,2009,15.6,365
A415,2010,17.5,358
A415,2011,17.5,364
A415,2012,19.1,366
A415,2013,21.7,365
A415,2014,16.5,338
A415,2015,17.6,295
A415,2016,19.8,365
A415,2017,18.8,365
A415,2018,14.0,365
A415,2019,20.5,354
A415,2021,8.6,33
A415,2022,21.3,157
A415,2023,20.6,292
A415,2024,14.5,353
A415,2025,13.0,285
A416,2007,15.4,53
A416,2008,25.0,332
A416,2009,14.7,179
A416,2010,21.9,365
A416,2011,18.8,200
A416,2012,15.4,316
A416,2013,18.6,365
A416,2014,15.0,365
A416,2015,23.6,365
A416,2016,17.4,284
A416,2017,21.8,365
A416,2018,18.4,287
A416,2019,21.1,365
A416,2020,18.6,366
A416,2021,15.8,365
A416,2022,18.7,365
A416,2023,17.2,365
A416,2024,16.5,319
A416,2025,12.8,289
A417,2007,14.8,221
A417,2008,18.1,366
A417,2009,15.9,365
A417,2010,18.0,365
A417,2011,14.4,329
A417,2012,14.2,366
A417,2013,14.3,365
A417,2014,14.1,357
A417,2015,24.5,365
A417,2016,21.7,351
A417,2017,16.2,365
A417,2018,14.0,365
A417,2019,16.9,319
A417,2020,15.5,132
A417,2021,16.4,335
A417,2022,14.3,358
A417,2023,15.5,280
A417,2024,15.3,366
A417,2025,14.3,289
A418,2007,19.5,105
A418,2008,15.9,322
A418,2009,18.7,365
A418,2010,19.2,365
A418,2011,20.7,365
A418,2012,19.8,303
A418,2013,18.0,365
A418,2014,15.7,333
A418,2015,16.3,326
A418,2016,18.0,348
A418,2017,16.3,365
A418,2018,16.0,365
A418,2019,19.7,310
A418,2020,17.5,348
A418,2021,13.9,89
A418,2022,16.4,355
A418,2023,16.2,365
A418,2024,13.7,111
A419,2008,17.8,273
A419,2009,20.4,365
A419,2010,20.0,365
A419,2011,19.3,365
A419,2012,22.1,366
A419,2013,18.4,326
A419,2014,16.7,365
A419,2015,18.5,287
A419,2016,18.2,366
A419,2017,20.4,328
A419,2018,16.4,365
A419,2019,18.8,270
A419,2020,15.1,75
A420,2008,16.0,279
A420,2009,21.2,365
A420,2010,19.2,365
A420,2011,20.6,365
A420,2012,17.4,366
A420,2013,18.5,323
A420,2014,21.7,360
A420,2015,22.2,365
A420,2016,16.8,303
A420,2017,19.9,337
A420,2018,24.7,253
A420,2019,23.0,365
A420,2020,17.9,357
A420,2021,9.2,58
A421,2008,13.1,163
A421,2009,13.6,365
A421,2010,12.8,314
A421,2011,14.5,290
A421,2012,13.1,355
A421,2013,13.5,365
A421,2014,13.0,363
A421,2015,13.8,365
A421,2016,13.7,238
A421,2017,14.7,365
A421,2018,13.6,365
A421,2019,15.9,365
A421,2020,18.7,171
A421,2021,0.3,3
A421,2023,12.1,66
A421,2024,15.3,366
A421,2025,13.3,289
A422,2008,21.2,164
A422,2009,24.4,247
A422,2010,19.9,140
A422,2011,22.6,313
A422,2012,19.6,242
A422,2013,22.0,276
A422,2014,23.1,239
A422,2015,23.9,327
A422,2016,23.1,90
A422,2017,24.0,317
A422,2018,24.2,239
A422,2019,24.7,365
A422,2020,24.2,301
A423,2008,13.9,280
A423,2009,18.6,365
A423,2010,15.3,365
A423,2011,15.7,358
A423,2012,23.2,366
A423,2013,21.8,365
A423,2014,24.7,359
A423,2015,19.6,365
A423,2016,21.8,353
A423,2017,22.3,365
A423,2018,17.8,365
A423,2019,19.4,325
A423,2020,17.1,366
A423,2021,16.5,365
A423,2022,24.1,364
A423,2023,17.8,364
A423,2024,16.3,364
A423,2025,18.9,22
A424,2008,16.9,274
A424,2009,20.5,365
A424,2010,18.5,365
A424,2011,22.3,364
A424,2012,20.8,366
A424,2013,17.6,365
A424,2014,16.1,355
A424,2015,18.1,365
A424,2016,16.0,365
A424,2017,20.9,365
A424,2018,18.1,365
A424,2019,20.7,365
A424,2020,20.4,366
A424,2021,16.2,365
A424,2022,18.5,365
A424,2023,18.4,365
A424,2024,19.6,366
A424,2025,17.0,289
A425,2008,17.3,270
A425,2009,16.6,365
A425,2010,17.5,285
A425,2011,18.2,365
A425,2012,16.7,366
A425,2013,16.5,353
A425,2014,17.7,365
A425,2015,17.0,365
A425,2016,18.5,366
A425,2017,15.4,360
A425,2018,14.4,365
A425,2019,16.2,365
A425,2020,22.8,366
A425,2021,17.0,365
A425,2022,13.6,365
A425,2023,15.8,344
A425,2024,14.6,9
A426,2008,19.5,214
A426,2009,19.5,365
A426,2010,20.5,365
A426,2011,23.1,317
A426,2012,20.8,366
A426,2013,22.0,365
A426,2014,21.5,365
A426,2015,20.8,365
A426,2016,22.5,273
A426,2017,20.7,365
A426,2018,18.4,362
A426,2019,23.5,363
A426,2020,19.1,366
A426,2021,18.3,302
A426,2022,18.7,364
A426,2023,19.0,285
A426,2024,20.0,253
A426,2025,20.9,289
A427,2008,12.7,174
A427,2009,23.8,365
A427,2010,16.7,365
A427,2011,12.0,365
A427,2012,16.6,356
A427,2013,12.7,359
A427,2014,12.6,365
A427,2015,16.9,323
A427,2016,13.1,357
A427,2017,23.5,323
A427,2018,23.2,365
A427,2019,13.2,362
A427,2020,12.5,239
A427,2021,14.4,150
A427,2022,12.3,109
A427,2023,13.2,354
A427,2024,11.9,97
A428,2008,18.0,279
A428,2009,19.3,365
A428,2010,19.6,365
A428,2011,15.8,365
A428,2012,23.8,308
A428,2013,17.0,164
A428,2014,15.8,365
A428,2015,18.2,324
A428,2016,19.9,221
A428,2017,16.4,312
A428,2018,18.8,365
A428,2019,18.6,365
A428,2020,14.8,366
A428,2021,15.1,310
A428,2022,15.3,113
A428,2023,20.1,364
A428,2024,19.0,338
A428,2025,14.0,288
A429,2008,24.4,233
A429,2009,20.4,365
A429,2010,16.7,365
A429,2011,16.2,361
A429,2012,19.2,357
A429,2013,15.4,365
A429,2014,17.4,365
A429,2015,16.4,365
A429,2016,14.8,366
A429,2017,20.7,354
A429,2018,17.1,365
A429,2019,20.8,365
A429,2020,20.2,366
A429,2021,17.2,255
A429,2022,22.8,286
A429,2023,26.6,298
A429,2024,17.5,296
A429,2025,17.5,289
A430,2008,18.4,241
A430,2009,19.3,365
A430,2010,18.5,365
A430,2011,18.1,365
A430,2012,18.9,366
A430,2013,17.0,365
A430,2014,18.7,365
A430,2015,21.1,365
A430,2016,18.0,366
A430,2017,19.1,365
A430,2018,16.1,365
A430,2019,20.5,365
A430,2020,21.5,366
A430,2021,18.5,359
A430,2022,18.2,365
A430,2023,17.9,362
A430,2024,18.7,323
A431,2008,13.6,268
A431,2009,16.4,365
A431,2010,15.1,352
A431,2011,13.3,303
A431,2012,14.1,366
A431,2013,14.1,364
A431,2014,13.0,361
A431,2015,14.1,346
A431,2016,16.9,266
A431,2017,15.1,229
A431,2018,16.8,365
A431,2019,17.9,365
A431,2020,18.3,366
A431,2021,15.1,95
A431,2022,16.5,77
A431,2023,14.9,72
A431,2024,19.2,366
A431,2025,18.0,190
A432,2008,18.0,179
A432,2009,16.4,321
A432,2010,17.5,351
A432,2011,20.0,321
A432,2012,24.2,366
A432,2013,21.9,365
A432,2014,21.8,364
A432,2015,24.4,365
A432,2016,22.5,339
A432,2017,17.6,353
A432,2018,24.9,356
A432,2019,17.3,338
A432,2020,22.1,125
A432,2022,19.1,252
A432,2023,15.9,301
A432,2024,15.6,190
A433,2008,16.0,248
A433,2009,19.5,365
A433,2010,18.5,365
A433,2011,15.9,365
A433,2012,19.9,366
A433,2013,24.8,365
A433,2014,17.4,365
A433,2015,20.5,359
A433,2016,21.0,361
A433,2017,21.1,365
A433,2018,15.4,365
A433,2019,20.0,365
A433,2020,20.6,366
A433,2021,22.0,365
A433,2022,16.3,365
A433,2023,18.5,365
A433,2024,17.2,366
A433,2025,13.7,289
A434,2008,18.1,171
A434,2009,15.1,365
A434,2010,16.4,365
A434,2011,15.3,365
A434,2012,21.7,366
A434,2013,16.0,365
A434,2014,16.3,365
A434,2015,15.6,362
A434,2016,15.3,360
A434,2017,16.2,365
A434,2018,13.3,365
A434,2019,15.9,365
A434,2020,16.0,366
A434,2021,16.4,365
A434,2022,15.6,286
A434,2023,16.5,244
A434,2024,17.7,366
A434,2025,14.1,289
A435,2008,15.5,226
A435,2009,17.4,365
A435,2010,20.6,365
A435,2011,20.1,365
A435,2012,18.6,366
A435,2013,17.3,365
A435,2014,20.8,328
A435,2015,22.5,365
A435,2016,24.6,363
A435,2017,23.8,365
A435,2018,18.3,365
A435,2019,17.9,345
A435,2020,19.4,357
A435,2021,9.4,3
A436,2008,17.8,223
A436,2009,18.2,365
A436,2010,22.4,365
A436,2011,15.5,350
A436,2012,21.3,366
A436,2013,21.4,346
A436,2014,24.4,347
A436,2015,19.8,365
A436,2016,22.7,366
A436,2017,21.3,365
A436,2018,23.3,342
A436,2019,17.3,365
A436,2020,20.2,343
A436,2021,16.1,349
A436,2022,18.6,365
A436,2023,21.2,365
A436,2024,11.9,3
A436,2025,10.4,20
A437,2008,12.7,190
A437,2009,12.8,365
A437,2010,11.8,318
A437,2011,12.1,365
A437,2012,12.9,366
A437,2013,15.1,365
A437,2014,15.6,365
A437,2015,13.2,365
A437,2016,12.5,365
A437,2017,17.0,312
A437,2018,15.9,365
A437,2019,13.2,365
A437,2020,14.3,366
A437,2021,13.9,243
A437,2022,11.8,101
A437,2023,14.3,365
A437,2024,14.8,366
A437,2025,12.7,241
A438,2008,17.5,192
A438,2009,14.3,365
A438,2010,24.9,260
A438,2011,14.9,365
A438,2012,14.5,366
A438,2013,13.6,365
A438,2014,16.2,352
A438,2015,13.1,306
A438,2016,13.0,329
A438,2017,15.3,365
A438,2018,12.2,365
A438,2019,14.8,365
A438,2020,16.5,366
A438,2021,12.7,88
A438,2022,17.2,326
A438,2023,12.5,165
A438,2024,10.9,73
A439,2008,16.8,248
A439,2009,24.5,365
A439,2010,22.3,365
A439,2011,19.8,336
A439,2012,21.8,366
A439,2013,21.6,364
A439,2014,18.5,365
A439,2015,24.4,345
A439,2016,22.2,345
A439,2017,20.7,360
A439,2018,20.4,364
A439,2019,21.5,364
A439,2020,18.8,361
A439,2021,19.8,309
A439,2022,19.9,363
A439,2023,22.8,365
A439,2024,23.4,349
A439,2025,21.1,255
A440,2008,16.2,244
A440,2009,15.9,365
A440,2010,15.8,365
A440,2011,17.0,365
A440,2012,17.1,366
A440,2013,17.6,361
A440,2014,22.5,365
A440,2015,23.9,339
A440,2016,16.0,366
A440,2017,22.9,363
A440,2018,17.7,365
A440,2019,16.4,365
A440,2020,18.7,247
A440,2022,12.5,76
A440,2023,15.8,134
A440,2024,12.0,123
A441,2008,22.3,234
A441,2009,17.2,365
A441,2010,15.7,365
A441,2011,16.3,365
A441,2012,16.5,366
A441,2013,16.7,228
A441,2014,21.6,365
A441,2015,17.6,365
A441,2016,16.0,366
A441,2017,15.4,365
A441,2018,21.1,365
A441,2019,13.8,365
A441,2020,18.3,297
A441,2021,16.0,167
A441,2022,13.1,88
A441,2023,15.9,357
A441,2024,14.1,193
A441,2025,8.8,29
A442,2008,18.8,238
A442,2009,16.4,365
A442,2010,19.1,145
A442,2011,23.6,151
A442,2012,25.0,366
A442,2013,25.0,354
A442,2014,21.5,365
A442,2015,19.4,365
A442,2016,23.5,365
A442,2017,17.3,348
A442,2018,19.0,279
A442,2019,16.9,365
A442,2020,14.4,365
A442,2021,15.1,354
A442,2022,17.8,276
A442,2023,21.9,156
A442,2024,19.1,366
A442,2025,14.7,289
A443,2008,17.0,164
A443,2009,18.3,365
A443,2010,19.9,365
A443,2011,18.0,365
A443,2012,18.8,366
A443,2013,17.1,363
A443,2014,17.6,365
A443,2015,18.4,364
A443,2016,17.3,366
A443,2017,19.8,365
A443,2018,24.3,327
A443,2019,21.5,365
A443,2020,17.5,364
A443,2022,15.1,137
A443,2023,15.3,125
A443,2024,16.2,361
A443,2025,16.4,289
A444,2009,13.3,185
A444,2010,12.3,224
A444,2011,12.8,305
A444,2012,15.7,354
A444,2013,12.9,325
A444,2014,20.2,365
A444,2015,15.1,365
A444,2016,18.7,366
A444,2017,13.0,351
A444,2018,13.6,352
A444,2019,12.3,359
A444,2020,16.1,366
A444,2021,14.5,315
A444,2022,16.7,154
A444,2023,12.6,365
A444,2024,15.7,249
A445,2009,16.8,185
A445,2010,18.5,365
A445,2011,14.4,365
A445,2012,13.7,361
A445,2013,14.0,365
A445,2014,12.8,365
A445,2015,14.9,327
A445,2016,14.0,366
A445,2017,13.9,365
A445,2018,16.6,365
A445,2019,24.5,365
A445,2020,14.5,330
A446,2009,16.8,190
A446,2010,24.9,365
A446,2011,16.8,361
A446,2012,15.3,280
A446,2013,13.9,365
A446,2014,17.8,365
A446,2015,20.8,364
A446,2016,18.0,366
A446,2017,16.6,352
A446,2018,19.3,365
A446,2019,21.7,365
A446,2020,18.9,366
A446,2021,14.9,132
A446,2022,20.1,365
A446,2023,25.9,355
A446,2024,20.5,317
A447,2009,13.7,172
A447,2010,15.7,365
A447,2011,21.0,365
A447,2012,12.4,350
A447,2013,12.9,365
A447,2014,15.6,365
A447,2015,13.2,365
A447,2016,14.2,329
A447,2017,14.3,365
A447,2018,22.8,284
A447,2019,13.4,271
A447,2020,13.2,352
A447,2021,9.0,11
A447,2022,13.2,100
A447,2023,19.1,365
A447,2024,12.3,366
A447,2025,15.8,289
A448,2015,17.0,134
A448,2016,18.4,366
A448,2017,19.7,362
A448,2018,18.8,365
A448,2019,17.7,365
A448,2020,15.8,366
A448,2021,19.1,365
A448,2022,20.6,365
A448,2023,17.0,362
A448,2024,15.0,335
A448,2025,19.8,273
A449,2016,15.0,137
A449,2017,19.3,204
A449,2018,15.0,251
A449,2019,17.8,365
A449,2020,14.7,337
A449,2021,12.2,50
A450,2015,21.0,136
A450,2016,16.1,366
A450,2017,15.1,358
A450,2018,21.5,365
A450,2019,18.1,365
A450,2020,17.0,366
A450,2021,14.5,365
A450,2022,14.6,126
A450,2023,21.0,336
A450,2024,14.3,311
A451,2017,14.2,251
A451,2018,14.4,365
A451,2019,21.6,365
A451,2020,15.8,95
A451,2021,2.8,1
A452,2016,14.5,212
A452,2017,20.2,364
A452,2018,17.2,365
A452,2019,19.9,365
A452,2020,14.5,332
A452,2021,14.1,118
A452,2022,16.5,359
A452,2023,13.7,314
A452,2024,14.0,209
A452,2025,11.9,78
A453,2017,15.7,146
A453,2018,14.4,263
A453,2019,12.7,145
A453,2021,14.5,34
A453,2022,11.6,42
A453,2023,14.5,261
A453,2024,16.3,366
A453,2025,13.6,60
A454,2016,18.3,212
A454,2017,18.5,331
A454,2018,18.9,365
A454,2019,21.3,56
A455,2016,13.4,214
A455,2017,14.5,365
A455,2018,15.3,363
A455,2019,15.7,365
A455,2020,22.9,295
A455,2022,23.8,95
A455,2023,16.4,184
A455,2024,15.9,119
A456,2018,11.9,275
A456,2019,13.0,267
A456,2020,15.9,300
A456,2021,11.4,129
A456,2022,11.1,33
A456,2023,17.6,116
A456,2024,13.5,366
A456,2025,13.8,245
A458,2018,17.5,97
A458,2019,19.3,365
A458,2020,20.5,230
A458,2021,40.1,364
A458,2022,29.6,365
A458,2023,17.7,365
A458,2024,20.5,366
A458,2025,18.1,289
A501,2002,21.6,42
A501,2003,18.9,353
A501,2004,14.4,320
A501,2005,16.7,337
A501,2006,20.8,342
A501,2007,17.8,362
A501,2008,14.6,176
A502,2003,15.2,61
A502,2004,18.6,335
A502,2005,21.5,362
A502,2006,24.6,357
A502,2007,15.4,303
A502,2008,20.5,352
A502,2009,20.3,356
A502,2010,24.9,365
A502,2011,18.5,256
A502,2012,18.9,291
A502,2013,20.3,365
A502,2014,19.2,365
A502,2015,21.0,365
A502,2016,24.3,366
A502,2017,17.7,365
A502,2018,21.9,365
A502,2019,24.3,124
A502,2022,21.8,325
A502,2023,21.5,257
A502,2024,17.6,187
A503,2003,13.8,258
A503,2004,25.0,107
A503,2005,25.0,61
A503,2006,24.6,246
A503,2007,24.4,53
A503,2008,25.0,218
A503,2009,11.6,161
A503,2010,12.7,264
A504,2003,15.9,152
A504,2004,20.5,213
A505,2002,13.9,12
A505,2003,23.2,365
A505,2004,20.8,366
A505,2005,21.9,359
A505,2006,19.8,357
A505,2007,22.6,355
A505,2008,18.6,243
A505,2009,20.4,365
A505,2010,19.4,365
A505,2011,22.5,365
A505,2012,23.4,366
A505,2013,19.8,365
A505,2014,23.1,365
A505,2015,20.3,365
A505,2016,18.7,366
A505,2017,23.1,365
A505,2018,21.4,365
A505,2019,23.0,365
A505,2020,18.5,366
A505,2021,19.5,365
A505,2022,25.0,362
A505,2023,24.1,365
A505,2024,20.3,366
A505,2025,16.9,171
A506,2002,20.4,13
A506,2003,19.6,355
A506,2004,18.3,366
A506,2005,22.1,355
A506,2006,17.0,357
A506,2007,17.9,362
A506,2008,20.5,355
A506,2009,16.5,227
A506,2010,10.2,197
A506,2011,12.3,365
A506,2012,18.6,366
A506,2013,18.2,365
A506,2014,20.0,365
A506,2015,17.0,349
A506,2016,21.9,366
A506,2017,21.8,365
A506,2018,16.7,365
A506,2019,18.1,365
A506,2020,21.0,366
A506,2021,24.6,365
A506,2022,17.0,365
A506,2023,20.5,365
A506,2024,17.6,366
A506,2025,16.2,289
A507,2003,23.0,215
A507,2004,15.3,94
A507,2005,16.4,288
A507,2006,21.7,358
A507,2007,22.4,362
A507,2008,18.6,328
A507,2009,22.4,365
A507,2010,20.9,339
A507,2011,21.0,365
A507,2012,18.6,366
A507,2013,18.2,365
A507,2014,16.9,365
A507,2015,17.5,365
A507,2016,16.6,366
A507,2017,15.5,365
A507,2018,21.2,365
A507,2019,16.9,365
A507,2020,17.8,366
A507,2021,18.7,365
A507,2022,15.8,365
A507,2023,16.9,365
A507,2024,19.9,366
A507,2025,17.7,289
A508,2002,11.8,17
A508,2003,19.5,365
A508,2004,18.9,366
A508,2005,17.6,357
A508,2006,18.1,330
A508,2007,17.2,51
A508,2008,19.5,313
A508,2009,21.1,365
A508,2010,23.8,365
A508,2011,16.7,359
A508,2012,17.5,366
A508,2013,17.6,365
A508,2014,15.9,364
A508,2015,15.1,365
A508,2016,16.3,366
A508,2017,17.9,364
A508,2018,20.2,365
A508,2019,19.7,364
A508,2020,19.4,313
A508,2021,22.4,365
A508,2022,16.6,365
A508,2023,17.3,365
A508,2024,17.5,365
A508,2025,16.0,289
A509,2004,11.2,13
A509,2005,18.8,355
A509,2006,19.4,358
A509,2007,16.7,113
A509,2008,9.8,13
A509,2009,18.0,218
A509,2010,18.9,365
A509,2011,23.5,365
A509,2012,18.3,366
A509,2013,18.1,365
A509,2014,18.7,365
A509,2015,22.6,302
A509,2016,23.8,362
A509,2017,19.1,361
A509,2018,17.9,365
A509,2019,15.9,365
A509,2020,20.9,366
A509,2021,16.7,365
A509,2022,17.9,365
A509,2023,22.2,365
A509,2024,17.4,366
A509,2025,16.4,289
A510,2005,17.0,87
A510,2006,19.3,349
A510,2007,21.1,335
A510,2008,17.1,366
A510,2009,16.3,365
A510,2010,13.5,341
A510,2011,16.4,365
A510,2012,20.3,366
A510,2013,17.3,365
A510,2014,13.3,365
A510,2015,20.8,365
A510,2016,19.6,366
A510,2017,12.9,365
A510,2018,19.4,365
A510,2019,22.9,365
A510,2020,15.3,366
A510,2021,15.8,365
A510,2022,16.1,362
A510,2023,20.0,365
A510,2024,21.4,366
A510,2025,20.4,289
A511,2006,18.4,295
A511,2007,13.7,357
A511,2008,12.1,361
A511,2009,16.0,109
A511,2010,16.4,344
A511,2011,16.0,334
A511,2012,14.7,339
A511,2013,14.9,317
A511,2014,17.5,334
A511,2015,14.9,365
A511,2016,13.5,366
A511,2017,13.6,365
A511,2018,14.2,353
A511,2019,16.0,365
A511,2020,12.6,366
A511,2021,13.2,351
A511,2022,15.0,355
A511,2023,15.8,365
A511,2024,12.8,207
A511,2025,15.3,289
A512,2006,20.5,230
A512,2007,24.4,362
A512,2008,23.6,366
A512,2009,21.0,365
A512,2010,22.1,365
A512,2011,19.6,365
A512,2012,20.1,352
A512,2013,21.7,365
A512,2014,24.6,365
A512,2015,20.8,365
A512,2016,23.2,316
A512,2017,22.1,365
A512,2018,23.8,365
A512,2019,20.3,365
A512,2020,18.7,81
A512,2021,19.3,178
A512,2022,21.8,365
A512,2023,33.9,358
A512,2024,22.3,366
A512,2025,23.5,289
A513,2006,18.0,157
A513,2007,23.7,362
A513,2008,22.1,366
A513,2009,19.7,353
A513,2010,20.9,365
A513,2011,20.6,365
A513,2012,24.6,366
A513,2013,19.3,365
A513,2014,18.1,365
A513,2015,24.6,365
A513,2016,21.2,366
A513,2017,22.6,365
A513,2018,19.4,365
A513,2019,18.4,365
A513,2020,19.8,366
A513,2021,18.9,365
A513,2022,19.6,295
A513,2023,19.9,361
A513,2024,23.4,278
A513,2025,19.7,289
A514,2006,21.2,201
A514,2007,23.2,362
A514,2008,23.3,366
A514,2009,24.8,365
A514,2010,23.7,365
A514,2011,25.7,365
A514,2012,27.4,299
A514,2013,27.1,354
A514,2014,27.1,318
A514,2015,21.6,365
A514,2016,27.5,366
A514,2017,21.9,360
A514,2018,22.9,365
A514,2019,24.0,365
A514,2020,23.8,366
A514,2021,23.5,365
A514,2022,23.5,365
A514,2023,27.0,358
A514,2024,25.3,366
A514,2025,35.3,289
A515,2006,21.6,172
A515,2007,18.3,362
A515,2008,21.0,366
A515,2009,21.1,365
A515,2010,22.0,365
A515,2011,17.7,365
A515,2012,21.4,366
A515,2013,19.9,365
A515,2014,20.8,365
A515,2015,19.7,365
A515,2016,21.4,282
A515,2017,17.5,365
A515,2018,19.4,349
A515,2019,20.9,330
A515,2020,20.7,366
A515,2021,19.9,365
A515,2022,23.6,365
A515,2023,18.1,365
A515,2024,16.2,366
A515,2025,16.7,289
A516,2006,24.5,167
A516,2007,21.0,362
A516,2008,25.0,366
A516,2009,23.9,365
A516,2010,20.3,331
A516,2011,23.0,365
A516,2012,23.0,360
A516,2013,20.6,365
A516,2014,24.4,365
A516,2015,22.9,365
A516,2016,22.9,341
A516,2017,24.5,358
A516,2018,17.3,83
A516,2019,20.9,161
A516,2020,18.2,198
A516,2021,20.6,365
A516,2022,20.6,330
A516,2023,24.3,360
A516,2024,21.4,366
A516,2025,20.2,289
A517,2006,23.9,124
A517,2007,23.9,362
A517,2008,25.0,366
A517,2009,21.5,365
A517,2010,21.0,365
A517,2011,18.2,358
A517,2012,23.3,366
A517,2013,22.7,365
A517,2014,22.0,359
A517,2015,19.9,365
A517,2016,24.0,350
A517,2017,18.6,292
A517,2018,20.9,364
A517,2019,19.8,365
A517,2020,21.0,366
A517,2021,21.4,365
A517,2022,22.5,360
A517,2023,22.3,365
A517,2024,20.4,342
A517,2025,20.4,282
A518,2007,23.5,217
A518,2008,24.3,366
A518,2009,23.2,365
A518,2010,25.0,354
A518,2011,24.3,364
A518,2012,23.1,366
A518,2013,21.4,365
A518,2014,24.8,365
A518,2015,23.3,365
A518,2016,27.4,366
A518,2017,25.8,365
A518,2018,20.5,365
A518,2019,24.3,344
A518,2020,19.6,366
A518,2021,23.8,365
A518,2022,25.9,365
A518,2023,25.9,365
A518,2024,23.1,366
A518,2025,27.6,288
A519,2006,19.4,171
A519,2007,19.4,362
A519,2008,24.1,366
A519,2009,19.9,365
A519,2010,22.2,364
A519,2011,24.8,365
A519,2012,21.8,366
A519,2013,24.5,365
A519,2014,19.0,365
A519,2015,24.3,329
A519,2016,20.1,366
A519,2017,20.5,365
A519,2018,18.7,365
A519,2019,24.3,365
A519,2020,24.3,366
A519,2021,22.2,365
A519,2022,19.3,365
A519,2023,22.7,362
A519,2024,20.4,362
A519,2025,21.7,289
A520,2006,23.4,167
A520,2007,23.0,362
A520,2008,25.4,366
A520,2009,23.8,365
A520,2010,24.7,365
A520,2011,23.4,365
A520,2012,20.2,348
A520,2013,22.7,286
A520,2014,22.2,365
A520,2015,24.1,365
A520,2016,21.1,366
A520,2017,22.8,337
A520,2018,22.1,365
A520,2019,23.5,363
A520,2020,22.1,366
A520,2021,22.7,365
A520,2022,24.5,364
A520,2023,23.9,364
A520,2024,23.0,357
A520,2025,22.1,289
A521,2006,21.0,83
A521,2007,22.3,359
A521,2008,19.8,360
A521,2009,21.9,365
A521,2010,22.0,365
A521,2011,22.5,365
A521,2012,18.8,364
A521,2013,20.5,365
A521,2014,17.9,365
A521,2015,19.2,365
A521,2016,25.0,366
A521,2017,23.7,365
A521,2018,22.6,365
A521,2019,21.2,365
A521,2020,18.7,366
A521,2021,20.3,365
A521,2022,24.2,365
A521,2023,17.8,365
A521,2024,19.0,366
A521,2025,17.1,289
A522,2006,16.4,133
A522,2007,22.8,362
A522,2008,17.2,366
A522,2009,10.1,365
A522,2010,19.0,333
A522,2011,22.1,310
A522,2012,16.8,366
A522,2013,19.5,365
A522,2014,16.1,365
A522,2015,22.0,320
A522,2016,15.7,304
A522,2017,16.6,310
A522,2018,22.4,365
A522,2019,18.7,365
A522,2020,20.9,347
A522,2021,15.3,272
A522,2022,20.4,132
A522,2023,16.2,360
A522,2024,17.7,233
A523,2006,20.0,132
A523,2007,16.0,340
A523,2008,18.9,366
A523,2009,22.2,365
A523,2010,19.8,365
A523,2011,20.1,365
A523,2012,16.6,366
A523,2013,20.7,365
A523,2014,17.4,365
A523,2015,22.2,365
A523,2016,20.6,355
A523,2017,18.6,298
A523,2018,18.7,331
A523,2019,20.7,365
A523,2020,19.4,366
A523,2021,16.3,337
A523,2022,20.3,365
A523,2023,15.4,365
A523,2024,15.2,303
A523,2025,14.3,189
A524,2006,24.2,137
A524,2007,20.1,362
A524,2008,17.6,366
A524,2009,18.3,365
A524,2010,19.3,365
A524,2011,23.1,365
A524,2012,20.5,366
A524,2013,18.3,365
A524,2014,20.7,365
A524,2015,18.1,343
A524,2016,20.7,328
A524,2017,18.5,342
A524,2018,19.5,365
A524,2019,18.3,365
A524,2020,21.0,366
A524,2021,20.4,365
A524,2022,20.0,349
A524,2023,17.6,320
A524,2024,16.1,366
A524,2025,19.0,289
A525,2006,23.4,117
A525,2007,23.2,362
A525,2008,21.0,366
A525,2009,21.1,365
A525,2010,22.6,365
A525,2011,19.6,365
A525,2012,21.9,366
A525,2013,24.0,365
A525,2014,23.4,348
A525,2015,23.4,326
A525,2016,19.3,366
A525,2017,17.6,365
A525,2018,20.2,365
A525,2019,23.8,365
A525,2020,17.7,366
A525,2021,16.0,356
A525,2022,17.6,365
A525,2023,17.4,365
A525,2024,20.6,366
A525,2025,20.9,289
A526,2007,18.2,186
A526,2008,18.1,366
A526,2009,8.8,364
A526,2010,12.6,365
A526,2011,10.4,365
A526,2012,10.2,366
A526,2013,10.0,365
A526,2014,16.5,330
A526,2015,19.4,322
A526,2016,18.0,321
A526,2017,17.1,358
A526,2018,18.2,365
A526,2019,24.7,365
A526,2020,18.8,366
A526,2021,21.3,365
A526,2022,16.5,365
A526,2023,18.1,259
A526,2024,21.2,360
A526,2025,15.5,160
A527,2006,17.9,129
A527,2007,24.0,362
A527,2008,21.6,366
A527,2009,18.6,363
A527,2010,23.6,365
A527,2011,19.4,363
A527,2012,16.8,366
A527,2013,18.6,365
A527,2014,17.5,365
A527,2015,15.1,289
A527,2016,22.1,363
A527,2017,20.5,365
A527,2018,21.2,365
A527,2019,20.2,365
A527,2020,24.2,366
A527,2021,18.0,299
A527,2022,21.4,292
A527,2023,20.8,365
A527,2024,18.2,322
A527,2025,16.3,175
A528,2006,20.0,129
A528,2007,18.6,362
A528,2008,21.4,366
A528,2009,18.6,365
A528,2010,20.0,365
A528,2011,19.1,365
A528,2012,16.8,366
A528,2013,19.5,365
A528,2014,17.6,365
A528,2015,21.4,365
A528,2016,23.4,280
A528,2017,16.0,365
A528,2018,18.1,365
A528,2019,16.6,365
A528,2020,19.6,363
A528,2021,19.1,365
A528,2022,18.8,364
A528,2023,19.9,365
A528,2024,21.2,305
A528,2025,17.0,289
A529,2007,21.5,153
A529,2008,24.8,290
A529,2009,24.1,365
A529,2010,21.4,365
A529,2011,23.5,362
A529,2012,21.5,365
A529,2013,23.0,365
A529,2014,20.0,365
A529,2015,19.4,332
A529,2016,20.9,265
A529,2017,23.8,363
A529,2018,21.6,363
A529,2019,24.4,365
A529,2020,23.4,366
A529,2021,20.5,365
A529,2022,21.0,365
A529,2023,24.5,365
A529,2024,23.6,366
A529,2025,22.8,258
A530,2006,14.7,34
A530,2007,18.9,362
A530,2008,20.3,366
A530,2009,21.5,365
A530,2010,20.3,365
A530,2011,18.3,365
A530,2012,17.5,366
A530,2013,17.3,365
A530,2014,21.0,365
A530,2015,21.1,365
A530,2016,21.1,353
A530,2017,18.1,365
A530,2018,17.1,365
A530,2019,17.4,365
A530,2020,15.6,366
A530,2021,17.0,365
A530,2022,18.5,351
A530,2023,21.2,365
A530,2024,20.6,366
A530,2025,23.2,88
A531,2006,12.2,31
A531,2007,18.8,277
A531,2008,15.2,366
A531,2009,18.1,365
A531,2010,22.4,365
A531,2011,17.0,365
A531,2012,14.4,366
A531,2013,14.1,365
A531,2014,16.1,365
A531,2015,14.3,365
A531,2016,22.1,366
A531,2017,16.1,365
A531,2018,16.4,365
A531,2019,15.8,365
A531,2020,16.4,366
A531,2021,20.9,365
A531,2022,13.1,365
A531,2023,17.6,361
A531,2024,16.4,334
A531,2025,12.4,275
A532,2007,21.0,214
A532,2008,21.9,366
A532,2009,25.1,365
A532,2010,28.7,365
A532,2011,22.4,365
A532,2012,25.0,365
A532,2013,23.3,358
A532,2014,16.2,328
A532,2015,25.6,252
A532,2016,21.0,366
A532,2017,23.2,365
A532,2018,28.0,365
A532,2019,20.4,365
A532,2020,21.2,366
A532,2021,15.5,235
A532,2022,19.3,356
A532,2023,26.2,365
A532,2024,22.5,366
A532,2025,24.0,289
A533,2007,16.7,210
A533,2008,21.0,366
A533,2009,24.3,365
A533,2010,20.3,365
A533,2011,19.4,365
A533,2012,23.3,366
A533,2013,21.6,365
A533,2014,19.2,365
A533,2015,24.3,365
A533,2016,17.8,366
A533,2017,18.8,365
A533,2018,22.9,365
A533,2019,23.8,365
A533,2020,24.8,366
A533,2021,21.4,365
A533,2022,23.5,365
A533,2023,24.0,365
A533,2024,21.3,366
A533,2025,17.5,229
A534,2008,15.1,24
A534,2009,22.2,349
A534,2010,22.7,214
A534,2011,24.9,365
A534,2012,22.9,151
A534,2013,20.0,365
A534,2014,16.3,365
A534,2015,24.0,365
A534,2016,21.6,366
A534,2017,21.7,361
A534,2018,24.2,293
A534,2019,22.4,365
A534,2020,21.3,140
A534,2021,17.1,365
A534,2022,21.0,331
A534,2023,22.3,324
A535,2008,12.4,188
A535,2009,20.1,365
A535,2010,14.0,365
A535,2011,14.4,365
A535,2012,14.4,366
A535,2013,20.1,365
A535,2014,14.0,365
A535,2015,20.8,365
A535,2016,15.9,366
A535,2017,12.9,365
A535,2018,17.1,361
A535,2019,15.4,365
A535,2020,16.8,366
A535,2021,15.5,328
A535,2022,15.0,365
A535,2023,19.3,362
A535,2024,17.6,366
A535,2025,19.4,289
A536,2007,23.3,211
A536,2008,24.6,366
A536,2009,25.0,364
A536,2010,22.2,364
A536,2011,23.8,365
A536,2012,22.3,365
A536,2013,24.5,365
A536,2014,23.7,365
A536,2015,21.1,357
A536,2016,24.4,339
A536,2017,23.3,362
A536,2018,20.7,360
A536,2019,22.2,365
A536,2020,24.8,366
A536,2021,23.5,320
A536,2022,22.9,365
A536,2023,24.6,341
A536,2024,21.9,366
A536,2025,22.3,289
A537,2007,18.8,207
A537,2008,19.6,366
A537,2009,19.5,365
A537,2010,23.6,363
A537,2011,22.9,365
A537,2012,23.3,366
A537,2013,18.5,365
A537,2014,18.4,365
A537,2015,20.6,365
A537,2016,18.9,366
A537,2017,22.0,365
A537,2018,19.1,363
A537,2019,20.8,365
A537,2020,17.4,366
A537,2021,20.6,365
A537,2022,22.0,365
A537,2023,21.3,346
A537,2024,21.8,366
A537,2025,17.5,289
A538,2006,21.2,14
A538,2007,18.7,362
A538,2008,18.0,366
A538,2009,20.0,365
A538,2010,20.9,365
A538,2011,21.6,365
A538,2012,21.3,366
A538,2013,19.4,365
A538,2014,18.3,365
A538,2015,22.6,365
A538,2016,19.0,366
A538,2017,23.8,365
A538,2018,21.4,365
A538,2019,19.9,365
A538,2020,21.6,366
A538,2021,20.3,310
A538,2022,17.3,365
A538,2023,21.8,365
A538,2024,18.4,272
A538,2025,16.5,289
A539,2007,12.8,49
A539,2008,20.3,366
A539,2009,20.2,365
A539,2010,18.0,365
A539,2011,16.4,365
A539,2012,17.1,366
A539,2013,18.5,292
A539,2014,14.3,322
A539,2015,15.4,365
A539,2016,23.4,366
A539,2017,17.9,365
A539,2018,17.5,365
A539,2019,20.1,365
A539,2020,15.1,366
A539,2021,17.6,365
A539,2022,14.4,365
A539,2023,22.8,365
A539,2024,17.2,366
A539,2025,15.7,289
A540,2007,14.7,150
A540,2008,17.9,366
A540,2009,21.8,365
A540,2010,17.3,359
A540,2011,20.1,365
A540,2012,17.7,366
A540,2013,15.5,365
A540,2014,24.1,365
A540,2015,18.3,365
A540,2016,18.5,366
A540,2017,17.6,365
A540,2018,17.6,365
A540,2019,19.7,347
A540,2020,20.2,366
A540,2021,16.3,365
A540,2022,21.5,365
A540,2023,21.3,365
A540,2024,18.1,366
A540,2025,15.5,289
A541,2007,22.7,120
A541,2008,18.7,366
A541,2009,19.5,365
A541,2010,21.3,365
A541,2011,17.2,365
A541,2012,20.3,366
A541,2013,17.6,365
A541,2014,16.5,365
A541,2015,19.7,365
A541,2016,24.0,287
A541,2017,17.1,365
A541,2018,18.5,365
A541,2019,19.4,365
A541,2020,19.1,363
A541,2021,19.6,365
A541,2022,17.1,284
A541,2023,21.6,365
A541,2024,22.9,366
A541,2025,24.0,44
A542,2007,23.4,196
A542,2008,22.3,366
A542,2009,20.1,365
A542,2010,24.6,365
A542,2011,19.5,363
A542,2012,19.6,363
A542,2013,23.0,315
A542,2014,18.7,365
A542,2015,19.8,346
A542,2016,20.5,366
A542,2017,16.3,365
A542,2018,19.6,365
A542,2019,21.7,365
A542,2020,18.8,366
A542,2021,21.1,364
A542,2022,19.9,365
A542,2023,23.5,360
A542,2024,18.5,366
A542,2025,18.0,289
A543,2007,19.4,47
A543,2008,19.0,366
A543,2009,23.6,365
A543,2010,19.3,365
A543,2011,19.0,365
A543,2012,19.1,366
A543,2013,18.5,363
A543,2014,20.2,344
A543,2015,22.8,365
A543,2016,17.4,366
A543,2017,19.5,359
A543,2018,21.7,365
A543,2019,18.8,190
A543,2022,20.0,175
A543,2024,14.5,280
A543,2025,12.8,106
A544,2007,20.7,193
A544,2008,19.8,366
A544,2009,27.6,365
A544,2010,20.7,365
A544,2011,22.3,365
A544,2012,22.3,366
A544,2013,22.2,365
A544,2014,23.6,365
A544,2015,20.4,365
A544,2016,20.3,366
A544,2017,20.7,224
A544,2018,18.9,321
A544,2019,23.0,363
A544,2020,20.5,363
A544,2021,22.9,153
A544,2022,21.3,177
A544,2023,21.1,362
A544,2024,20.8,269
A545,2007,20.0,178
A545,2008,19.0,366
A545,2009,19.3,365
A545,2010,17.9,360
A545,2011,17.0,365
A545,2012,21.6,366
A545,2013,17.9,365
A545,2014,17.4,365
A545,2015,16.0,336
A545,2016,17.9,366
A545,2017,21.4,356
A545,2018,19.2,365
A545,2019,21.8,349
A545,2020,17.2,366
A545,2021,15.7,365
A545,2022,15.1,365
A545,2023,18.3,359
A545,2024,15.2,366
A545,2025,13.7,289
A546,2007,21.1,170
A546,2008,21.8,366
A546,2009,19.6,365
A546,2010,19.8,365
A546,2011,23.7,365
A546,2012,24.3,366
A546,2013,22.1,365
A546,2014,15.6,365
A546,2015,17.6,295
A546,2016,16.6,220
A546,2017,23.6,365
A546,2018,16.6,343
A546,2019,20.0,365
A546,2020,17.9,366
A546,2021,15.7,74
A546,2022,18.6,177
A546,2023,14.9,365
A546,2024,16.7,366
A546,2025,15.0,247
A547,2007,19.7,183
A547,2008,18.8,366
A547,2009,26.5,365
A547,2010,16.4,363
A547,2011,19.3,365
A547,2012,20.9,366
A547,2013,16.3,351
A547,2014,24.8,365
A547,2015,24.8,329
A547,2016,22.3,366
A547,2017,19.4,365
A547,2018,17.8,365
A547,2019,22.5,365
A547,2020,16.2,176
A547,2021,17.4,365
A547,2022,18.9,278
A547,2023,19.0,365
A547,2024,16.2,360
A547,2025,14.0,105
A548,2007,17.0,189
A548,2008,17.5,366
A548,2009,20.4,365
A548,2010,23.0,352
A548,2011,19.3,362
A548,2012,19.2,366
A548,2013,19.7,365
A548,2014,19.6,364
A548,2015,21.8,365
A548,2016,20.8,317
A548,2017,24.0,365
A548,2018,20.5,262
A548,2019,20.7,358
A548,2020,16.9,366
A548,2021,24.4,363
A548,2022,18.0,365
A548,2023,22.6,365
A548,2024,21.2,333
A548,2025,12.9,28
A549,2007,19.7,111
A549,2008,21.5,366
A549,2009,18.2,365
A549,2010,22.3,365
A549,2011,19.9,362
A549,2012,18.6,366
A549,2013,25.0,215
A549,2014,19.3,323
A549,2015,20.3,364
A549,2016,19.0,327
A549,2017,18.3,361
A549,2018,19.5,352
A549,2019,20.3,343
A549,2020,18.1,288
A549,2021,17.4,363
A549,2022,22.7,364
A549,2023,17.5,365
A549,2024,21.0,366
A549,2025,16.3,289
A550,2007,15.4,115
A550,2008,19.4,366
A550,2009,17.1,365
A550,2010,19.2,365
A550,2011,17.0,365
A550,2012,14.8,366
A550,2013,16.2,365
A550,2014,17.5,365
A550,2015,18.6,342
A550,2016,17.9,366
A550,2017,17.5,365
A550,2018,24.7,365
A550,2019,19.1,365
A550,2020,20.7,366
A550,2021,21.0,365
A550,2022,18.3,365
A550,2023,22.8,365
A550,2024,19.9,366
A550,2025,14.2,144
A551,2007,16.7,43
A551,2008,22.6,366
A551,2009,22.4,365
A551,2010,22.1,365
A551,2011,17.8,364
A551,2012,17.6,322
A551,2013,15.2,365
A551,2014,19.1,365
A551,2015,17.9,365
A551,2016,17.4,366
A551,2017,20.9,364
A551,2018,17.8,360
A551,2019,23.7,365
A551,2020,17.5,363
A551,2021,19.1,353
A551,2022,15.5,309
A551,2023,15.2,365
A551,2024,14.8,366
A551,2025,21.0,289
A552,2007,18.7,106
A552,2008,18.8,366
A552,2009,18.2,365
A552,2010,22.7,365
A552,2011,19.3,364
A552,2012,22.1,364
A552,2013,18.0,365
A552,2014,19.0,365
A552,2015,22.2,365
A552,2016,21.3,366
A552,2017,20.5,365
A552,2018,19.5,365
A552,2019,17.9,365
A552,2020,15.8,366
A552,2021,18.2,352
A552,2022,17.4,365
A552,2023,19.0,365
A552,2024,20.1,366
A552,2025,13.2,289
A553,2007,19.0,174
A553,2008,19.1,366
A553,2009,24.9,365
A553,2010,22.8,358
A553,2011,17.1,354
A553,2012,19.8,366
A553,2013,21.1,365
A553,2014,23.6,365
A553,2015,23.2,364
A553,2016,22.7,300
A553,2017,23.9,364
A553,2018,22.3,365
A553,2019,22.6,358
A553,2020,17.7,366
A553,2021,21.4,364
A553,2022,21.1,267
A553,2023,21.9,365
A553,2024,17.3,357
A553,2025,15.7,289
A554,2007,15.1,220
A554,2008,23.3,366
A554,2009,17.4,365
A554,2010,24.6,365
A554,2011,18.0,365
A554,2012,19.5,366
A554,2013,21.6,332
A554,2014,17.3,365
A554,2015,17.7,365
A554,2016,18.1,366
A554,2017,21.7,365
A554,2018,22.1,329
A554,2019,20.0,365
A554,2020,22.3,202
A554,2021,17.7,365
A554,2022,16.4,365
A554,2023,20.8,363
A554,2024,14.8,366
A554,2025,17.1,289
A555,2008,22.0,209
A555,2009,24.1,365
A555,2010,24.6,365
A555,2011,23.7,365
A555,2012,21.7,366
A555,2013,21.7,365
A555,2014,24.5,365
A555,2015,24.7,365
A555,2016,23.1,366
A555,2017,21.9,365
A555,2018,23.7,365
A555,2019,24.0,365
A555,2020,21.2,366
A555,2021,22.1,365
A555,2022,21.8,365
A555,2023,23.5,315
A555,2024,20.4,366
A555,2025,21.4,289
A556,2010,21.2,95
A556,2011,21.1,282
A556,2012,20.7,366
A556,2013,22.8,365
A556,2014,24.9,365
A556,2015,18.9,365
A556,2016,21.3,366
A556,2017,16.3,227
A556,2018,22.4,365
A556,2019,21.0,359
A556,2020,17.0,344
A556,2021,16.7,343
A556,2022,21.8,365
A556,2023,20.9,365
A556,2024,23.8,366
A556,2025,17.6,289
A557,2012,20.1,74
A557,2013,20.5,361
A557,2014,22.7,365
A557,2015,22.5,365
A557,2016,16.9,366
A557,2017,22.8,333
A557,2018,21.8,365
A557,2019,20.0,365
A557,2020,22.8,362
A557,2021,21.1,365
A557,2022,23.0,365
A557,2023,18.5,365
A557,2024,24.8,366
A557,2025,22.2,289
A559,2016,10.1,4
A559,2017,16.2,310
A559,2018,15.7,365
A559,2019,17.1,294
A559,2020,16.8,354
A559,2021,18.1,365
A559,2022,19.1,365
A559,2023,19.1,254
A559,2024,17.4,299
A559,2025,15.9,289
A560,2015,20.6,129
A560,2016,21.7,366
A560,2017,18.3,364
A560,2018,12.0,13
A560,2022,18.9,309
A560,2023,19.2,198
A560,2024,19.4,366
A560,2025,18.8,289
A561,2015,18.8,136
A561,2016,18.4,366
A561,2017,23.1,364
A561,2018,19.1,365
A561,2019,20.2,365
A561,2020,22.3,366
A561,2021,18.4,62
A561,2022,19.9,250
A561,2023,23.6,365
A561,2024,24.4,366
A561,2025,17.5,216
A562,2017,17.8,175
A562,2018,23.0,352
A562,2019,17.8,365
A562,2020,16.9,311
A562,2021,18.8,250
A562,2022,26.3,174
A562,2023,17.1,135
A562,2024,21.2,366
A562,2025,15.1,287
A563,2016,16.5,41
A563,2017,21.2,352
A563,2018,19.5,365
A563,2019,20.5,327
A563,2020,18.1,366
A563,2021,18.8,334
A563,2022,17.8,261
A563,2023,17.0,243
A563,2024,17.5,317
A563,2025,21.6,280
A564,2017,20.7,63
A564,2018,18.9,321
A564,2019,21.8,365
A564,2020,25.0,366
A564,2021,21.0,365
A564,2022,15.1,208
A564,2023,22.9,196
A564,2024,18.3,216
A564,2025,18.1,187
A565,2016,16.3,38
A565,2017,22.6,365
A565,2018,18.5,365
A565,2019,22.4,365
A565,2020,24.0,366
A565,2021,23.8,361
A565,2022,22.3,365
A565,2023,23.7,365
A565,2024,35.4,321
A565,2025,17.9,289
A566,2017,18.7,224
A566,2018,18.0,365
A566,2019,22.7,365
A566,2020,18.6,366
A566,2021,17.5,365
A566,2022,19.4,365
A566,2023,18.6,365
A566,2024,18.9,349
A566,2025,19.7,289
A567,2017,26.0,164
A567,2018,23.6,365
A567,2019,23.0,365
A567,2020,22.9,324
A567,2021,14.2,11
A567,2022,23.7,294
A567,2023,20.9,315
A567,2024,46.0,356
A567,2025,34.0,289
A568,2017,17.7,228
A568,2018,23.8,329
A568,2019,24.7,364
A568,2020,23.1,297
A568,2021,24.1,363
A568,2022,23.8,365
A568,2023,19.3,150
A568,2024,20.2,326
A568,2025,16.4,109
A569,2016,14.5,160
A569,2017,17.8,258
A569,2018,20.5,305
A569,2019,22.4,263
A569,2020,16.7,271
A569,2021,20.2,201
A569,2022,19.6,365
A569,2023,23.8,360
A569,2024,19.4,353
A569,2025,23.6,289
A570,2017,13.0,23
A570,2018,17.6,168
A570,2019,25.8,235
A570,2020,29.0,131
A570,2021,24.5,365
A570,2022,22.3,365
A570,2023,23.1,365
A570,2024,38.1,366
A570,2025,22.3,289
A571,2018,19.2,292
A571,2019,17.5,353
A571,2020,17.2,338
A571,2021,20.1,157
A571,2022,17.9,129
A571,2023,22.2,357
A571,2024,27.5,366
A571,2025,18.8,152
A572,2025,19.9,38
A601,2000,25.0,210
A601,2001,19.4,294
A601,2002,23.8,335
A601,2003,22.5,364
A601,2004,15.0,249
A601,2005,16.0,358
A601,2006,18.6,347
A601,2007,19.0,362
A601,2008,25.0,365
A601,2009,24.8,221
A601,2010,10.8,280
A601,2011,16.3,365
A601,2012,29.5,366
A601,2013,24.5,365
A601,2014,27.7,365
A601,2015,20.1,365
A601,2016,23.3,366
A601,2017,18.9,365
A601,2018,24.3,365
A601,2019,23.3,365
A601,2020,19.1,366
A601,2021,17.0,365
A601,2022,17.2,365
A601,2023,19.8,365
A601,2024,23.6,366
A601,2025,18.5,289
A602,2002,25.0,55
A602,2003,23.3,60
A602,2004,20.4,366
A602,2005,22.9,348
A602,2006,24.5,231
A602,2007,23.7,319
A602,2008,18.1,225
A602,2009,25.5,315
A602,2010,22.8,365
A602,2011,26.1,361
A602,2012,20.8,366
A602,2013,27.2,365
A602,2014,24.1,355
A602,2015,23.7,365
A602,2016,24.9,362
A602,2017,26.9,347
A602,2018,28.2,365
A602,2019,32.2,365
A602,2020,23.0,147
A602,2021,21.5,208
A602,2022,23.4,365
A602,2023,24.7,360
A602,2024,23.3,366
A602,2025,21.3,246
A603,2002,0.9,56
A603,2003,13.6,270
A603,2004,14.6,59
A603,2005,13.3,327
A603,2006,15.6,307
A603,2007,22.1,323
A603,2008,23.9,322
A603,2009,24.7,226
A603,2010,20.9,363
A603,2011,17.5,276
A603,2012,17.5,366
A603,2013,20.6,361
A603,2014,25.6,315
A603,2015,16.2,365
A603,2016,25.1,366
A603,2017,25.1,365
A603,2018,23.5,365
A603,2019,16.2,365
A603,2020,18.8,366
A603,2021,17.7,365
A603,2022,17.8,365
A603,2023,27.7,322
A603,2024,16.9,266
A603,2025,15.8,289
A604,2002,11.3,22
A604,2003,19.7,359
A604,2008,19.1,134
A604,2009,17.2,72
A604,2010,7.9,282
A604,2011,7.2,365
A604,2012,16.6,366
A604,2013,20.4,365
A604,2014,19.8,365
A604,2015,19.0,304
A604,2016,18.4,366
A604,2017,16.4,365
A604,2018,16.8,365
A604,2019,19.3,365
A604,2020,18.2,366
A604,2021,14.9,267
A604,2022,18.1,268
A604,2023,19.0,365
A604,2024,15.2,176
A604,2025,15.8,289
A605,2003,19.6,260
A605,2004,11.1,7
A605,2005,21.3,80
A605,2006,20.1,135
A605,2007,17.7,362
A605,2008,19.3,364
A605,2009,15.7,197
A606,2006,20.5,100
A606,2007,23.1,362
A606,2008,23.4,365
A606,2009,20.2,361
A606,2010,24.6,365
A606,2011,19.9,365
A606,2012,24.5,297
A606,2013,22.3,365
A606,2014,28.4,362
A606,2015,27.1,365
A606,2016,25.5,366
A606,2017,30.1,336
A606,2018,22.0,363
A606,2019,27.2,338
A606,2020,23.6,359
A606,2021,23.1,359
A606,2022,25.6,354
A606,2023,26.5,335
A606,2024,33.9,284
A606,2025,22.7,289
A607,2006,17.3,98
A607,2007,18.4,85
A607,2008,24.5,315
A607,2009,18.9,365
A607,2010,23.0,360
A607,2011,31.8,364
A607,2012,29.8,366
A607,2013,21.5,349
A607,2014,18.9,276
A607,2015,21.5,365
A607,2016,18.8,366
A607,2017,25.0,306
A607,2018,26.0,365
A607,2019,24.5,365
A607,2020,20.6,366
A607,2021,19.5,365
A607,2022,21.9,365
A607,2023,25.5,322
A607,2024,36.3,276
A607,2025,16.4,29
A608,2006,17.4,97
A608,2007,18.5,365
A608,2008,19.2,349
A608,2009,20.4,365
A608,2010,20.5,365
A608,2011,15.9,334
A608,2012,32.9,335
A608,2013,32.9,298
A608,2014,17.2,365
A608,2015,17.4,365
A608,2016,18.9,366
A608,2017,17.5,361
A608,2018,17.1,364
A608,2019,20.7,365
A608,2020,17.1,366
A608,2021,18.2,314
A608,2022,19.0,365
A608,2023,22.4,365
A608,2024,18.0,357
A608,2025,15.8,289
A609,2006,20.5,94
A609,2007,21.6,365
A609,2008,43.0,365
A609,2009,22.3,364
A609,2010,22.6,365
A609,2011,25.0,365
A609,2012,26.2,361
A609,2013,30.7,287
A609,2014,22.4,284
A609,2015,30.6,353
A609,2016,23.5,353
A609,2017,27.3,363
A609,2018,22.5,365
A609,2019,23.8,342
A609,2020,23.1,366
A609,2021,28.4,365
A609,2022,24.0,346
A609,2023,35.5,365
A609,2024,24.2,366
A609,2025,28.9,289
A610,2006,24.3,65
A610,2007,25.0,365
A610,2008,24.8,366
A610,2009,24.9,270
A610,2010,30.3,308
A610,2011,33.0,365
A610,2012,43.0,366
A610,2013,37.9,278
A610,2014,25.8,264
A610,2015,27.1,218
A610,2016,23.7,200
A610,2017,28.3,364
A610,2018,39.4,364
A610,2019,30.9,194
A610,2020,19.9,26
A610,2021,24.7,134
A610,2022,30.1,314
A610,2023,26.9,365
A610,2024,26.9,366
A610,2025,26.0,169
A611,2006,13.4,97
A611,2007,20.0,365
A611,2008,24.5,366
A611,2009,14.9,365
A611,2010,21.4,364
A611,2011,16.6,362
A611,2012,21.8,366
A611,2013,21.5,365
A611,2014,15.1,365
A611,2015,22.0,330
A611,2016,26.4,313
A611,2017,17.9,364
A611,2018,16.5,365
A611,2019,27.9,365
A611,2020,17.3,268
A611,2021,19.4,365
A611,2022,18.4,365
A611,2023,19.4,365
A611,2024,20.1,366
A611,2025,19.9,162
A612,2006,16.0,62
A612,2007,17.7,365
A612,2008,22.7,365
A612,2009,15.5,365
A612,2010,16.1,365
A612,2011,21.5,365
A612,2012,16.3,366
A612,2013,21.1,365
A612,2014,14.8,365
A612,2015,14.7,342
A612,2016,16.9,366
A612,2017,23.6,365
A612,2018,14.5,365
A612,2019,15.5,365
A612,2020,13.8,335
A612,2021,15.0,353
A612,2022,16.3,360
A612,2023,13.1,365
A612,2024,18.5,302
A612,2025,14.7,243
A613,2007,16.7,143
A613,2008,18.2,366
A613,2009,19.1,365
A613,2010,21.9,346
A613,2011,21.2,365
A613,2012,16.3,366
A613,2013,15.3,350
A613,2014,15.4,363
A613,2015,18.9,350
A613,2016,17.9,363
A613,2017,13.2,365
A613,2018,16.6,314
A613,2019,17.7,361
A613,2020,19.3,366
A613,2021,21.1,362
A613,2022,21.4,363
A613,2023,17.8,365
A613,2024,20.3,366
A613,2025,17.1,289
A614,2006,19.5,67
A614,2007,19.8,365
A614,2008,18.3,365
A614,2009,20.2,365
A614,2010,18.9,364
A614,2011,17.8,364
A614,2012,16.9,366
A614,2013,19.7,350
A614,2014,21.1,365
A614,2015,17.3,365
A614,2016,17.4,366
A614,2017,18.7,344
A614,2018,18.5,341
A614,2019,19.1,313
A614,2020,39.5,366
A614,2021,24.9,365
A614,2022,19.8,365
A614,2023,18.6,365
A614,2024,25.1,259
A615,2006,16.9,60
A615,2007,16.7,365
A615,2008,18.2,364
A615,2009,21.5,365
A615,2010,20.4,365
A615,2011,24.3,365
A615,2012,22.7,366
A615,2013,17.9,365
A615,2014,22.9,359
A615,2015,22.8,365
A615,2016,18.0,366
A615,2017,16.6,288
A615,2018,22.2,365
A615,2019,20.6,365
A615,2020,20.7,274
A615,2021,24.1,365
A615,2022,20.5,365
A615,2023,30.7,310
A615,2024,23.0,366
A615,2025,17.3,288
A616,2006,13.9,68
A616,2007,19.4,342
A616,2008,21.7,192
A616,2009,18.4,365
A616,2010,14.3,355
A616,2011,19.0,365
A616,2012,15.9,366
A616,2013,14.9,365
A616,2014,17.3,364
A616,2015,16.9,365
A616,2016,14.4,366
A616,2017,14.2,324
A616,2018,15.0,365
A616,2019,14.9,365
A616,2020,15.7,366
A616,2021,14.2,365
A616,2022,15.3,365
A616,2023,14.1,365
A616,2024,21.5,366
A616,2025,14.3,289
A617,2006,25.0,68
A617,2007,15.2,365
A617,2008,21.7,365
A617,2009,24.0,365
A617,2010,16.4,364
A617,2011,17.2,339
A617,2012,22.5,366
A617,2013,17.2,365
A617,2014,16.9,365
A617,2015,17.9,365
A617,2016,22.1,318
A617,2017,20.0,365
A617,2018,22.7,365
A617,2019,17.6,365
A617,2020,16.4,200
A617,2021,24.3,365
A617,2022,16.6,365
A617,2023,17.0,365
A617,2024,19.0,366
A617,2025,13.0,191
A618,2006,12.8,61
A618,2007,20.6,365
A618,2008,15.8,366
A618,2009,20.7,365
A618,2010,20.7,365
A618,2011,16.1,364
A618,2012,15.4,366
A618,2013,17.2,365
A618,2014,18.5,365
A618,2015,20.1,365
A618,2016,13.4,355
A618,2017,16.3,365
A618,2018,14.8,363
A618,2019,16.1,365
A618,2020,18.1,366
A618,2021,14.4,365
A618,2022,16.1,358
A618,2023,16.8,278
A618,2024,11.2,362
A618,2025,19.3,91
A619,2006,15.3,26
A619,2007,19.8,364
A619,2008,15.6,360
A619,2009,23.8,365
A619,2010,17.9,365
A619,2011,19.6,365
A619,2012,21.0,364
A619,2013,20.7,318
A619,2014,20.7,365
A619,2015,20.1,346
A619,2016,20.0,362
A619,2017,19.0,365
A619,2018,23.1,365
A619,2019,18.0,365
A619,2020,19.3,365
A619,2021,15.8,205
A619,2022,21.6,365
A619,2023,20.7,365
A619,2024,18.3,366
A619,2025,18.8,289
A620,2008,19.4,202
A620,2009,17.5,365
A620,2010,20.4,365
A620,2011,18.8,365
A620,2012,20.5,366
A620,2013,23.3,365
A620,2014,21.2,355
A620,2015,21.2,120
A620,2016,21.1,361
A620,2017,20.8,365
A620,2018,19.0,365
A620,2019,19.1,365
A620,2020,20.1,365
A620,2021,18.9,364
A620,2022,19.9,313
A620,2023,19.1,364
A620,2024,19.4,307
A620,2025,19.0,276
A621,2007,18.5,259
A621,2008,32.6,365
A621,2009,26.2,347
A621,2010,22.1,362
A621,2011,18.1,363
A621,2012,22.8,331
A621,2013,29.7,365
A621,2014,24.2,365
A621,2015,23.1,365
A621,2016,22.9,366
A621,2017,20.4,364
A621,2018,20.3,365
A621,2019,21.7,365
A621,2020,16.4,366
A621,2021,18.5,365
A621,2022,16.4,365
A621,2023,20.2,364
A621,2024,22.8,366
A621,2025,18.7,289
A622,2008,20.9,190
A622,2009,23.4,365
A622,2010,23.2,365
A622,2011,22.3,350
A622,2012,23.5,366
A622,2013,25.0,350
A622,2014,22.0,315
A622,2015,20.9,357
A622,2016,23.5,366
A622,2017,20.5,365
A622,2018,19.1,365
A622,2019,23.5,365
A622,2020,21.1,259
A622,2021,24.5,365
A622,2022,23.4,365
A622,2023,23.0,365
A622,2024,27.2,273
A622,2025,21.7,289
A623,2008,18.6,192
A623,2009,14.7,365
A623,2010,24.5,365
A623,2011,18.3,364
A623,2012,18.6,366
A623,2013,24.9,365
A623,2014,16.5,365
A623,2015,23.3,365
A623,2016,23.3,366
A623,2017,19.8,361
A623,2018,15.9,357
A623,2019,14.9,365
A623,2020,19.8,366
A623,2021,13.4,360
A623,2022,20.0,365
A623,2023,13.0,26
A624,2010,18.7,103
A624,2011,18.0,336
A624,2012,18.8,366
A624,2013,20.5,365
A624,2014,16.9,332
A624,2015,19.2,365
A624,2016,21.5,366
A624,2017,17.4,353
A624,2018,17.7,321
A624,2019,18.1,365
A624,2020,24.7,113
A624,2021,16.6,146
A624,2022,16.5,365
A624,2023,23.3,365
A624,2024,16.0,366
A624,2025,18.0,289
A625,2016,19.1,205
A625,2017,14.0,365
A625,2018,14.7,365
A625,2019,16.8,351
A625,2020,21.2,366
A625,2021,19.5,361
A625,2022,17.8,317
A625,2023,17.4,364
A625,2024,16.1,366
A625,2025,8.6,163
A626,2016,20.4,208
A626,2017,24.3,284
A626,2018,19.6,312
A626,2019,20.0,365
A626,2020,19.1,295
A626,2021,20.7,296
A626,2022,19.7,364
A626,2023,17.9,64
A627,2018,13.9,171
A627,2019,19.2,365
A627,2020,14.3,365
A627,2021,18.4,355
A627,2022,17.5,340
A627,2023,17.6,347
A627,2024,16.2,364
A627,2025,14.7,289
A628,2017,17.2,129
A628,2018,15.9,365
A628,2019,30.8,365
A628,2020,13.5,271
A628,2021,16.4,365
A628,2022,16.8,365
A628,2023,15.9,365
A628,2024,17.5,347
A628,2025,15.5,289
A629,2018,15.3,78
A629,2019,15.3,365
A629,2020,17.0,366
A629,2021,13.7,365
A629,2022,14.1,365
A629,2023,23.5,365
A629,2024,15.0,340
A629,2025,11.1,229
A630,2018,11.8,77
A630,2019,12.1,264
A630,2020,18.7,351
A630,2021,13.3,329
A630,2022,15.9,362
A630,2023,14.3,356
A630,2024,11.0,346
A630,2025,11.4,289
A631,2017,16.9,290
A631,2018,31.0,365
A631,2019,22.4,365
A631,2020,48.6,366
A631,2021,14.6,350
A631,2022,18.8,256
A631,2023,23.1,210
A631,2024,16.8,308
A631,2025,20.3,164
A632,2017,16.7,284
A632,2018,18.1,365
A632,2019,18.4,365
A632,2020,15.2,366
A632,2021,16.4,362
A632,2022,16.1,365
A632,2023,46.3,365
A632,2024,19.0,236
A632,2025,16.3,289
A633,2017,13.8,286
A633,2018,10.9,227
A633,2019,12.3,348
A633,2020,12.5,349
A633,2021,18.4,17
A633,2022,11.5,103
A633,2023,11.9,353
A633,2024,11.9,366
A633,2025,12.0,289
A634,2017,16.8,240
A634,2018,17.8,365
A634,2019,16.8,340
A634,2020,16.2,359
A634,2021,15.9,297
A634,2022,20.3,365
A634,2023,16.4,365
A634,2024,16.1,366
A634,2025,17.2,289
A635,2017,24.4,91
A635,2018,26.2,208
A635,2019,26.1,328
A635,2020,25.7,354
A635,2021,31.0,357
A635,2022,23.9,68
A636,2017,16.5,143
A636,2018,19.4,365
A636,2019,20.3,365
A636,2020,30.0,365
A636,2021,18.7,365
A636,2022,15.9,365
A636,2023,19.7,365
A636,2024,15.8,366
A636,2025,16.0,273
A637,2022,15.5,52
A637,2023,15.4,365
A637,2024,19.3,366
A637,2025,16.8,289
A651,2007,19.6,153
A652,2007,24.4,225
A652,2008,24.1,364
A652,2009,32.1,365
A652,2010,25.8,362
A652,2011,23.7,364
A652,2012,24.3,366
A652,2013,25.9,365
A652,2014,26.9,353
A652,2015,22.9,365
A652,2016,34.1,366
A652,2017,28.2,365
A652,2018,29.0,365
A652,2019,30.6,365
A652,2020,22.3,354
A652,2021,21.6,365
A652,2022,26.0,361
A652,2023,25.5,365
A652,2024,24.1,312
A652,2025,22.4,289
A653,2007,20.9,137
A654,2007,22.0,226
A654,2008,19.9,366
A654,2009,27.2,365
A654,2010,18.5,333
A654,2011,17.8,365
A654,2012,20.1,300
A654,2013,21.0,162
A655,2007,16.4,79
A656,2007,14.9,134
A657,2011,24.2,95
A657,2012,23.6,366
A657,2013,24.2,365
A657,2014,22.2,365
A657,2015,21.1,365
A657,2016,18.1,312
A657,2017,18.9,365
A657,2018,23.1,323
A657,2019,19.6,365
A657,2020,21.4,172
A657,2021,19.6,337
A657,2022,21.6,364
A657,2023,19.1,365
A657,2024,40.0,366
A657,2025,15.8,289
A659,2015,13.9,121
A659,2016,15.2,366
A659,2017,23.6,364
A659,2018,15.9,365
A659,2019,18.3,365
A659,2020,23.6,366
A659,2021,16.6,365
A659,2022,16.7,365
A659,2023,19.0,365
A659,2024,15.5,366
A659,2025,14.5,289
A667,2015,21.2,120
A667,2016,20.2,361
A667,2017,16.7,338
A667,2018,22.0,365
A667,2019,22.0,365
A667,2020,23.0,366
A667,2021,17.8,364
A667,2022,21.1,365
A667,2023,27.0,365
A667,2024,19.1,363
A667,2025,21.9,289
A701,2006,22.6,160
A701,2007,20.4,365
A701,2008,23.4,359
A701,2009,23.7,365
A701,2010,28.2,365
A701,2011,26.6,365
A701,2012,24.3,362
A701,2013,19.9,365
A701,2014,20.6,358
A701,2015,22.5,365
A701,2016,23.5,364
A701,2017,22.1,364
A701,2018,21.6,365
A701,2019,24.6,365
A701,2020,19.1,366
A701,2021,19.5,339
A701,2022,18.5,365
A701,2023,25.0,364
A701,2024,20.7,366
A701,2025,19.2,289
A702,2001,18.0,112
A702,2002,22.6,138
A702,2003,20.6,39
A702,2004,20.7,366
A702,2005,20.9,358
A702,2006,24.1,359
A702,2007,23.7,322
A702,2008,22.4,366
A702,2009,23.0,365
A702,2010,20.0,364
A702,2011,21.6,237
A702,2012,23.1,366
A702,2013,24.1,365
A702,2014,24.3,365
A702,2015,23.7,365
A702,2016,24.0,366
A702,2017,22.9,365
A702,2018,20.5,365
A702,2019,24.5,365
A702,2020,22.2,366
A702,2021,28.4,365
A702,2022,23.5,336
A702,2023,25.9,365
A702,2024,20.9,366
A702,2025,18.4,289
A703,2001,16.9,117
A703,2002,22.3,168
A703,2003,22.1,47
A703,2005,17.3,109
A703,2006,22.6,358
A703,2007,20.1,365
A703,2008,17.2,366
A703,2009,20.2,365
A703,2010,17.5,365
A703,2011,19.4,341
A703,2012,21.3,366
A703,2013,19.9,365
A703,2014,20.4,365
A703,2015,21.7,365
A703,2016,19.7,366
A703,2017,18.7,365
A703,2018,20.0,365
A703,2019,19.4,331
A703,2022,20.7,74
A703,2023,20.8,365
A703,2024,17.6,366
A703,2025,19.6,289
A704,2001,24.9,120
A704,2002,17.7,292
A704,2003,20.6,146
A704,2004,16.1,40
A704,2005,24.2,352
A704,2006,18.8,358
A704,2007,15.5,364
A704,2008,22.4,305
A704,2009,18.7,211
A704,2010,18.2,213
A704,2011,20.9,229
A704,2012,19.9,366
A704,2013,23.7,365
A704,2014,23.9,365
A704,2015,21.4,365
A704,2016,18.5,294
A704,2017,23.9,285
A704,2018,24.8,365
A704,2019,23.2,190
A704,2022,18.7,95
A704,2023,25.1,365
A704,2024,19.6,366
A704,2025,20.3,289
A705,2001,14.9,124
A705,2002,20.1,253
A705,2003,17.2,334
A705,2004,15.9,104
A705,2005,13.2,329
A705,2006,13.2,223
A705,2007,17.3,236
A705,2008,18.3,366
A705,2009,17.9,166
A705,2010,19.0,324
A705,2011,19.6,365
A705,2012,18.3,366
A705,2013,17.2,293
A705,2014,20.3,326
A705,2015,19.4,365
A705,2016,19.7,365
A705,2017,22.4,365
A705,2018,23.8,363
A705,2019,19.6,365
A705,2020,18.2,366
A705,2021,17.5,365
A705,2022,20.4,362
A705,2023,24.7,365
A705,2024,21.2,366
A705,2025,22.2,289
A706,2002,18.6,242
A706,2003,18.5,228
A706,2004,12.6,30
A706,2006,18.8,33
A706,2008,17.0,74
A706,2009,15.8,65
A706,2010,15.0,148
A706,2011,15.5,141
A706,2012,15.7,79
A706,2013,10.9,18
A706,2014,13.8,15
A706,2015,15.5,230
A706,2016,15.4,131
A706,2017,14.7,357
A706,2018,12.4,273
A706,2021,17.7,194
A706,2022,13.6,290
A706,2023,18.9,166
A706,2024,14.0,366
A706,2025,17.8,289
A707,2003,14.6,90
A707,2004,17.1,42
A707,2005,17.7,354
A707,2006,18.5,360
A707,2007,22.4,365
A707,2008,22.4,366
A707,2009,22.9,365
A707,2010,17.3,342
A707,2011,19.4,365
A707,2012,20.1,366
A707,2013,19.7,365
A707,2014,21.0,365
A707,2015,23.9,365
A707,2016,23.0,346
A707,2017,20.8,354
A707,2018,20.9,365
A707,2019,22.0,365
A707,2020,19.1,366
A707,2021,24.0,365
A707,2022,18.5,342
A707,2023,23.2,365
A707,2024,19.3,366
A707,2025,23.0,289
A708,2002,20.3,21
A708,2003,16.1,96
A708,2004,16.6,366
A708,2005,17.1,359
A708,2006,19.0,359
A708,2007,15.5,365
A708,2008,14.3,360
A708,2009,18.2,77
A708,2010,17.9,365
A708,2011,20.8,365
A708,2012,23.3,366
A708,2013,17.6,365
A708,2014,16.2,365
A708,2015,18.1,365
A708,2016,21.1,366
A708,2017,20.4,365
A708,2018,19.1,365
A708,2019,20.0,267
A708,2020,17.2,366
A708,2021,16.5,365
A708,2022,18.1,364
A708,2023,21.4,365
A708,2024,14.1,191
A708,2025,15.1,126
A709,2005,22.6,104
A709,2006,22.7,357
A709,2007,24.6,363
A709,2008,20.7,366
A709,2009,23.7,335
A709,2010,21.9,364
A709,2011,22.2,337
A709,2012,24.6,366
A709,2013,22.6,365
A709,2014,23.3,323
A709,2015,18.7,354
A709,2016,21.1,352
A709,2017,23.2,289
A709,2018,22.7,365
A709,2019,24.1,365
A709,2020,22.3,364
A709,2021,36.1,358
A709,2022,18.4,316
A709,2023,23.6,365
A709,2024,24.9,366
A709,2025,20.4,289
A710,2006,17.4,13
A710,2007,23.4,349
A710,2008,15.3,43
A710,2010,21.8,84
A710,2011,22.5,350
A710,2012,22.7,360
A710,2013,23.5,365
A710,2014,22.9,364
A710,2015,22.4,365
A710,2016,20.9,351
A710,2017,20.9,345
A710,2018,20.8,365
A710,2019,20.3,361
A710,2020,15.9,79
A710,2021,21.6,61
A710,2022,22.8,252
A710,2023,31.3,355
A710,2024,22.6,366
A710,2025,21.4,289
A711,2006,10.9,11
A711,2007,17.7,168
A711,2008,18.2,366
A711,2009,18.4,365
A711,2010,24.3,363
A711,2011,24.3,358
A711,2012,22.5,298
A711,2013,18.2,365
A711,2014,22.5,365
A711,2015,19.5,365
A711,2016,21.2,349
A711,2017,15.9,365
A711,2018,16.2,364
A711,2019,19.5,365
A711,2020,15.2,366
A711,2021,19.2,365
A711,2022,16.3,333
A711,2023,16.2,365
A711,2024,16.7,360
A711,2025,18.7,289
A712,2006,18.5,166
A712,2007,22.0,337
A712,2008,22.0,366
A712,2009,22.0,364
A712,2010,22.9,364
A712,2011,24.0,361
A712,2012,16.6,366
A712,2013,22.8,352
A712,2014,16.0,276
A712,2015,19.2,338
A712,2016,20.7,328
A712,2017,19.1,313
A712,2018,24.7,341
A712,2019,22.6,365
A712,2020,23.0,366
A712,2021,16.1,186
A712,2022,18.0,279
A712,2023,23.5,298
A712,2024,16.0,284
A712,2025,16.1,130
A713,2006,24.5,133
A713,2007,23.9,363
A713,2008,24.1,366
A713,2009,21.5,365
A713,2010,19.8,365
A713,2011,21.8,365
A713,2012,21.1,366
A713,2013,20.3,365
A713,2014,24.4,365
A713,2015,22.1,364
A713,2016,24.4,366
A713,2017,22.4,364
A713,2018,25.0,362
A713,2019,22.8,303
A713,2020,22.0,366
A713,2021,18.9,363
A713,2022,20.7,365
A713,2023,25.4,365
A713,2024,18.3,31
A713,2025,15.3,96
A714,2006,20.4,159
A714,2007,23.1,362
A714,2008,19.7,366
A714,2009,21.2,352
A714,2010,22.8,347
A714,2011,22.3,356
A714,2012,24.1,288
A714,2013,22.2,365
A714,2014,24.7,351
A714,2015,20.5,355
A714,2016,22.0,366
A714,2017,20.7,362
A714,2018,23.0,359
A714,2019,24.4,365
A714,2020,18.9,366
A714,2021,21.7,365
A714,2022,18.6,361
A714,2023,23.3,365
A714,2024,24.1,366
A714,2025,19.6,259
A715,2006,19.6,139
A715,2007,22.8,365
A715,2008,20.9,366
A715,2009,24.1,364
A715,2010,23.1,252
A715,2011,23.5,365
A715,2012,23.8,359
A715,2013,22.3,326
A715,2014,21.5,245
A715,2015,21.3,365
A715,2016,21.7,364
A715,2017,23.4,365
A715,2018,24.7,365
A715,2019,24.0,365
A715,2020,24.4,366
A715,2021,22.7,282
A715,2022,18.3,223
A715,2023,24.1,268
A715,2024,21.9,197
A715,2025,22.4,289
A716,2006,24.6,125
A716,2007,24.6,301
A716,2008,19.2,366
A716,2009,24.0,365
A716,2010,20.3,324
A716,2011,19.9,365
A716,2012,20.3,366
A716,2013,21.3,365
A716,2014,22.4,365
A716,2015,22.1,325
A716,2016,22.8,366
A716,2017,24.5,336
A716,2018,21.4,362
A716,2019,17.4,365
A716,2020,20.2,233
A716,2023,30.7,228
A716,2024,35.0,327
A716,2025,30.3,289
A717,2006,20.8,147
A717,2007,18.7,259
A717,2008,23.3,366
A717,2009,20.0,365
A717,2010,22.4,365
A717,2011,24.4,105
A717,2012,23.3,365
A717,2013,19.4,352
A717,2014,21.5,169
A717,2015,24.3,245
A717,2016,24.4,331
A717,2017,24.0,350
A717,2018,19.6,270
A717,2019,24.3,365
A717,2020,12.2,131
A717,2022,22.9,131
A717,2023,23.2,364
A717,2024,20.9,366
A717,2025,23.0,289
A718,2006,22.7,122
A718,2007,22.8,365
A718,2008,22.9,366
A718,2009,24.8,365
A718,2010,20.1,365
A718,2011,22.4,307
A718,2012,23.7,356
A718,2013,23.2,327
A718,2014,21.5,334
A718,2015,23.6,365
A718,2016,21.2,358
A718,2017,19.9,342
A718,2018,24.0,364
A718,2019,20.3,365
A718,2020,19.4,366
A718,2021,21.7,286
A718,2022,21.0,248
A718,2023,21.6,365
A718,2024,21.0,366
A718,2025,23.8,289
A719,2006,17.9,62
A719,2007,17.1,365
A719,2008,19.2,366
A719,2009,22.4,365
A719,2010,18.5,365
A719,2011,22.1,365
A719,2012,18.9,363
A719,2013,22.4,365
A719,2014,15.8,123
A719,2015,19.1,308
A719,2016,22.2,366
A719,2017,19.4,361
A719,2018,21.1,335
A719,2019,18.4,278
A719,2020,17.5,88
A719,2021,17.3,32
A719,2022,19.0,133
A719,2023,21.4,365
A719,2024,20.4,366
A719,2025,22.4,289
A720,2006,16.4,56
A720,2007,20.1,365
A720,2008,18.7,366
A720,2009,19.1,365
A720,2010,20.7,365
A720,2011,22.9,361
A720,2012,23.2,357
A720,2013,19.8,363
A720,2014,23.6,365
A720,2015,23.1,361
A720,2016,22.4,314
A720,2017,18.4,365
A720,2018,18.4,364
A720,2019,23.5,353
A720,2020,22.4,366
A720,2021,17.1,364
A720,2022,24.3,363
A720,2023,17.3,365
A720,2024,19.2,352
A720,2025,19.6,197
A721,2006,20.9,74
A721,2007,20.4,365
A721,2008,21.7,366
A721,2009,22.2,365
A721,2010,24.8,211
A721,2011,20.2,365
A721,2012,23.5,366
A721,2013,21.6,365
A721,2014,20.0,365
A721,2015,22.5,344
A721,2016,20.3,366
A721,2017,23.0,362
A721,2018,22.2,347
A721,2019,20.7,365
A721,2020,16.6,156
A721,2021,17.4,40
A721,2022,16.9,75
A721,2023,29.5,365
A721,2024,22.0,366
A721,2025,24.2,238
A722,2006,15.7,60
A722,2007,17.6,365
A722,2008,21.6,366
A722,2009,21.7,365
A722,2010,22.4,365
A722,2011,20.5,237
A722,2012,16.4,366
A722,2013,20.6,365
A722,2014,20.2,365
A722,2015,19.9,241
A722,2016,18.4,366
A722,2017,17.2,342
A722,2018,15.3,325
A722,2019,23.0,279
A722,2020,13.6,125
A722,2021,6.2,5
A722,2022,19.3,133
A722,2023,24.0,365
A722,2024,24.2,366
A722,2025,20.8,289
A723,2006,18.6,69
A723,2007,21.5,365
A723,2008,21.3,366
A723,2009,20.8,365
A723,2010,19.0,364
A723,2011,20.1,351
A723,2012,20.9,366
A723,2013,22.0,348
A723,2014,17.8,308
A723,2015,20.1,292
A723,2016,23.0,333
A723,2017,21.9,365
A723,2018,23.3,365
A723,2019,17.8,362
A723,2020,17.8,186
A723,2021,16.5,83
A723,2022,16.8,14
A723,2023,21.9,327
A723,2024,23.2,266
A723,2025,24.1,277
A724,2006,24.7,67
A724,2007,21.0,365
A724,2008,23.6,298
A724,2009,19.4,359
A724,2010,23.8,259
A724,2011,23.6,365
A724,2012,21.4,366
A724,2013,22.6,360
A724,2014,21.7,365
A724,2015,18.7,339
A724,2016,21.5,293
A724,2017,21.1,283
A724,2018,18.1,271
A724,2019,22.9,330
A724,2020,22.7,365
A724,2021,40.3,294
A724,2022,23.9,153
A724,2023,25.1,365
A724,2024,20.9,294
A725,2006,21.6,95
A725,2007,20.7,362
A725,2008,22.3,283
A725,2009,21.7,15
A725,2010,21.8,365
A725,2011,23.5,365
A725,2012,20.6,366
A725,2013,16.9,363
A725,2014,22.1,365
A725,2015,23.7,365
A725,2016,18.9,366
A725,2017,16.7,365
A725,2018,21.6,315
A725,2019,23.4,365
A725,2020,18.9,363
A725,2021,14.1,150
A725,2022,19.5,341
A725,2023,20.4,365
A725,2024,20.1,316
A725,2025,25.0,186
A726,2006,19.8,98
A726,2007,22.2,362
A726,2008,22.6,366
A726,2009,24.8,365
A726,2010,23.4,365
A726,2011,25.0,365
A726,2012,21.6,366
A726,2013,22.4,365
A726,2014,21.9,364
A726,2015,24.3,352
A726,2016,23.7,297
A726,2017,24.6,347
A726,2018,21.8,365
A726,2019,21.0,358
A726,2020,19.9,285
A726,2022,22.1,296
A726,2023,25.6,365
A726,2024,23.4,330
A726,2025,26.4,199
A727,2006,24.0,95
A727,2007,21.0,361
A727,2008,21.7,366
A727,2009,21.7,365
A727,2010,19.4,351
A727,2011,23.0,365
A727,2012,18.3,362
A727,2013,19.3,365
A727,2014,21.9,365
A727,2015,20.5,316
A727,2016,17.3,366
A727,2017,22.3,365
A727,2018,18.5,358
A727,2019,18.5,317
A727,2020,16.8,366
A727,2021,21.3,365
A727,2022,14.9,267
A727,2023,24.9,365
A727,2024,19.9,329
A727,2025,20.0,188
A728,2006,14.4,12
A728,2007,19.5,365
A728,2008,24.6,318
A728,2009,22.7,365
A728,2010,24.2,364
A728,2011,21.5,327
A728,2012,22.5,322
A728,2013,23.8,326
A728,2014,23.1,365
A728,2015,23.2,354
A728,2016,23.6,366
A728,2017,21.9,330
A728,2018,21.9,365
A728,2019,24.4,365
A728,2020,22.0,366
A728,2021,21.7,134
A728,2022,22.8,365
A728,2023,24.7,365
A728,2024,22.7,357
A728,2025,22.9,289
A729,2006,13.5,24
A729,2007,23.5,363
A729,2008,23.0,366
A729,2009,21.7,365
A729,2010,23.2,365
A729,2011,21.3,365
A729,2012,22.1,366
A729,2013,23.4,94
A729,2014,14.2,29
A729,2015,22.7,365
A729,2016,18.8,366
A729,2017,22.5,364
A729,2018,20.3,365
A729,2019,22.1,365
A729,2020,20.6,366
A729,2021,18.9,365
A729,2022,17.4,200
A730,2006,19.7,13
A730,2007,23.5,365
A730,2008,22.9,366
A730,2009,22.9,364
A730,2010,21.9,365
A730,2011,20.8,354
A730,2012,22.8,366
A730,2013,22.0,365
A730,2014,23.4,362
A730,2015,24.6,364
A730,2016,22.2,307
A730,2017,21.9,258
A730,2018,21.7,365
A730,2019,23.5,364
A730,2020,16.1,53
A730,2021,15.5,50
A730,2022,19.5,299
A730,2023,23.0,365
A730,2024,21.7,324
A730,2025,18.7,160
A731,2006,15.4,18
A731,2007,22.1,342
A731,2008,23.9,366
A731,2009,20.3,365
A731,2010,18.1,365
A731,2011,21.0,365
A731,2012,20.4,366
A731,2013,19.3,365
A731,2014,19.5,365
A731,2015,20.9,365
A731,2016,20.0,350
A731,2017,19.2,361
A731,2018,17.6,354
A731,2019,18.3,313
A731,2021,11.8,7
A731,2024,20.3,166
A732,2006,14.0,14
A732,2007,24.0,365
A732,2008,20.9,366
A732,2009,22.6,365
A732,2010,23.7,359
A732,2011,21.6,364
A732,2012,22.8,366
A732,2013,21.6,363
A732,2014,22.8,356
A732,2015,25.0,272
A732,2016,23.3,360
A732,2017,25.0,361
A732,2018,24.6,331
A732,2019,23.4,365
A732,2020,20.0,360
A732,2021,16.3,63
A732,2022,24.9,136
A732,2023,23.4,365
A732,2024,21.6,366
A732,2025,20.8,272
A733,2007,21.6,125
A733,2008,24.2,366
A733,2009,24.2,365
A733,2010,23.0,365
A733,2011,21.8,352
A733,2012,21.4,364
A733,2013,25.0,365
A733,2014,23.4,365
A733,2015,24.1,365
A733,2016,24.0,366
A733,2017,22.6,365
A733,2018,24.2,361
A733,2019,22.6,292
A733,2020,19.4,366
A733,2021,19.9,365
A733,2022,22.1,365
A733,2023,21.7,255
A733,2024,21.7,339
A733,2025,20.7,289
A734,2007,23.4,124
A734,2008,23.2,366
A734,2009,22.0,364
A734,2010,21.8,365
A734,2011,23.6,162
A734,2012,24.3,256
A734,2013,24.5,365
A734,2014,24.1,365
A734,2015,22.7,365
A734,2016,26.6,366
A734,2017,20.9,362
A734,2018,20.1,326
A734,2019,24.1,365
A734,2020,17.2,320
A734,2021,28.6,362
A734,2022,23.6,250
A734,2023,22.4,358
A734,2024,23.7,366
A734,2025,22.8,289
A735,2007,24.1,90
A735,2008,22.1,366
A735,2009,22.1,365
A735,2010,23.2,353
A735,2011,24.6,365
A735,2012,23.6,366
A735,2013,19.4,365
A735,2014,22.5,365
A735,2015,24.4,365
A735,2016,19.9,366
A735,2017,20.0,338
A735,2018,22.0,314
A735,2019,22.2,323
A735,2020,17.9,116
A735,2021,17.8,36
A735,2022,19.6,353
A735,2023,24.3,237
A735,2024,16.6,52
A735,2025,21.4,189
A736,2007,17.0,47
A736,2008,20.7,366
A736,2009,20.9,365
A736,2010,20.8,365
A736,2011,24.9,364
A736,2012,19.3,366
A736,2013,22.5,365
A736,2014,23.7,365
A736,2015,22.2,342
A736,2016,24.4,366
A736,2017,18.1,360
A736,2018,19.0,365
A736,2019,21.1,318
A736,2020,19.1,318
A736,2021,15.5,365
A736,2022,22.5,364
A736,2023,21.5,365
A736,2024,21.4,366
A736,2025,23.1,288
A737,2007,17.4,51
A737,2008,19.8,366
A737,2009,17.9,290
A737,2010,18.1,287
A737,2011,21.1,365
A737,2012,21.9,366
A737,2013,19.5,337
A737,2014,24.0,365
A737,2015,22.6,365
A737,2016,23.4,366
A737,2017,21.1,360
A737,2018,20.2,365
A737,2019,24.1,339
A737,2020,19.5,366
A737,2021,21.5,365
A737,2022,24.8,361
A737,2023,22.7,365
A737,2024,20.6,241
A737,2025,18.9,188
A738,2007,18.7,184
A738,2008,18.9,366
A738,2009,23.0,365
A738,2010,20.9,365
A738,2011,24.7,363
A738,2012,18.5,323
A738,2013,17.7,365
A738,2014,21.5,365
A738,2015,23.0,359
A738,2016,22.2,366
A738,2017,18.3,359
A738,2018,21.7,365
A738,2019,18.8,328
A738,2020,19.8,176
A738,2021,18.2,219
A738,2022,22.5,362
A738,2023,22.8,365
A738,2024,16.2,340
A738,2025,16.0,251
A739,2008,21.5,349
A739,2009,16.2,327
A739,2010,17.1,365
A739,2011,16.8,365
A739,2012,24.7,362
A739,2013,17.7,365
A739,2014,21.0,365
A739,2015,19.5,364
A739,2016,19.0,366
A739,2017,20.2,365
A739,2018,20.4,365
A739,2019,17.2,316
A739,2020,14.3,137
A739,2022,14.5,143
A739,2023,20.6,118
A739,2024,17.2,356
A739,2025,17.5,284
A740,2007,20.6,55
A740,2008,23.4,366
A740,2009,25.0,365
A740,2010,22.9,365
A740,2011,24.1,365
A740,2012,22.3,318
A740,2013,21.3,361
A740,2014,23.6,365
A740,2015,24.6,357
A740,2016,23.7,366
A740,2017,19.8,365
A740,2018,21.2,365
A740,2019,23.4,365
A740,2020,24.2,365
A740,2021,15.8,106
A740,2022,22.1,319
A740,2023,27.8,341
A740,2024,15.8,5
A741,2008,20.8,224
A741,2009,23.8,365
A741,2010,22.7,365
A741,2011,22.0,365
A741,2012,23.6,366
A741,2013,22.2,365
A741,2014,19.7,365
A741,2015,20.8,365
A741,2016,24.7,366
A741,2017,19.7,261
A741,2018,23.1,108
A741,2019,22.6,362
A741,2020,16.8,360
A741,2021,16.8,364
A741,2022,19.0,303
A741,2024,18.8,302
A741,2025,22.7,289
A742,2008,19.7,299
A742,2009,24.8,365
A742,2010,13.7,181
A742,2011,19.4,104
A742,2012,24.7,366
A742,2013,19.1,365
A742,2014,19.9,365
A742,2015,24.5,365
A742,2016,22.7,343
A742,2017,22.6,365
A742,2018,24.3,358
A742,2019,21.6,365
A742,2020,19.7,353
A742,2021,21.2,321
A742,2022,17.9,248
A742,2023,23.4,59
A742,2024,21.3,366
A742,2025,20.8,289
A743,2008,23.8,189
A743,2009,20.5,365
A743,2010,19.9,365
A743,2011,22.0,365
A743,2012,27.2,366
A743,2013,22.3,271
A743,2015,24.0,298
A743,2016,23.1,365
A743,2017,22.6,365
A743,2018,21.7,365
A743,2019,22.8,365
A743,2020,21.5,366
A743,2021,30.8,362
A743,2022,26.4,365
A743,2023,29.9,340
A743,2024,24.2,366
A743,2025,27.5,289
A744,2017,16.8,12
A744,2018,20.0,365
A744,2019,20.6,274
A744,2020,20.4,366
A744,2021,25.3,344
A744,2022,38.1,321
A744,2023,21.7,363
A744,2024,42.3,366
A744,2025,27.6,289
A745,2008,21.5,157
A745,2009,22.7,299
A745,2010,24.2,356
A745,2011,21.0,253
A745,2013,4.7,2
A745,2014,19.5,12
A746,2008,14.3,165
A746,2009,11.5,31
A746,2010,13.9,364
A746,2011,16.1,365
A746,2012,19.4,366
A746,2013,13.7,319
A746,2014,18.1,360
A746,2015,15.6,363
A746,2016,20.4,255
A746,2017,14.5,342
A746,2018,16.3,365
A746,2019,14.3,320
A746,2022,13.7,275
A746,2023,17.4,365
A746,2024,15.7,366
A746,2025,17.7,288
A747,2008,22.2,255
A747,2009,21.9,365
A747,2010,23.6,365
A747,2011,23.2,365
A747,2012,22.8,366
A747,2013,22.0,365
A747,2014,20.1,365
A747,2015,24.4,365
A747,2016,22.6,366
A747,2017,22.7,365
A747,2018,20.6,324
A747,2019,23.5,365
A747,2020,25.0,366
A747,2021,26.2,365
A747,2022,22.5,365
A747,2023,23.0,365
A747,2024,22.1,366
A747,2025,25.4,289
A748,2010,19.6,196
A748,2011,21.1,365
A748,2012,18.4,366
A748,2013,16.9,365
A748,2014,19.9,365
A748,2015,23.0,365
A748,2016,14.3,366
A748,2017,14.2,365
A748,2018,14.7,342
A748,2019,15.1,365
A748,2020,14.4,366
A748,2021,15.7,289
A748,2022,14.8,177
A748,2023,18.5,365
A748,2024,14.1,272
A748,2025,12.6,190
A749,2008,20.4,165
A749,2009,18.9,71
A749,2010,19.4,365
A749,2011,23.4,365
A749,2012,20.9,366
A749,2013,20.2,365
A749,2014,20.7,364
A749,2015,22.4,360
A749,2016,18.7,360
A749,2017,19.0,365
A749,2018,20.8,363
A749,2019,18.2,365
A749,2020,17.8,229
A749,2022,17.6,101
A749,2023,21.6,365
A749,2024,19.8,364
A749,2025,18.4,90
A750,2008,22.4,203
A750,2009,24.3,348
A750,2010,23.7,362
A750,2011,22.6,365
A750,2012,24.4,366
A750,2013,21.1,364
A750,2014,18.9,331
A750,2015,22.8,336
A750,2016,23.2,330
A750,2017,22.2,365
A750,2018,22.7,365
A750,2019,21.3,365
A750,2020,19.1,310
A750,2024,19.0,249
A750,2025,22.6,289
A751,2008,24.4,206
A751,2009,24.5,365
A751,2010,22.1,364
A751,2011,21.8,365
A751,2012,22.8,366
A751,2013,24.9,364
A751,2014,20.1,365
A751,2015,21.7,361
A751,2016,21.5,365
A751,2017,24.7,365
A751,2018,20.9,309
A751,2019,25.0,362
A751,2020,20.2,355
A751,2021,13.5,42
A751,2022,17.9,71
A751,2023,21.0,359
A751,2024,18.8,363
A751,2025,20.5,281
A752,2008,22.8,122
A752,2010,23.2,288
A752,2011,23.1,365
A752,2012,20.7,304
A752,2013,23.7,341
A752,2014,23.2,303
A752,2015,24.8,365
A752,2016,24.0,345
A752,2017,21.8,363
A752,2018,24.5,365
A752,2019,22.5,324
A752,2020,21.4,366
A752,2021,21.5,365
A752,2022,22.3,364
A752,2023,24.9,365
A752,2024,21.9,366
A752,2025,24.4,276
A753,2008,17.2,116
A753,2009,19.9,133
A753,2010,21.5,365
A753,2011,24.4,365
A753,2012,23.2,366
A753,2013,20.0,365
A753,2014,20.1,365
A753,2015,20.0,365
A753,2016,25.0,366
A753,2017,22.1,365
A753,2018,21.0,352
A753,2019,19.8,184
A753,2020,21.1,362
A753,2021,20.3,293
A753,2022,19.9,311
A753,2023,22.0,365
A753,2024,18.0,366
A753,2025,22.8,289
A754,2008,24.8,92
A754,2009,20.5,365
A754,2010,41.6,365
A754,2011,20.4,365
A754,2012,23.8,366
A754,2013,20.0,365
A754,2014,24.2,365
A754,2015,15.9,20
A754,2016,19.6,134
A754,2017,23.6,337
A754,2018,23.3,365
A754,2019,21.2,355
A754,2020,17.7,366
A754,2021,27.1,365
A754,2022,19.7,364
A754,2023,17.5,365
A754,2024,22.9,366
A754,2025,17.7,280
A755,2011,19.5,279
A755,2012,20.0,356
A755,2013,22.8,365
A755,2014,20.4,365
A755,2015,22.5,365
A755,2016,21.4,236
A755,2018,22.2,96
A755,2019,28.1,295
A755,2020,22.4,250
A755,2021,14.5,224
A755,2022,19.5,365
A755,2023,29.2,365
A755,2024,22.7,366
A755,2025,20.6,284
A756,2010,23.5,138
A756,2011,20.2,162
A756,2012,24.4,366
A756,2013,22.5,365
A756,2014,19.9,365
A756,2015,18.9,365
A756,2016,20.4,366
A756,2017,22.9,365
A756,2018,22.0,328
A756,2019,19.4,365
A756,2020,19.5,366
A756,2021,21.7,365
A756,2022,24.8,365
A756,2023,19.8,365
A756,2024,19.7,366
A756,2025,23.5,219
A757,2011,23.7,144
A757,2012,23.1,366
A757,2013,18.6,365
A757,2014,21.9,365
A757,2015,23.7,365
A757,2016,22.9,365
A757,2017,24.2,365
A757,2018,20.8,309
A757,2019,18.1,288
A758,2011,21.3,148
A758,2012,23.8,366
A758,2013,20.9,365
A758,2014,20.7,364
A758,2015,22.9,365
A758,2016,19.3,350
A758,2017,19.7,365
A758,2018,23.9,359
A758,2019,22.4,359
A758,2020,17.0,365
A758,2021,17.5,364
A758,2022,23.0,365
A758,2023,17.0,191
A758,2024,17.3,366
A758,2025,17.8,188
A759,2013,22.9,263
A759,2014,22.9,365
A759,2015,23.4,360
A759,2016,21.8,338
A759,2017,24.1,365
A759,2018,23.4,365
A759,2019,23.9,364
A759,2020,24.5,185
A759,2021,11.7,20
A759,2022,21.2,235
A759,2023,26.0,365
A759,2024,21.6,366
A759,2025,17.9,289
A760,2012,22.6,26
A760,2013,22.6,365
A760,2014,24.6,365
A760,2015,23.7,365
A760,2016,22.9,366
A760,2017,25.0,365
A760,2018,24.4,365
A760,2019,22.3,364
A760,2020,20.6,366
A760,2021,21.9,365
A760,2022,22.4,361
A760,2023,22.2,365
A760,2024,24.6,347
A760,2025,23.4,232
A761,2012,22.5,29
A761,2013,22.8,365
A761,2014,22.8,365
A761,2015,24.4,355
A761,2016,22.9,366
A761,2017,21.2,365
A761,2018,23.1,362
A761,2019,24.7,365
A761,2020,24.1,326
A761,2022,21.9,296
A761,2023,24.2,365
A761,2024,24.1,366
A761,2025,21.5,289
A762,2016,22.5,51
A762,2017,30.7,297
A762,2018,28.5,365
A762,2019,25.0,365
A762,2020,21.0,366
A762,2021,19.5,204
A762,2022,22.4,101
A762,2023,41.3,303
A762,2024,22.4,107
A762,2025,21.2,95
A763,2017,23.3,229
A763,2018,15.7,331
A763,2019,17.8,306
A763,2020,18.1,231
A763,2021,17.7,227
A763,2022,33.8,365
A763,2023,19.1,219
A763,2024,17.9,261
A763,2025,24.0,289
A764,2016,17.0,62
A764,2017,19.6,365
A764,2018,19.1,356
A764,2019,25.5,365
A764,2020,16.4,114
A764,2021,18.1,204
A764,2022,16.9,99
A764,2023,18.5,298
A764,2024,17.3,366
A764,2025,19.5,289
A765,2017,27.2,334
A765,2018,21.0,365
A765,2019,22.1,361
A765,2020,18.6,283
A765,2021,15.9,354
A765,2022,27.1,363
A765,2023,20.1,62
A765,2024,19.3,182
A765,2025,10.3,11
A766,2017,22.4,297
A766,2018,17.5,34
A766,2019,15.7,42
A766,2020,12.3,206
A766,2021,38.4,321
A766,2022,16.7,354
A766,2023,17.0,188
A766,2024,16.3,154
A766,2025,10.9,23
A767,2017,20.5,63
A767,2018,23.9,285
A767,2019,28.4,259
A767,2020,26.5,342
A767,2021,13.0,22
A768,2017,21.6,215
A768,2018,26.3,346
A768,2019,23.0,313
A768,2020,20.6,190
A768,2021,25.6,304
A768,2022,26.2,360
A768,2023,21.8,356
A768,2024,19.7,278
A768,2025,21.1,284
A769,2017,24.6,73
A769,2018,21.0,365
A769,2019,26.4,365
A769,2020,22.7,302
A769,2022,20.9,321
A769,2023,27.9,365
A769,2024,20.9,339
A769,2025,23.5,278
A770,2019,20.8,182
A770,2020,16.6,366
A770,2021,18.8,364
A770,2022,17.3,365
A770,2023,22.8,365
A770,2024,18.8,366
A770,2025,17.8,289
A771,2018,21.7,292
A771,2019,16.7,365
A771,2020,17.5,366
A771,2021,15.5,337
A771,2022,19.8,365
A771,2023,19.9,351
A771,2024,29.9,279
A771,2025,21.7,289
A801,2000,20.1,101
A801,2001,21.2,334
A801,2002,20.8,352
A801,2003,21.7,352
A801,2004,19.1,356
A801,2005,20.2,360
A801,2006,18.6,355
A801,2007,18.1,363
A801,2008,20.6,364
A801,2009,24.4,365
A801,2010,21.0,365
A801,2011,17.7,365
A801,2012,20.4,366
A801,2013,25.7,363
A801,2014,16.9,365
A801,2015,21.8,365
A801,2016,33.2,365
A801,2017,29.8,352
A801,2018,22.1,359
A801,2019,17.9,365
A801,2020,18.3,366
A801,2021,20.6,364
A801,2022,19.5,365
A801,2023,19.8,365
A801,2024,25.0,366
A801,2025,22.1,261
A802,2001,17.6,43
A802,2002,21.5,173
A802,2003,21.3,55
A802,2004,17.0,121
A802,2005,23.8,219
A802,2006,22.0,350
A802,2007,23.9,281
A802,2008,24.1,308
A802,2009,24.6,303
A802,2010,24.7,365
A802,2011,22.4,365
A802,2012,26.6,366
A802,2013,23.6,365
A802,2014,20.9,365
A802,2015,30.0,363
A802,2016,30.6,308
A802,2017,21.0,309
A802,2018,23.4,365
A802,2019,21.5,365
A802,2020,23.1,366
A802,2021,21.5,348
A802,2022,18.8,363
A802,2023,24.5,333
A802,2024,31.7,365
A802,2025,20.9,288
A803,2001,16.7,36
A803,2002,22.7,355
A803,2003,20.0,112
A803,2004,22.2,365
A803,2005,24.7,352
A803,2006,20.2,358
A803,2007,21.0,362
A803,2008,20.8,366
A803,2009,24.4,365
A803,2010,23.3,365
A803,2011,24.4,320
A803,2012,24.6,366
A803,2013,25.4,357
A803,2014,23.9,323
A803,2015,24.7,348
A803,2016,23.5,366
A803,2017,26.3,365
A803,2018,22.5,335
A803,2019,23.9,365
A803,2020,22.5,223
A803,2021,18.6,236
A803,2022,23.8,314
A803,2023,22.0,321
A803,2024,26.0,355
A803,2025,18.8,179
A804,2001,11.0,37
A804,2002,19.1,321
A804,2003,20.4,216
A804,2004,19.5,366
A804,2005,22.6,350
A804,2006,23.7,342
A804,2007,18.8,260
A804,2008,20.5,352
A804,2009,22.3,365
A804,2010,21.5,365
A804,2011,19.9,365
A804,2012,32.3,366
A804,2013,23.5,320
A804,2016,23.7,149
A804,2017,26.5,320
A804,2018,25.9,365
A804,2019,31.1,365
A804,2020,23.4,365
A804,2021,29.1,261
A804,2022,25.3,364
A804,2023,27.8,344
A804,2024,23.7,356
A804,2025,31.0,140
A805,2001,23.7,27
A805,2002,39.6,168
A805,2003,19.5,23
A805,2004,20.9,112
A805,2005,22.8,223
A805,2006,26.1,359
A805,2007,34.1,344
A805,2008,19.9,366
A805,2009,29.2,365
A805,2010,22.4,365
A805,2011,31.1,309
A805,2012,33.4,366
A805,2013,26.9,341
A805,2014,22.7,296
A805,2015,24.2,341
A805,2016,18.9,244
A805,2017,23.0,365
A805,2018,25.4,365
A805,2019,25.4,365
A805,2020,24.3,366
A805,2021,21.4,350
A805,2022,32.8,357
A805,2023,23.5,365
A805,2024,24.8,366
A805,2025,35.3,289
A806,2003,18.5,283
A806,2004,15.9,186
A806,2005,21.3,226
A806,2006,18.7,342
A806,2007,24.7,318
A806,2008,18.9,366
A806,2009,19.2,365
A806,2010,21.9,365
A806,2011,19.9,365
A806,2012,28.2,366
A806,2013,15.1,359
A806,2014,15.8,364
A806,2015,16.0,363
A806,2016,20.7,366
A806,2017,24.3,365
A806,2018,20.5,365
A806,2019,34.5,365
A806,2020,25.6,366
A806,2021,15.6,365
A806,2022,18.3,365
A806,2023,17.3,361
A806,2024,18.0,348
A806,2025,15.8,136
A807,2003,18.7,83
A807,2005,14.2,8
A807,2006,17.7,288
A807,2007,24.6,333
A807,2008,20.2,345
A807,2009,21.9,364
A807,2010,18.6,362
A807,2011,18.9,365
A807,2012,23.5,366
A807,2013,24.0,365
A807,2014,19.8,285
A807,2015,19.2,365
A807,2016,22.6,366
A807,2017,22.7,365
A807,2018,18.1,365
A807,2019,18.9,365
A807,2020,26.7,366
A807,2021,21.1,365
A807,2022,20.6,365
A807,2023,25.2,363
A807,2024,20.8,366
A807,2025,22.9,289
A808,2006,23.5,214
A808,2007,23.6,359
A808,2008,23.6,364
A808,2009,23.3,365
A808,2010,22.2,365
A808,2011,22.5,365
A808,2012,31.2,322
A808,2013,24.5,365
A808,2014,22.4,365
A808,2015,20.3,320
A808,2016,25.9,366
A808,2017,19.7,274
A808,2018,19.4,365
A808,2019,21.7,365
A808,2020,20.3,359
A808,2021,20.3,365
A808,2022,20.9,342
A808,2023,22.3,365
A808,2024,23.0,241
A809,2006,21.2,96
A809,2007,24.6,362
A809,2008,22.1,366
A809,2009,24.3,365
A809,2010,24.3,365
A809,2011,24.1,365
A809,2012,23.9,336
A809,2013,21.5,365
A809,2014,23.0,365
A809,2015,21.9,365
A809,2016,24.7,243
A809,2017,22.4,365
A809,2018,24.7,357
A809,2019,23.3,304
A809,2020,21.5,366
A809,2021,28.4,363
A809,2022,23.8,365
A809,2023,26.8,269
A809,2024,23.7,138
A809,2025,27.0,75
A810,2006,20.2,47
A810,2007,21.3,362
A810,2008,20.8,360
A810,2009,22.2,355
A810,2010,22.7,355
A810,2011,22.8,365
A810,2012,29.1,366
A810,2013,33.6,361
A810,2014,27.7,357
A810,2015,36.6,132
A810,2016,22.1,320
A810,2017,23.3,365
A810,2018,19.1,365
A810,2019,24.5,365
A810,2020,21.7,333
A810,2021,22.0,303
A810,2022,21.8,356
A810,2023,24.6,185
A810,2024,25.3,288
A810,2025,19.5,43
A811,2007,22.9,327
A811,2008,25.0,310
A811,2009,25.9,362
A811,2010,26.0,365
A811,2011,22.5,365
A811,2012,32.1,366
A811,2013,27.8,365
A811,2014,27.9,365
A811,2015,23.4,365
A811,2016,24.9,366
A811,2017,22.9,365
A811,2018,37.1,365
A811,2019,22.3,365
A811,2020,24.1,136
A811,2021,30.6,331
A811,2022,25.1,361
A811,2023,27.9,365
A811,2024,25.8,366
A811,2025,28.3,270
A814,2008,20.8,217
A814,2009,21.9,365
A814,2010,21.9,364
A814,2011,16.6,334
A814,2012,21.7,366
A814,2013,23.3,365
A814,2014,33.1,365
A814,2015,19.0,362
A814,2016,23.0,331
A814,2017,21.0,232
A814,2018,19.5,324
A814,2019,17.0,146
A814,2020,20.3,342
A814,2021,19.2,334
A814,2022,14.8,328
A814,2023,23.6,363
A814,2024,19.1,338
A814,2025,18.4,180
A815,2008,24.8,264
A815,2009,23.5,349
A815,2010,22.8,365
A815,2011,25.4,365
A815,2012,27.9,364
A815,2013,23.2,342
A815,2014,25.1,365
A815,2015,30.1,355
A815,2016,23.6,366
A815,2017,24.8,365
A815,2018,22.8,365
A815,2019,20.5,365
A815,2020,25.7,366
A815,2021,16.8,365
A815,2022,14.4,365
A815,2023,15.0,327
A815,2024,13.7,366
A815,2025,11.5,259
A816,2008,16.6,62
A816,2009,36.2,365
A816,2010,35.0,365
A816,2011,34.0,364
A816,2012,37.7,366
A816,2013,28.3,365
A816,2014,29.4,364
A816,2015,34.4,365
A816,2016,25.4,339
A816,2017,30.2,365
A816,2018,27.6,365
A816,2019,25.2,351
A816,2020,21.8,172
A816,2021,25.0,156
A816,2022,21.0,110
A816,2023,23.8,365
A816,2024,21.9,346
A816,2025,21.9,276
A817,2006,20.3,183
A817,2007,19.4,362
A817,2008,19.7,366
A817,2009,22.5,365
A817,2010,18.1,365
A817,2011,22.6,364
A817,2012,35.1,366
A817,2013,25.4,365
A817,2014,26.5,311
A817,2015,25.2,297
A817,2016,17.0,329
A817,2017,24.1,307
A817,2018,25.0,360
A817,2019,23.3,365
A817,2020,33.6,366
A817,2021,24.7,183
A817,2022,13.5,64
A817,2023,23.4,365
A817,2024,21.3,363
A817,2025,20.5,59
A818,2006,18.4,174
A818,2007,24.9,362
A818,2008,20.1,366
A818,2009,17.5,365
A818,2010,19.7,365
A818,2011,20.9,365
A818,2012,24.1,366
A818,2013,24.1,365
A818,2014,21.3,303
A818,2015,21.3,312
A818,2016,19.1,362
A818,2017,19.1,361
A818,2018,18.7,364
A818,2019,20.7,365
A818,2020,20.7,366
A818,2021,22.2,365
A818,2022,19.1,278
A818,2023,16.4,165
A818,2024,21.4,138
A818,2025,18.8,289
A819,2006,21.2,176
A819,2007,22.7,362
A819,2008,23.1,366
A819,2009,23.7,365
A819,2010,18.7,365
A819,2011,21.0,365
A819,2012,24.8,366
A819,2013,19.8,365
A819,2014,23.2,365
A819,2015,21.6,364
A819,2016,20.1,365
A819,2017,20.6,365
A819,2018,18.9,365
A819,2019,19.7,365
A819,2020,25.6,366
A819,2021,17.2,31
A819,2023,22.0,153
A819,2024,17.5,232
A819,2025,13.0,33
A820,2006,18.1,44
A820,2007,24.7,362
A820,2008,24.5,366
A820,2009,29.3,365
A820,2010,28.1,364
A820,2011,28.5,365
A820,2012,29.2,366
A820,2013,33.2,365
A820,2014,34.6,363
A820,2015,26.0,319
A820,2016,28.4,360
A820,2017,28.4,363
A820,2018,26.9,365
A820,2019,29.8,345
A820,2020,25.8,352
A820,2021,26.3,365
A820,2022,29.2,365
A820,2023,25.1,365
A820,2024,22.9,351
A820,2025,28.1,288
A821,2006,20.1,38
A821,2007,22.7,357
A821,2008,21.3,366
A821,2009,19.7,365
A821,2010,22.5,364
A821,2011,20.9,365
A821,2012,29.0,366
A821,2013,24.5,365
A821,2014,22.1,282
A821,2015,23.7,218
A821,2016,20.0,366
A821,2017,21.3,363
A821,2018,24.8,361
A821,2019,23.8,365
A821,2020,22.5,366
A821,2021,22.3,365
A821,2022,24.2,365
A821,2023,18.8,322
A821,2024,25.4,249
A821,2025,20.4,289
A822,2006,16.0,11
A822,2007,15.5,91
A822,2010,14.4,80
A822,2011,10.7,24
A822,2012,21.1,327
A822,2013,25.0,362
A822,2014,24.5,355
A822,2015,28.0,365
A822,2016,20.8,364
A822,2017,22.3,365
A822,2018,26.4,351
A822,2019,20.9,51
A822,2023,21.6,83
A822,2024,29.2,327
A822,2025,19.9,289
A823,2006,14.4,65
A823,2007,20.8,362
A823,2008,20.0,366
A823,2009,20.4,365
A823,2010,20.4,365
A823,2011,26.3,357
A823,2012,22.8,362
A823,2013,21.0,364
A823,2014,25.9,356
A823,2015,29.5,359
A823,2016,34.2,312
A823,2017,28.8,204
A823,2018,17.5,31
A823,2019,28.2,350
A823,2020,21.7,366
A823,2021,22.4,364
A823,2022,18.1,296
A823,2023,27.0,365
A823,2024,18.3,366
A823,2025,12.1,76
A824,2006,21.4,46
A824,2007,25.0,362
A824,2008,22.1,366
A824,2009,23.1,363
A824,2010,21.8,365
A824,2011,29.6,358
A824,2012,32.0,366
A824,2013,29.8,362
A824,2014,25.1,351
A824,2015,30.2,328
A824,2016,30.3,324
A824,2017,24.8,302
A824,2019,30.5,143
A824,2020,30.8,249
A824,2022,18.2,32
A824,2023,22.8,196
A825,2006,21.7,74
A825,2007,24.5,362
A825,2008,24.3,366
A825,2009,24.8,364
A825,2010,21.1,361
A825,2011,23.1,364
A825,2012,24.2,366
A825,2013,30.6,365
A825,2014,33.1,365
A825,2015,27.7,318
A825,2016,30.3,297
A825,2017,18.1,5
A825,2019,14.6,17
A825,2020,21.5,9
A825,2021,13.3,27
A825,2022,20.2,244
A825,2023,15.5,32
A825,2024,8.9,11
A825,2025,25.8,25
A826,2006,21.5,91
A826,2007,24.9,362
A826,2008,22.1,361
A826,2009,19.9,364
A826,2010,18.3,362
A826,2011,19.6,365
A826,2012,22.0,345
A826,2013,21.0,324
A826,2014,19.5,356
A826,2015,19.4,332
A826,2016,26.2,366
A826,2017,25.8,249
A826,2018,20.5,365
A826,2019,19.0,348
A826,2020,19.7,366
A826,2021,20.4,364
A826,2022,24.1,300
A826,2023,18.8,365
A826,2024,21.0,366
A826,2025,25.9,289
A827,2007,24.7,362
A827,2008,22.2,365
A827,2009,29.9,365
A827,2010,24.9,365
A827,2011,21.7,363
A827,2012,29.8,366
A827,2013,20.7,365
A827,2014,25.1,358
A827,2015,40.0,365
A827,2016,25.8,278
A827,2017,24.5,331
A827,2018,21.7,310
A827,2019,26.6,339
A827,2020,23.2,366
A827,2021,22.0,269
A827,2022,26.6,358
A827,2023,27.5,365
A827,2024,28.0,366
A827,2025,24.9,249
A828,2006,21.1,35
A828,2007,22.2,360
A828,2008,22.5,366
A828,2009,20.0,365
A828,2010,24.9,365
A828,2011,26.1,365
A828,2012,19.4,366
A828,2013,19.1,365
A828,2014,21.5,347
A828,2015,20.1,362
A828,2016,19.0,318
A828,2017,20.8,363
A828,2018,16.8,108
A828,2019,19.7,111
A828,2020,27.9,366
A828,2021,21.7,348
A828,2022,19.5,181
A828,2023,20.4,179
A828,2024,35.2,366
A828,2025,24.7,289
A829,2006,21.9,54
A829,2007,24.9,362
A829,2008,24.8,366
A829,2009,27.9,365
A829,2010,27.2,365
A829,2011,27.6,365
A829,2012,28.7,366
A829,2013,27.4,218
A829,2014,44.4,105
A829,2015,27.3,173
A829,2016,28.8,134
A829,2017,26.2,272
A829,2018,30.2,224
A829,2019,24.9,230
A829,2020,23.5,146
A829,2021,17.4,23
A829,2022,28.3,143
A829,2023,27.9,244
A829,2024,21.3,109
A829,2025,23.4,41
A830,2007,19.8,160
A830,2008,24.1,366
A830,2009,23.5,361
A830,2010,23.3,365
A830,2011,22.2,352
A830,2012,24.8,327
A830,2013,26.3,365
A830,2014,30.8,363
A830,2015,32.0,332
A830,2016,23.2,280
A830,2017,31.1,278
A830,2018,22.3,354
A830,2019,28.5,335
A830,2020,26.0,365
A830,2021,24.1,361
A830,2022,30.8,365
A830,2023,29.8,254
A830,2024,29.9,363
A830,2025,25.0,288
A831,2007,23.3,74
A831,2008,24.6,366
A831,2009,24.9,365
A831,2010,23.5,365
A831,2011,28.6,360
A831,2012,33.6,324
A831,2013,24.6,365
A831,2014,27.6,365
A831,2015,30.9,347
A831,2016,32.0,366
A831,2017,28.0,344
A831,2018,25.1,341
A831,2019,26.0,365
A831,2020,25.6,366
A831,2021,30.2,365
A831,2022,25.8,363
A831,2023,27.2,365
A831,2024,23.8,113
A831,2025,27.1,241
A832,2007,17.9,79
A832,2008,21.7,366
A832,2009,23.0,365
A832,2010,19.1,365
A832,2011,19.3,365
A832,2012,28.2,329
A832,2013,22.9,365
A832,2014,24.8,354
A832,2015,22.8,365
A832,2016,30.5,276
A832,2017,29.5,365
A832,2018,20.9,365
A832,2019,24.8,365
A832,2020,24.5,366
A832,2021,25.5,360
A832,2022,22.8,294
A832,2023,24.1,324
A832,2024,23.2,363
A832,2025,19.6,289
A833,2009,25.0,290
A833,2010,23.4,365
A833,2011,31.0,349
A833,2012,31.7,366
A833,2013,42.6,357
A833,2014,30.9,327
A833,2015,21.9,312
A833,2016,19.5,366
A833,2017,29.4,339
A833,2018,18.7,298
A833,2019,29.3,345
A833,2020,18.8,234
A833,2021,16.2,237
A833,2022,22.5,318
A833,2023,26.3,358
A833,2024,22.5,366
A833,2025,35.6,289
A834,2008,33.0,298
A834,2009,36.8,364
A834,2010,29.4,365
A834,2011,28.1,361
A834,2012,24.9,365
A834,2013,23.6,365
A834,2014,22.8,365
A834,2015,22.5,347
A834,2016,25.6,216
A834,2017,30.6,365
A834,2018,21.6,311
A834,2019,23.8,362
A834,2020,21.5,156
A834,2022,18.2,37
A834,2023,28.3,361
A834,2024,19.7,219
A834,2025,25.4,218
A835,2006,18.3,41
A835,2007,22.2,362
A835,2008,24.4,335
A835,2009,21.6,336
A835,2010,24.5,360
A835,2011,23.6,365
A835,2012,23.8,366
A835,2013,20.8,365
A835,2014,20.3,365
A835,2015,21.2,365
A835,2016,23.8,338
A835,2017,22.8,365
A835,2018,19.6,365
A835,2019,17.8,309
A835,2020,20.8,366
A835,2021,20.6,365
A835,2022,25.5,365
A835,2023,30.6,365
A835,2024,23.9,365
A835,2025,19.1,45
A836,2007,23.6,353
A836,2008,23.5,366
A836,2009,30.4,365
A836,2010,25.1,365
A836,2011,27.7,365
A836,2012,26.5,341
A836,2013,26.8,365
A836,2014,29.3,333
A836,2015,32.0,365
A836,2016,26.1,345
A836,2017,22.7,287
A836,2018,31.0,365
A836,2019,22.5,365
A836,2020,24.4,366
A836,2021,19.8,299
A836,2022,16.4,357
A836,2023,23.0,353
A836,2024,34.7,366
A836,2025,28.8,234
A837,2008,23.9,306
A837,2009,25.0,365
A837,2010,24.5,365
A837,2011,26.9,365
A837,2012,32.9,327
A837,2013,26.7,364
A837,2014,30.7,365
A837,2015,30.9,355
A837,2016,31.8,365
A837,2017,38.3,332
A837,2018,26.6,365
A837,2019,31.6,365
A837,2020,23.6,363
A837,2021,34.9,365
A837,2022,29.3,365
A837,2023,25.8,365
A837,2024,39.4,366
A837,2025,27.3,289
A839,2006,18.3,35
A839,2007,23.5,362
A839,2008,24.8,365
A839,2009,24.6,365
A839,2010,24.0,364
A839,2011,22.7,365
A839,2012,28.4,365
A839,2013,23.7,365
A839,2014,33.0,365
A839,2015,22.4,364
A839,2016,28.1,366
A839,2017,31.6,364
A839,2018,25.3,365
A839,2019,25.5,365
A839,2020,26.8,357
A839,2021,23.3,365
A839,2022,22.7,365
A839,2023,22.7,363
A839,2024,25.4,366
A839,2025,20.5,270
A840,2006,18.2,31
A840,2007,24.8,362
A840,2008,23.6,366
A840,2009,22.9,357
A840,2010,21.2,365
A840,2011,24.9,365
A840,2012,24.5,366
A840,2013,20.3,365
A840,2014,27.9,365
A840,2015,25.7,286
A840,2016,26.0,366
A840,2017,26.3,361
A840,2018,22.3,364
A840,2019,24.6,346
A840,2020,24.2,366
A840,2021,27.4,359
A840,2022,23.4,365
A840,2023,29.6,356
A840,2024,25.0,366
A840,2025,22.6,224
A841,2007,25.0,60
A841,2008,22.1,366
A841,2009,24.0,365
A841,2010,23.9,365
A841,2011,28.2,365
A841,2012,25.3,366
A841,2013,25.6,365
A841,2014,27.9,365
A841,2015,26.7,356
A841,2016,23.5,292
A841,2017,25.5,365
A841,2018,25.3,365
A841,2019,19.9,39
A841,2020,30.4,219
A841,2021,23.6,365
A841,2022,25.9,365
A841,2023,29.8,365
A841,2024,25.0,362
A841,2025,15.9,78
A842,2007,21.2,324
A842,2008,20.5,366
A842,2009,24.2,365
A842,2010,22.2,240
A842,2011,21.8,365
A842,2012,26.6,363
A842,2013,24.3,363
A842,2014,23.1,365
A842,2015,21.9,362
A842,2016,21.2,320
A842,2017,29.8,331
A842,2018,25.7,365
A842,2019,20.6,365
A842,2020,21.7,250
A842,2022,23.3,207
A842,2023,15.3,63
A842,2024,26.1,133
A843,2007,24.4,275
A843,2008,24.3,366
A843,2009,22.7,365
A843,2010,24.9,290
A843,2011,37.3,363
A843,2012,29.4,366
A843,2013,29.5,358
A843,2014,23.0,361
A843,2015,40.3,264
A843,2016,26.0,326
A843,2017,28.3,358
A843,2018,29.0,363
A843,2019,24.0,324
A843,2020,29.9,336
A843,2021,9.7,7
A843,2022,19.7,132
A843,2023,27.2,365
A843,2024,26.7,366
A843,2025,23.5,286
A844,2007,22.6,302
A844,2008,21.9,366
A844,2009,21.6,365
A844,2010,21.9,365
A844,2011,27.8,354
A844,2012,31.2,366
A844,2013,20.5,365
A844,2014,27.9,365
A844,2015,42.5,303
A844,2016,26.6,366
A844,2017,24.2,365
A844,2018,31.6,365
A844,2019,36.2,363
A844,2020,28.3,366
A844,2021,24.7,363
A844,2022,23.2,365
A844,2023,23.1,365
A844,2024,31.2,366
A844,2025,21.6,289
A845,2007,25.0,194
A845,2008,25.0,346
A845,2009,34.8,365
A845,2010,35.0,364
A845,2011,39.1,363
A845,2012,39.5,365
A845,2013,41.0,365
A845,2014,41.4,235
A845,2015,36.7,352
A845,2016,39.0,364
A845,2017,38.2,345
A845,2018,30.9,106
A845,2019,36.3,346
A845,2020,38.4,328
A845,2021,36.1,205
A845,2022,38.1,249
A845,2023,40.8,255
A845,2024,36.7,129
A846,2008,24.8,321
A846,2009,24.5,365
A846,2010,21.9,351
A846,2011,22.3,364
A846,2012,29.8,353
A846,2013,23.9,339
A846,2014,32.3,365
A846,2015,25.0,330
A846,2016,24.1,356
A846,2017,25.2,324
A846,2018,28.5,365
A846,2019,25.5,365
A846,2020,24.4,238
A846,2021,26.5,64
A846,2022,25.1,359
A846,2023,26.6,365
A846,2024,27.1,366
A846,2025,29.5,90
A847,2007,18.7,281
A847,2008,22.7,366
A847,2009,24.9,355
A847,2010,22.2,195
A847,2011,23.8,331
A847,2012,26.0,366
A847,2013,20.7,212
A847,2014,20.0,365
A847,2015,19.4,365
A847,2016,24.3,199
A847,2017,35.7,362
A847,2018,23.1,32
A848,2008,23.5,215
A848,2009,24.8,365
A848,2010,20.5,306
A848,2011,20.7,365
A848,2012,26.1,274
A848,2013,24.8,262
A848,2014,31.5,365
A848,2015,24.4,258
A848,2016,26.0,366
A848,2017,32.0,365
A848,2018,21.7,365
A848,2019,26.0,365
A848,2020,22.6,366
A848,2021,20.2,351
A848,2022,20.3,342
A848,2023,32.6,365
A848,2024,23.1,284
A849,2008,22.0,300
A849,2009,23.2,365
A849,2010,21.7,277
A849,2011,21.6,365
A849,2012,25.0,363
A849,2013,22.0,363
A849,2014,33.4,365
A849,2015,23.3,364
A849,2016,30.8,366
A849,2017,19.5,365
A849,2018,26.3,252
A849,2019,24.7,365
A849,2020,18.3,363
A849,2021,26.7,121
A849,2022,22.5,306
A849,2023,25.0,365
A849,2024,25.5,268
A849,2025,26.6,289
A850,2008,23.7,303
A850,2009,19.3,58
A850,2010,22.1,289
A850,2011,22.0,364
A850,2012,27.2,366
A850,2013,25.9,365
A850,2014,31.0,365
A850,2015,21.3,354
A850,2016,28.3,364
A850,2017,27.7,350
A850,2018,27.4,309
A850,2019,22.7,365
A850,2020,28.9,366
A850,2021,20.5,143
A850,2022,18.2,249
A850,2023,35.4,360
A850,2024,23.7,355
A850,2025,20.7,59
A851,2007,16.9,198
A851,2008,17.8,366
A851,2009,20.9,365
A851,2010,19.3,330
A851,2011,19.4,279
A851,2012,16.9,354
A851,2013,16.9,351
A851,2014,16.3,365
A851,2015,17.4,324
A851,2016,22.5,366
A851,2017,17.7,363
A851,2018,16.2,363
A851,2019,19.6,268
A851,2020,26.0,351
A851,2021,27.7,103
A851,2022,21.0,354
A851,2023,27.8,365
A851,2024,20.1,361
A851,2025,18.1,218
A852,2007,21.8,157
A852,2008,23.5,366
A852,2009,23.8,365
A852,2010,23.4,365
A852,2011,23.6,228
A852,2012,25.8,364
A852,2013,22.5,365
A852,2014,24.9,255
A852,2015,23.4,352
A852,2016,22.8,329
A852,2017,26.1,365
A852,2018,21.9,344
A852,2019,21.2,365
A852,2020,20.2,366
A852,2021,22.5,201
A852,2022,24.6,365
A852,2023,25.5,365
A852,2024,28.3,366
A852,2025,27.4,246
A853,2007,20.8,211
A853,2008,24.5,366
A853,2009,28.2,365
A853,2010,27.8,365
A853,2011,25.8,363
A853,2012,31.0,324
A853,2013,26.4,362
A853,2014,28.8,365
A853,2015,27.5,365
A853,2016,26.5,366
A853,2017,37.2,365
A853,2018,24.7,365
A853,2019,25.8,299
A853,2020,27.4,366
A853,2021,42.8,364
A853,2022,28.4,365
A853,2023,30.2,362
A853,2024,38.9,366
A853,2025,18.9,247
A854,2007,19.1,18
A854,2008,23.1,366
A854,2009,24.3,365
A854,2010,22.3,365
A854,2011,25.5,365
A854,2012,31.4,327
A854,2013,21.9,364
A854,2014,18.8,365
A854,2015,24.0,356
A854,2016,19.9,366
A854,2017,22.7,364
A854,2018,22.5,342
A854,2019,21.3,354
A854,2020,21.9,366
A854,2021,17.9,356
A854,2022,21.9,362
A854,2023,25.6,362
A854,2024,20.6,364
A854,2025,20.2,280
A855,2007,24.5,19
A855,2008,24.2,294
A855,2009,23.9,365
A855,2010,24.6,365
A855,2011,24.1,322
A855,2012,27.7,366
A855,2013,25.2,347
A855,2014,35.2,363
A855,2015,31.6,364
A855,2016,21.6,365
A855,2017,30.0,317
A855,2018,21.7,365
A855,2019,28.9,365
A855,2020,27.8,362
A855,2021,12.2,15
A855,2022,17.5,131
A855,2023,33.0,365
A855,2024,23.7,366
A855,2025,24.5,289
A856,2008,19.6,306
A856,2009,25.0,354
A856,2010,22.4,365
A856,2011,23.5,365
A856,2012,22.2,366
A856,2013,25.0,365
A856,2014,25.0,355
A856,2015,28.7,365
A856,2016,27.1,363
A856,2017,25.5,365
A856,2018,21.5,261
A856,2019,24.5,365
A856,2020,30.4,363
A856,2021,30.5,360
A856,2022,23.4,249
A856,2023,38.8,365
A856,2024,28.3,366
A856,2025,20.6,251
A857,2008,21.5,294
A857,2009,23.8,365
A857,2010,22.5,365
A857,2011,22.8,365
A857,2012,28.0,366
A857,2013,28.9,353
A857,2014,29.3,365
A857,2015,30.2,331
A857,2016,22.8,363
A857,2017,27.6,365
A857,2018,27.5,365
A857,2019,36.0,365
A857,2020,23.3,149
A857,2021,22.8,365
A857,2022,22.5,365
A857,2023,23.9,344
A857,2024,22.3,67
A858,2008,23.0,264
A858,2009,25.0,365
A858,2010,24.9,365
A858,2011,32.8,365
A858,2012,23.8,366
A858,2013,24.4,362
A858,2014,23.3,306
A858,2015,25.8,365
A858,2016,22.1,363
A858,2017,22.0,364
A858,2018,21.2,252
A858,2019,21.7,365
A858,2020,25.0,366
A858,2021,28.2,362
A858,2022,21.8,240
A858,2023,31.5,363
A858,2024,23.1,361
A858,2025,25.0,288
A859,2008,24.0,288
A859,2009,27.0,365
A859,2010,19.4,365
A859,2011,21.6,365
A859,2012,20.6,345
A859,2013,27.0,365
A859,2014,18.3,365
A859,2015,22.8,352
A859,2016,20.1,362
A859,2017,19.6,362
A859,2018,22.6,363
A859,2019,22.5,365
A859,2020,31.9,361
A859,2021,17.4,353
A859,2022,22.8,325
A859,2023,19.7,365
A859,2024,18.9,257
A860,2008,24.4,307
A860,2009,24.4,365
A860,2010,24.7,365
A860,2011,43.3,365
A860,2012,25.9,366
A860,2013,28.7,365
A860,2014,27.4,365
A860,2015,26.1,365
A860,2016,36.9,366
A860,2017,23.0,305
A860,2018,22.2,365
A860,2019,20.9,365
A860,2020,21.6,366
A860,2021,16.1,351
A860,2022,23.7,107
A860,2023,24.3,365
A860,2024,24.8,366
A860,2025,20.2,289
A861,2008,23.0,293
A861,2009,30.8,365
A861,2010,20.6,365
A861,2011,29.6,286
A861,2012,22.4,366
A861,2013,26.0,365
A861,2014,20.7,363
A861,2015,20.5,365
A861,2016,18.9,364
A861,2017,24.6,357
A861,2018,25.1,261
A861,2019,24.9,364
A861,2020,19.9,354
A861,2021,19.5,365
A861,2022,23.6,124
A861,2023,20.3,280
A861,2024,26.2,286
A861,2025,19.0,289
A862,2008,20.3,283
A862,2009,30.4,362
A862,2010,24.9,342
A862,2011,27.0,348
A862,2012,23.6,362
A862,2013,18.6,365
A862,2014,23.4,365
A862,2015,22.7,364
A862,2016,21.3,351
A862,2017,22.9,357
A862,2018,17.1,284
A862,2019,14.8,279
A862,2020,20.4,365
A862,2021,17.7,365
A862,2022,21.5,235
A862,2023,20.9,364
A862,2024,23.1,366
A862,2025,22.2,289
A863,2008,17.9,300
A863,2009,23.6,365
A863,2010,21.6,321
A863,2011,22.6,363
A863,2012,21.7,341
A863,2013,23.6,353
A863,2014,22.2,365
A863,2015,23.8,365
A863,2016,23.4,362
A863,2017,24.7,359
A863,2018,31.1,365
A863,2019,29.5,365
A863,2020,27.1,366
A863,2021,26.2,179
A863,2022,18.5,365
A863,2023,29.6,303
A863,2024,26.5,345
A863,2025,15.6,164
A864,2009,33.6,317
A864,2010,21.0,291
A864,2011,26.2,365
A864,2012,25.1,366
A864,2013,28.0,365
A864,2014,25.5,365
A864,2015,30.9,363
A864,2016,22.4,366
A864,2017,23.1,364
A864,2018,20.3,365
A864,2019,29.4,362
A864,2020,30.2,366
A864,2021,24.9,365
A864,2022,27.4,356
A864,2023,26.1,221
A864,2024,22.6,266
A864,2025,24.1,289
A865,2014,23.2,52
A865,2015,23.7,365
A865,2016,22.6,366
A865,2017,23.5,365
A865,2018,23.7,313
A865,2019,23.9,365
A865,2020,21.2,352
A865,2021,16.8,186
A865,2022,19.3,158
A865,2023,24.8,175
A865,2024,19.2,366
A865,2025,19.6,289
A866,2008,25.0,213
A866,2009,27.9,365
A866,2010,27.6,345
A866,2011,29.7,365
A866,2012,36.4,366
A866,2013,31.7,365
A866,2014,36.2,251
A866,2015,31.9,298
A866,2016,36.7,290
A866,2017,24.0,70
A866,2018,32.6,204
A866,2019,26.8,261
A866,2020,44.9,90
A866,2021,24.0,122
A866,2022,28.3,152
A866,2023,30.3,365
A866,2024,35.6,303
A867,2008,17.5,94
A867,2009,23.6,365
A867,2010,22.0,365
A867,2011,29.5,347
A867,2012,21.6,361
A867,2013,27.4,337
A867,2014,21.0,365
A867,2015,20.5,365
A867,2016,26.9,366
A867,2017,23.1,219
A867,2018,20.2,215
A867,2019,25.9,365
A867,2020,23.7,366
A867,2021,22.2,352
A867,2022,22.3,365
A867,2023,28.6,274
A867,2024,21.4,366
A867,2025,26.8,289
A868,2010,17.2,190
A868,2011,18.8,365
A868,2012,20.2,366
A868,2013,20.2,365
A868,2014,23.5,365
A868,2015,18.5,365
A868,2016,19.1,366
A868,2017,33.9,365
A868,2018,15.6,365
A868,2019,17.4,365
A868,2020,23.4,305
A868,2021,17.6,149
A868,2022,21.4,341
A868,2023,25.6,364
A868,2024,21.9,365
A868,2025,22.1,289
A869,2008,19.3,296
A869,2009,24.3,365
A869,2010,20.2,336
A869,2011,22.6,169
A869,2012,21.7,366
A869,2013,21.2,330
A869,2014,27.8,363
A869,2015,23.5,359
A869,2016,24.0,342
A869,2017,22.3,307
A869,2018,24.6,362
A869,2019,23.6,365
A869,2020,23.0,365
A869,2021,19.7,363
A869,2022,17.1,67
A869,2023,22.7,365
A869,2024,19.1,293
A869,2025,23.2,289
A870,2016,16.7,78
A870,2017,21.4,187
A870,2018,20.7,307
A870,2019,18.9,238
A870,2020,21.5,227
A870,2021,21.8,273
A870,2022,21.5,340
A870,2023,24.2,365
A870,2024,15.5,119
A871,2008,21.1,293
A871,2009,24.4,365
A871,2010,21.3,354
A871,2011,21.6,365
A871,2012,20.6,363
A871,2013,21.1,361
A871,2014,32.2,360
A871,2015,23.6,365
A871,2016,24.9,366
A871,2017,20.9,337
A871,2018,27.2,365
A871,2019,21.4,365
A871,2020,22.3,366
A871,2021,14.8,69
A871,2022,24.5,247
A871,2023,21.0,364
A871,2024,25.2,365
A871,2025,21.2,289
A872,2011,25.3,218
A872,2012,26.3,366
A872,2013,28.1,365
A872,2014,22.9,356
A872,2015,21.6,365
A872,2016,22.7,366
A872,2017,21.3,346
A872,2018,21.1,365
A872,2019,24.7,266
A872,2020,12.8,20
A872,2022,22.0,247
A872,2023,20.8,365
A872,2024,23.4,350
A872,2025,24.7,289
A873,2008,18.1,293
A873,2009,22.9,331
A873,2010,21.1,299
A873,2011,21.9,329
A873,2012,22.4,364
A873,2013,21.0,365
A873,2014,25.7,365
A873,2015,21.8,365
A873,2016,25.9,366
A873,2017,19.2,365
A873,2018,27.5,353
A873,2019,16.8,362
A873,2020,35.2,356
A873,2021,20.9,308
A873,2022,19.5,268
A873,2023,20.3,364
A873,2024,20.0,354
A873,2025,21.6,240
A874,2011,17.9,255
A874,2012,17.6,366
A874,2013,19.0,364
A874,2014,19.6,364
A874,2015,20.5,365
A874,2016,14.5,358
A874,2017,17.9,365
A874,2018,15.1,314
A874,2019,18.0,365
A874,2020,17.2,366
A874,2021,20.5,191
A874,2022,14.2,286
A874,2023,16.2,365
A874,2024,20.5,366
A874,2025,32.7,286
A875,2008,22.0,245
A875,2009,21.5,364
A875,2010,19.0,363
A875,2011,22.0,364
A875,2012,21.8,366
A875,2013,18.8,365
A875,2014,20.5,365
A875,2015,22.8,360
A875,2016,17.7,318
A875,2017,17.9,350
A875,2018,23.7,365
A875,2019,22.6,236
A875,2020,20.7,366
A875,2021,21.7,365
A875,2022,19.6,333
A875,2023,20.8,363
A875,2024,19.3,359
A875,2025,19.6,285
A876,2008,23.5,230
A876,2009,29.9,364
A876,2010,24.0,365
A876,2011,23.4,365
A876,2012,22.2,101
A876,2013,21.6,362
A876,2014,25.9,365
A876,2015,20.9,160
A876,2017,23.2,260
A876,2018,22.1,318
A876,2019,26.6,365
A876,2020,33.4,356
A876,2021,23.9,365
A876,2022,22.7,320
A876,2023,19.7,365
A876,2024,28.8,366
A876,2025,23.4,289
A878,2008,22.2,292
A878,2009,25.0,318
A878,2010,24.1,341
A878,2011,25.6,341
A878,2012,35.3,366
A878,2013,30.2,365
A878,2014,23.9,352
A878,2015,41.1,363
A878,2016,31.0,355
A878,2017,37.9,365
A878,2018,29.0,365
A878,2019,31.6,258
A878,2020,29.3,172
A878,2022,26.7,193
A878,2023,25.5,114
A878,2024,19.8,39
A879,2008,24.2,119
A879,2009,48.8,365
A879,2010,35.1,365
A879,2011,25.8,365
A879,2012,26.2,366
A879,2013,23.1,365
A879,2014,24.5,365
A879,2015,24.7,365
A879,2016,39.8,366
A879,2017,25.4,326
A879,2018,25.7,365
A879,2019,26.8,365
A879,2020,30.6,366
A879,2021,20.4,365
A879,2022,34.1,243
A879,2023,33.3,187
A879,2024,28.6,366
A879,2025,16.3,157
A880,2008,24.4,200
A880,2009,24.8,365
A880,2010,22.3,365
A880,2011,24.9,365
A880,2012,21.8,366
A880,2013,22.7,365
A880,2014,41.6,365
A880,2015,43.4,365
A880,2016,30.5,303
A880,2017,44.8,365
A880,2018,44.4,365
A880,2019,40.8,365
A880,2020,25.3,365
A880,2021,22.0,329
A880,2022,24.1,365
A880,2023,34.1,317
A880,2024,33.2,366
A880,2025,21.2,289
A881,2010,22.4,249
A881,2011,25.0,365
A881,2012,29.1,360
A881,2013,24.3,359
A881,2014,29.6,365
A881,2015,25.1,365
A881,2016,24.1,267
A881,2017,29.1,268
A881,2018,27.3,365
A881,2019,34.9,365
A881,2020,29.6,344
A881,2021,19.4,99
A881,2022,21.6,178
A881,2023,23.2,362
A881,2024,24.6,366
A881,2025,26.1,289
A882,2012,22.3,79
A882,2013,25.0,365
A882,2014,24.0,365
A882,2015,22.7,365
A882,2016,22.4,341
A882,2017,24.5,365
A882,2018,24.3,365
A882,2019,24.6,359
A882,2020,22.6,366
A882,2021,24.6,339
A882,2022,22.6,365
A882,2023,23.7,365
A882,2024,35.2,330
A882,2025,24.3,104
A883,2012,19.4,19
A883,2013,19.6,355
A883,2014,22.8,336
A883,2015,18.5,338
A883,2016,24.7,366
A883,2017,23.0,365
A883,2018,20.4,365
A883,2019,19.8,365
A883,2020,18.5,366
A883,2021,19.2,338
A883,2022,20.7,364
A883,2023,20.2,362
A883,2024,21.8,337
A884,2013,13.9,30
A884,2014,25.0,365
A884,2015,24.5,365
A884,2016,19.1,366
A884,2017,22.4,365
A884,2018,18.2,365
A884,2019,21.6,365
A884,2020,21.6,366
A884,2021,22.5,365
A884,2022,21.2,365
A884,2023,18.9,365
A884,2024,19.4,366
A884,2025,22.0,176
A886,2016,22.4,143
A886,2017,35.5,365
A886,2018,26.8,365
A886,2019,20.1,364
A886,2020,21.5,366
A886,2021,29.8,365
A886,2022,20.3,365
A886,2023,20.5,324
A886,2024,23.2,366
A886,2025,16.5,284
A889,2016,23.6,270
A889,2017,22.2,365
A889,2018,22.9,351
A889,2019,24.7,365
A889,2020,21.8,342
A889,2021,20.4,365
A889,2022,23.8,364
A889,2023,25.0,318
A889,2024,24.2,341
A889,2025,25.1,233
A893,2018,26.0,292
A893,2019,23.1,347
A893,2020,22.7,366
A893,2021,19.5,362
A893,2022,31.4,365
A893,2023,22.5,365
A893,2024,32.2,321
A893,2025,21.9,241
A894,2016,24.5,268
A894,2017,22.2,365
A894,2018,22.4,365
A894,2019,22.0,365
A894,2020,18.1,366
A894,2021,24.5,365
A894,2022,20.8,365
A894,2023,21.0,365
A894,2024,21.3,364
A894,2025,21.5,289
A895,2019,24.1,316
A895,2020,30.1,366
A895,2021,24.6,364
A895,2022,22.2,365
A895,2023,27.7,365
A895,2024,24.7,366
A895,2025,24.5,289
A897,2016,16.6,37
A897,2017,25.3,365
A897,2018,28.4,365
A897,2019,24.3,344
A897,2020,29.9,362
A897,2021,23.0,365
A897,2022,21.7,365
A897,2023,27.2,357
A897,2024,25.3,366
A897,2025,21.4,289
A898,2019,24.2,313
A898,2020,24.4,366
A898,2021,34.2,363
A898,2022,30.0,365
A898,2023,23.3,365
A898,2024,22.3,366
A898,2025,22.5,289
A901,2002,15.0,14
A901,2003,19.8,356
A901,2004,16.5,366
A901,2005,20.5,361
A901,2006,16.6,328
A901,2007,17.0,320
A901,2008,18.2,288
A901,2009,15.0,72
A901,2010,15.0,96
A901,2011,18.3,179
A901,2012,24.5,366
A901,2013,17.1,365
A901,2014,17.9,362
A901,2015,20.8,365
A901,2016,18.8,331
A901,2017,21.6,357
A901,2018,17.6,364
A901,2019,23.1,295
A901,2020,19.6,366
A901,2021,20.0,363
A901,2022,17.9,333
A901,2023,23.6,216
A901,2024,20.5,366
A901,2025,14.9,243
A902,2003,24.2,225
A902,2004,20.7,362
A902,2005,24.8,360
A902,2006,21.1,358
A902,2007,20.8,365
A902,2008,24.2,366
A902,2009,17.3,149
A902,2010,22.5,271
A902,2011,24.9,258
A902,2012,25.0,366
A902,2013,20.0,351
A902,2014,23.1,311
A902,2015,21.8,363
A902,2016,18.8,174
A902,2017,19.6,124
A902,2018,21.6,228
A902,2019,23.9,365
A902,2020,18.1,328
A902,2021,24.3,152
A902,2022,22.8,359
A902,2023,23.1,365
A902,2024,21.9,366
A902,2025,22.8,277
A903,2003,16.2,301
A903,2004,18.6,366
A903,2005,22.0,360
A903,2006,17.8,287
A903,2007,21.7,365
A903,2008,14.8,293
A903,2009,19.8,365
A903,2010,13.0,85
A903,2011,16.9,320
A903,2012,18.2,366
A903,2013,18.7,365
A903,2014,14.6,353
A903,2015,20.6,365
A903,2016,21.5,366
A903,2017,17.8,364
A903,2018,14.9,211
A903,2019,0.7,1
A903,2022,17.2,242
A903,2023,14.0,364
A903,2024,20.7,366
A903,2025,15.9,289
A904,2003,16.9,349
A904,2004,14.3,166
A904,2005,1.5,76
A904,2006,0.8,215
A904,2007,20.1,361
A904,2008,18.3,301
A904,2009,17.8,253
A904,2010,20.1,129
A904,2011,16.1,339
A904,2012,20.5,366
A904,2013,16.7,290
A904,2014,20.2,365
A904,2015,22.5,365
A904,2016,19.8,365
A904,2017,21.4,365
A904,2018,20.5,365
A904,2019,22.7,271
A904,2020,11.8,5
A904,2022,14.5,72
A904,2023,19.7,365
A904,2024,18.7,366
A904,2025,21.2,287
A905,2003,15.4,349
A905,2004,17.5,359
A905,2005,15.1,84
A905,2006,15.0,114
A905,2007,24.6,174
A905,2008,16.8,93
A905,2009,16.1,63
A905,2010,22.4,201
A905,2011,23.2,365
A905,2012,22.1,366
A905,2013,22.7,355
A905,2014,24.0,252
A905,2015,17.6,365
A905,2016,19.4,366
A905,2017,18.5,365
A905,2018,18.4,365
A905,2019,17.9,365
A905,2020,22.5,366
A905,2021,18.1,191
A905,2022,19.7,327
A905,2023,16.1,178
A905,2024,17.6,175
A906,2003,19.4,339
A906,2004,24.8,366
A906,2005,17.2,114
A906,2007,18.2,228
A906,2008,22.1,365
A906,2009,21.1,365
A906,2010,23.3,365
A906,2011,19.6,160
A906,2012,19.4,366
A906,2013,21.1,365
A906,2014,24.6,358
A906,2015,17.9,298
A906,2016,19.5,361
A906,2017,21.3,365
A906,2018,20.1,365
A906,2019,17.4,365
A906,2020,19.5,330
A906,2022,14.0,70
A906,2023,16.6,365
A906,2024,17.9,361
A906,2025,12.8,82
A907,2003,20.3,45
A907,2004,21.9,366
A907,2005,23.4,360
A907,2006,20.2,358
A907,2007,23.2,232
A907,2008,22.3,364
A907,2009,24.7,365
A907,2010,22.6,218
A907,2011,19.1,365
A907,2012,19.2,366
A907,2013,18.9,365
A907,2014,21.3,365
A907,2015,24.1,365
A907,2016,17.5,302
A907,2017,24.8,365
A907,2018,18.8,365
A907,2019,23.3,303
A907,2020,21.9,366
A907,2021,21.1,284
A907,2022,19.6,250
A907,2023,18.7,362
A907,2024,17.1,208
A907,2025,17.0,289
A908,2006,15.6,16
A908,2007,22.0,365
A908,2008,21.9,364
A908,2009,22.1,365
A908,2010,21.2,365
A908,2011,23.9,365
A908,2012,20.4,366
A908,2013,24.8,297
A908,2014,19.9,296
A908,2015,24.6,365
A908,2016,19.0,288
A908,2017,20.3,365
A908,2018,19.3,365
A908,2019,20.8,346
A908,2020,18.1,309
A908,2021,17.3,158
A908,2022,18.3,189
A908,2023,21.7,220
A908,2024,22.3,366
A908,2025,24.7,289
A909,2011,18.7,97
A909,2012,21.7,366
A909,2013,19.2,334
A909,2014,21.9,154
A909,2015,18.9,317
A909,2016,24.0,365
A909,2017,19.4,365
A909,2018,20.9,365
A909,2019,20.0,316
A909,2020,19.7,366
A909,2021,18.2,315
A909,2022,21.3,261
A909,2023,21.9,365
A909,2024,18.1,366
A909,2025,16.7,288
A910,2006,16.0,65
A910,2007,20.1,365
A910,2008,17.3,365
A910,2009,15.4,351
A910,2010,12.5,190
A910,2011,15.3,315
A910,2012,19.1,366
A910,2013,22.0,360
A910,2014,21.3,319
A910,2015,21.3,269
A910,2016,18.8,341
A910,2017,16.3,312
A910,2018,21.7,287
A910,2019,20.9,362
A910,2020,15.1,366
A910,2021,11.2,93
A910,2022,16.0,67
A910,2023,22.2,365
A910,2024,18.9,133
A911,2017,18.4,73
A911,2018,40.0,365
A911,2019,27.1,281
A911,2020,24.6,364
A911,2021,23.4,363
A911,2022,25.6,323
A911,2023,27.4,224
A911,2024,31.8,366
A911,2025,22.9,289
A912,2006,17.3,41
A912,2007,23.9,365
A912,2008,21.9,365
A912,2009,21.5,365
A912,2010,22.3,361
A912,2011,20.5,365
A912,2012,24.4,366
A912,2013,21.0,350
A912,2014,23.7,339
A912,2015,23.5,365
A912,2016,24.3,285
A912,2017,23.2,350
A912,2018,22.1,217
A912,2019,22.5,322
A912,2020,21.9,338
A912,2021,22.0,323
A912,2022,17.4,276
A912,2023,23.4,365
A912,2024,21.0,366
A912,2025,20.2,289
A913,2006,13.4,34
A913,2007,20.8,365
A913,2008,18.1,365
A913,2009,21.4,365
A913,2010,16.7,357
A913,2011,17.3,365
A913,2012,20.2,360
A913,2013,20.9,362
A913,2014,21.8,365
A913,2015,17.3,204
A913,2016,22.7,366
A913,2017,23.2,285
A913,2018,20.2,365
A913,2019,15.7,254
A913,2020,15.4,362
A913,2021,15.4,125
A913,2022,19.7,334
A913,2023,20.3,364
A913,2024,15.0,268
A914,2006,15.3,61
A914,2007,22.1,365
A914,2008,17.6,365
A914,2009,17.6,365
A914,2010,21.1,365
A914,2011,17.8,365
A914,2012,15.9,186
A914,2013,18.8,313
A914,2014,18.0,365
A914,2015,20.8,365
A914,2016,17.4,282
A914,2017,21.4,268
A914,2018,16.4,365
A914,2019,17.9,228
A914,2020,15.6,267
A914,2022,15.2,64
A914,2023,21.9,322
A915,2006,17.2,14
A915,2007,24.0,365
A915,2008,22.5,353
A915,2010,22.7,124
A915,2011,19.3,318
A915,2012,22.6,366
A915,2013,16.7,245
A915,2014,23.8,337
A915,2015,22.3,365
A915,2016,20.8,366
A915,2017,16.3,81
A915,2018,15.9,65
A915,2019,19.8,218
A915,2022,14.9,63
A915,2023,24.5,228
A915,2024,23.7,366
A915,2025,17.3,262
A916,2007,18.1,165
A916,2008,20.7,364
A916,2009,19.4,365
A916,2010,18.4,256
A916,2011,17.9,365
A916,2012,24.3,315
A916,2013,22.3,365
A916,2014,16.9,213
A916,2015,20.5,365
A916,2016,23.1,339
A916,2017,24.2,365
A916,2018,16.6,183
A916,2019,20.3,365
A916,2020,20.0,336
A916,2022,17.2,184
A916,2023,19.4,365
A916,2024,17.2,366
A916,2025,20.0,68
A917,2006,18.0,61
A917,2007,19.0,365
A917,2008,18.6,364
A917,2009,17.5,360
A917,2010,22.3,364
A917,2011,17.9,329
A917,2012,20.4,366
A917,2013,20.5,339
A917,2014,18.8,240
A917,2015,24.2,353
A917,2016,21.0,309
A917,2017,21.5,331
A917,2018,20.4,338
A917,2019,17.7,365
A917,2020,20.9,185
A917,2022,19.3,70
A917,2023,19.1,365
A917,2024,22.2,365
A917,2025,18.8,258
A918,2008,22.8,208
A918,2009,19.6,365
A918,2010,23.8,365
A918,2011,16.7,284
A918,2012,19.4,301
A918,2013,22.8,365
A918,2014,22.2,365
A918,2015,21.0,357
A918,2016,23.0,366
A918,2017,21.7,110
A919,2007,16.5,218
A919,2008,18.5,365
A919,2009,17.6,365
A919,2010,23.5,365
A919,2011,18.4,365
A919,2012,14.4,351
A919,2013,12.9,365
A919,2014,23.7,317
A919,2015,16.9,340
A919,2016,15.0,226
A919,2017,19.0,365
A919,2018,24.2,344
A919,2019,22.7,299
A919,2020,12.5,88
A919,2022,12.7,66
A919,2023,17.9,365
A919,2024,24.7,366
A919,2025,23.1,277
A920,2006,12.5,17
A920,2007,17.4,71
A920,2008,17.0,364
A920,2009,21.9,365
A920,2010,22.6,365
A920,2011,18.8,362
A920,2012,18.6,366
A920,2013,17.7,365
A920,2014,23.8,365
A920,2015,21.4,365
A920,2016,16.0,360
A920,2017,18.4,364
A920,2018,20.6,249
A920,2019,19.5,223
A920,2020,24.6,366
A920,2021,16.3,359
A920,2022,15.3,65
A920,2023,17.6,365
A920,2024,14.6,365
A920,2025,14.5,111
A921,2007,23.1,17
A921,2008,19.3,110
A921,2009,18.1,365
A921,2010,22.4,260
A921,2011,16.1,150
A921,2012,19.9,366
A921,2013,20.8,332
A921,2014,22.7,365
A921,2015,20.9,47
A921,2016,21.6,366
A921,2017,17.1,243
A921,2018,21.8,339
A921,2019,21.6,196
A921,2020,20.7,353
A921,2021,17.4,236
A921,2022,17.1,195
A921,2023,24.9,37
A922,2006,13.6,32
A922,2007,20.0,365
A922,2008,21.7,359
A922,2009,19.3,355
A922,2010,18.3,258
A922,2011,17.7,302
A922,2012,19.2,328
A922,2013,18.4,320
A922,2014,20.6,328
A922,2015,21.3,353
A922,2016,16.4,302
A922,2018,17.3,132
A922,2019,17.1,340
A922,2020,22.2,366
A922,2022,19.1,245
A922,2023,23.9,332
A922,2024,21.6,364
A922,2025,15.3,80
A923,2017,18.7,67
A923,2018,46.5,365
A923,2019,21.3,181
A923,2020,22.0,366
A923,2021,20.4,31
A923,2022,23.9,294
A923,2023,31.0,365
A923,2024,22.2,154
A924,2007,17.5,127
A924,2008,20.0,364
A924,2009,16.1,176
A924,2011,16.6,107
A924,2012,22.9,317
A924,2013,22.3,365
A924,2014,16.6,365
A924,2015,19.6,311
A924,2016,19.0,366
A924,2017,17.3,315
A924,2018,17.8,225
A924,2019,17.8,357
A924,2020,20.6,214
A924,2022,15.2,68
A924,2023,15.0,236
A924,2024,18.0,347
A925,2007,19.5,173
A925,2008,25.0,176
A925,2009,24.9,365
A925,2010,24.8,48
A925,2011,14.7,85
A925,2012,20.5,177
A925,2013,24.9,152
A925,2014,17.4,343
A925,2015,20.1,326
A925,2016,22.4,366
A925,2017,23.2,360
A925,2018,17.1,365
A925,2019,11.5,32
A925,2021,21.9,33
A925,2022,16.7,174
A925,2023,22.2,258
A925,2024,20.9,287
A925,2025,13.5,126
A926,2008,22.4,265
A926,2009,21.5,365
A926,2010,20.2,365
A926,2011,20.0,363
A926,2012,21.8,366
A926,2013,19.3,324
A926,2014,19.1,365
A926,2015,24.3,365
A926,2016,21.7,320
A926,2017,20.1,365
A926,2018,20.0,365
A926,2019,21.7,364
A926,2020,20.3,363
A926,2021,11.0,10
A926,2022,16.2,68
A926,2023,17.6,105
A926,2024,17.8,257
A927,2008,19.9,307
A927,2009,18.1,365
A927,2010,22.6,257
A927,2011,18.0,58
A927,2012,22.7,366
A927,2013,19.1,365
A927,2014,17.0,83
A927,2015,20.3,171
A927,2016,19.9,366
A927,2017,20.1,339
A927,2018,22.2,359
A927,2019,20.7,363
A927,2020,21.0,235
A927,2022,15.7,62
A927,2023,22.2,365
A927,2024,15.9,344
A927,2025,20.1,227
A928,2008,18.2,248
A928,2009,21.3,365
A928,2010,24.0,343
A928,2011,19.6,365
A928,2012,21.0,363
A928,2013,20.2,365
A928,2014,17.0,365
A928,2015,22.6,364
A928,2016,16.3,307
A928,2017,21.8,365
A928,2018,17.6,365
A928,2019,19.3,365
A928,2020,17.3,325
A928,2021,18.1,77
A928,2022,18.1,183
A928,2023,20.3,217
A928,2024,22.3,366
A928,2025,21.6,289
A929,2008,24.2,244
A929,2009,23.6,277
A929,2010,23.5,272
A929,2011,21.3,365
A929,2012,23.5,366
A929,2013,24.7,357
A929,2014,22.9,365
A929,2015,23.1,364
A929,2016,24.8,287
A929,2017,18.6,273
A929,2018,22.3,365
A929,2019,23.1,365
A929,2020,22.6,317
A929,2022,17.8,71
A929,2023,21.9,365
A929,2024,18.2,15
A929,2025,14.7,40
A930,2008,19.0,138
A930,2009,22.0,365
A930,2010,18.6,365
A930,2011,16.7,338
A930,2012,21.1,366
A930,2013,16.9,365
A930,2014,22.2,363
A930,2015,22.2,365
A930,2016,20.8,298
A930,2017,18.4,364
A930,2018,18.8,316
A930,2019,15.4,185
A930,2020,14.8,352
A930,2021,15.7,80
A930,2022,18.2,285
A930,2023,19.7,365
A930,2024,17.2,278
A930,2025,13.1,276
A931,2008,19.2,213
A931,2009,20.5,365
A931,2010,24.6,365
A931,2011,20.5,365
A931,2012,23.0,342
A931,2013,20.6,365
A931,2014,22.9,365
A931,2015,24.2,365
A931,2016,21.7,366
A931,2017,18.5,342
A931,2018,23.5,365
A931,2019,23.1,365
A931,2020,20.1,350
A931,2021,10.7,5
A931,2022,21.1,294
A931,2023,19.9,302
A931,2024,22.1,366
A931,2025,15.7,189
A932,2008,19.2,341
A932,2009,20.5,365
A932,2010,18.7,365
A932,2011,20.4,297
A932,2012,21.0,366
A932,2013,18.2,365
A932,2014,22.9,365
A932,2015,23.0,313
A932,2016,21.9,331
A932,2017,18.4,342
A932,2018,17.8,355
A932,2019,21.9,365
A932,2020,18.1,365
A932,2021,17.7,161
A932,2022,21.1,296
A932,2023,17.7,365
A932,2024,13.6,184
A932,2025,21.8,141
A933,2008,22.7,139
A933,2009,20.3,365
A933,2010,22.7,365
A933,2011,24.5,225
A933,2012,23.7,313
A933,2013,20.8,363
A933,2014,21.5,365
A933,2015,22.6,365
A933,2016,20.5,364
A933,2017,19.2,364
A933,2018,15.2,364
A933,2019,17.7,327
A933,2022,17.8,297
A933,2023,18.5,206
A933,2024,15.8,257
A933,2025,17.0,227
A934,2008,20.8,248
A934,2009,3.2,6
A934,2010,0.4,1
A934,2011,20.0,318
A934,2012,25.0,365
A934,2013,24.0,365
A934,2014,22.3,365
A934,2015,24.8,365
A934,2016,23.4,283
A934,2017,22.8,365
A934,2018,21.8,365
A934,2019,21.7,293
A934,2020,21.0,366
A934,2021,23.9,363
A934,2022,19.5,360
A934,2023,23.5,365
A934,2024,18.9,366
A934,2025,23.6,286
A935,2008,21.3,217
A935,2009,19.4,203
A935,2010,17.9,203
A935,2011,20.2,365
A935,2012,21.8,366
A935,2013,20.2,365
A935,2014,21.0,340
A935,2015,18.7,310
A935,2016,22.7,309
A935,2017,17.6,361
A935,2018,20.7,334
A935,2019,21.8,176
A935,2020,16.7,146
A935,2022,21.0,248
A935,2023,19.1,365
A935,2024,12.8,23
A936,2008,17.5,338
A936,2009,20.4,365
A936,2010,20.9,365
A936,2011,18.0,365
A936,2012,17.0,363
A936,2013,17.8,365
A936,2014,22.0,365
A936,2015,22.8,269
A936,2016,19.2,366
A936,2017,14.7,224
A936,2018,17.0,365
A936,2019,22.2,365
A936,2020,18.3,362
A936,2021,14.3,83
A936,2022,18.6,246
A936,2023,18.9,365
A936,2024,19.0,366
A936,2025,14.8,289
A937,2008,19.0,334
A937,2009,17.4,365
A937,2010,19.7,365
A937,2011,17.3,227
A937,2012,17.4,366
A937,2013,19.8,365
A937,2014,24.4,365
A937,2015,20.2,365
A937,2016,21.7,366
A937,2017,17.9,365
A937,2018,16.9,365
A937,2019,19.3,364
A937,2020,21.5,361
A937,2021,18.5,250
A937,2022,17.3,313
A937,2023,21.8,365
A937,2024,14.4,249
A938,2008,17.4,127
A938,2009,20.7,362
A938,2010,16.8,349
A938,2011,22.8,365
A938,2012,19.1,362
A938,2013,16.0,365
A938,2014,16.8,365
A938,2015,16.8,300
A938,2016,16.9,150
A938,2017,22.0,365
A938,2018,16.6,365
A938,2019,15.0,319
A938,2020,18.6,278
A938,2022,9.4,45
A938,2023,19.7,224
A938,2024,18.3,273
A939,2008,20.9,164
A939,2009,18.5,365
A939,2010,24.4,365
A939,2011,21.4,365
A939,2012,20.4,366
A939,2013,15.8,360
A939,2014,23.2,365
A939,2015,22.9,348
A939,2016,19.9,366
A939,2017,23.9,365
A939,2018,18.2,344
A939,2019,16.0,365
A939,2020,19.6,366
A939,2021,13.4,190
A939,2022,7.8,5
A939,2023,17.7,224
A939,2024,16.9,366
A939,2025,17.0,248
A940,2008,21.7,164
A940,2009,18.9,365
A940,2010,25.0,115
A940,2011,21.0,365
A940,2012,23.9,337
A940,2013,24.9,364
A940,2014,17.1,249
A940,2015,19.1,249
A940,2016,18.6,340
A940,2017,19.0,232
A940,2018,24.6,250
A940,2019,15.3,184
A940,2020,13.6,50
A940,2023,16.4,128
A940,2024,20.5,73
A941,2012,17.9,274
A941,2013,22.3,365
A941,2014,19.1,365
A941,2015,21.4,270
A941,2016,17.3,366
A941,2017,19.2,365
A941,2018,21.2,365
A941,2019,17.3,331
A941,2020,17.3,366
A941,2021,13.8,7
A942,2019,33.7,316
A942,2020,24.9,366
A942,2021,14.4,236
A943,2019,21.8,111
A943,2020,22.3,366
A943,2021,18.6,232
A943,2022,20.5,187
A943,2023,27.7,364
A943,2024,12.2,20
A944,2019,20.0,216
A944,2020,16.1,26
A944,2021,15.0,331
A944,2022,18.1,286
A944,2023,16.3,365
A944,2024,15.1,366
A944,2025,15.5,289
B803,2016,34.9,149
B803,2017,26.4,329
B803,2018,26.6,347
B803,2019,30.1,294
B803,2020,21.4,110
B803,2021,15.7,65
B803,2022,21.2,365
B803,2023,21.9,365
B803,2024,19.4,264
B804,2016,23.1,137
B804,2017,16.3,329
B804,2018,24.5,284
B804,2019,12.2,46
B804,2020,21.0,354
B804,2021,17.5,325
B804,2023,21.1,102
B804,2024,35.3,320
B804,2025,33.0,60
B806,2016,16.0,214
B806,2017,21.5,365
B806,2018,23.7,365
B806,2019,16.9,365
B806,2020,22.3,366
B806,2021,17.0,365
B806,2022,15.9,355
B806,2023,17.0,365
B806,2024,17.5,366
B806,2025,19.3,289
B807,2022,16.9,24
B807,2023,30.0,365
B807,2024,24.8,366
B807,2025,23.3,261
B808,2025,12.8,38
B809,2025,16.0,38
B810,2025,15.0,38
B811,2025,15.7,38
B812,2025,13.1,38
B813,2025,10.4,4
B814,2025,10.6,4
B816,2025,9.3,4
B817,2025,11.7,4
B818,2025,12.2,4
B819,2025,16.4,38
B820,2025,14.9,32
B821,2025,8.6,4
B822,2025,12.6,4
B823,2025,11.1,4
B825,2025,13.5,4
B827,2025,11.5,4
B828,2025,14.9,4
B829,2025,18.7,4
F501,2014,24.8,339
F501,2015,24.6,365
F501,2016,25.0,366
F501,2017,25.0,365
F501,2018,28.6,365
F501,2019,27.3,365
F501,2020,28.8,366
F501,2021,25.7,314
F501,2022,28.5,365
F501,2023,27.1,365
F501,2024,29.0,366
F501,2025,27.1,289
