method,pct,codigo_estacao,predicted,observed
"V2 (IDW p=2, k=15)",p95,A001,16.390427690719402,24.1
"V2 (IDW p=2, k=15)",p95,A002,15.664129154894606,22.3
"V2 (IDW p=2, k=15)",p95,A003,16.464263310948446,23.88
"V2 (IDW p=2, k=15)",p95,A004,14.769737185058005,23.305
"V2 (IDW p=2, k=15)",p95,A005,15.484651364242584,22.2
"V2 (IDW p=2, k=15)",p95,A006,16.687887706047377,17.125
"V2 (IDW p=2, k=15)",p95,A007,15.710478024189753,23.235
"V2 (IDW p=2, k=15)",p95,A008,23.79687362213646,23.6
"V2 (IDW p=2, k=15)",p95,A009,14.825614365609837,23.09
"V2 (IDW p=2, k=15)",p95,A010,15.284910889512147,22.2
"V2 (IDW p=2, k=15)",p95,A011,17.329554535250743,24.72
"V2 (IDW p=2, k=15)",p95,A012,16.081489806800846,23.835
"V2 (IDW p=2, k=15)",p95,A013,15.948415025485183,22.509999999999994
"V2 (IDW p=2, k=15)",p95,A014,14.97920849932866,23.91
"V2 (IDW p=2, k=15)",p95,A015,14.232772715677264,23.88
"V2 (IDW p=2, k=15)",p95,A016,19.58584115576714,24.23
"V2 (IDW p=2, k=15)",p95,A017,16.174714815765327,23.23
"V2 (IDW p=2, k=15)",p95,A018,15.717075444671773,24.71
"V2 (IDW p=2, k=15)",p95,A019,15.011142887625198,22.459999999999994
"V2 (IDW p=2, k=15)",p95,A020,15.185876959246222,23.43
"V2 (IDW p=2, k=15)",p95,A021,16.441434990212898,17.889999999999997
"V2 (IDW p=2, k=15)",p95,A022,14.720919740789526,24.15
"V2 (IDW p=2, k=15)",p95,A023,16.296697873006423,23.65
"V2 (IDW p=2, k=15)",p95,A024,17.067140240721937,22.119999999999997
"V2 (IDW p=2, k=15)",p95,A025,18.41444379094944,24.959999999999997
"V2 (IDW p=2, k=15)",p95,A026,18.131568117910195,24.81
"V2 (IDW p=2, k=15)",p95,A027,17.701353772987453,23.86
"V2 (IDW p=2, k=15)",p95,A028,15.84083732942472,24.38
"V2 (IDW p=2, k=15)",p95,A029,16.166501583812696,37.12
"V2 (IDW p=2, k=15)",p95,A031,15.044099659236933,28.78
"V2 (IDW p=2, k=15)",p95,A032,14.803319444195674,24.64
"V2 (IDW p=2, k=15)",p95,A033,15.596738914891432,23.5
"V2 (IDW p=2, k=15)",p95,A034,15.573582727390626,21.759999999999998
"V2 (IDW p=2, k=15)",p95,A035,17.935909690876716,24.36
"V2 (IDW p=2, k=15)",p95,A036,18.81743891738745,24.66
"V2 (IDW p=2, k=15)",p95,A037,15.476858118545138,21.7
"V2 (IDW p=2, k=15)",p95,A038,16.775102963761658,24.415
"V2 (IDW p=2, k=15)",p95,A039,15.739956823542126,23.709999999999997
"V2 (IDW p=2, k=15)",p95,A040,16.511592854607606,24.2
"V2 (IDW p=2, k=15)",p95,A041,15.621246479980163,24.67
"V2 (IDW p=2, k=15)",p95,A042,15.6071918476393,28.279999999999998
"V2 (IDW p=2, k=15)",p95,A043,14.925531131339127,19.14
"V2 (IDW p=2, k=15)",p95,A044,14.515215022210551,24.175
"V2 (IDW p=2, k=15)",p95,A045,15.829325810670227,21.544999999999998
"V2 (IDW p=2, k=15)",p95,A046,21.367096388964804,25.72
"V2 (IDW p=2, k=15)",p95,A047,15.438287137424958,23.1
"V2 (IDW p=2, k=15)",p95,A048,13.637631930285455,33.249999999999986
"V2 (IDW p=2, k=15)",p95,A049,14.522744417556968,33.234999999999985
"V2 (IDW p=2, k=15)",p95,A050,16.413918339295627,27.46999999999999
"V2 (IDW p=2, k=15)",p95,A051,16.915111394651614,21.38
"V2 (IDW p=2, k=15)",p95,A052,15.296765434529107,22.2
"V2 (IDW p=2, k=15)",p95,A053,17.537562840836426,24.099999999999998
"V2 (IDW p=2, k=15)",p95,A054,15.247652117594905,23.6
"V2 (IDW p=2, k=15)",p95,A055,15.988999544801114,25.18499999999999
"V2 (IDW p=2, k=15)",p95,A056,16.11191605755814,41.72
"V2 (IDW p=2, k=15)",p95,A101,15.006361790390848,38.375
"V2 (IDW p=2, k=15)",p95,A102,16.259102224739486,22.349999999999998
"V2 (IDW p=2, k=15)",p95,A104,15.607276422068956,23.759999999999998
"V2 (IDW p=2, k=15)",p95,A108,16.407702454952172,19.14
"V2 (IDW p=2, k=15)",p95,A109,14.473174876131147,21.735
"V2 (IDW p=2, k=15)",p95,A110,15.458499732425526,22.68
"V2 (IDW p=2, k=15)",p95,A111,14.454791664809818,19.93
"V2 (IDW p=2, k=15)",p95,A112,13.568899574015298,24.259999999999998
"V2 (IDW p=2, k=15)",p95,A113,12.949800461479159,23.625
"V2 (IDW p=2, k=15)",p95,A117,11.85901818300596,21.53
"V2 (IDW p=2, k=15)",p95,A119,18.238107131893493,22.055
"V2 (IDW p=2, k=15)",p95,A121,13.600149906035766,20.199999999999996
"V2 (IDW p=2, k=15)",p95,A122,13.606541839455446,19.275
"V2 (IDW p=2, k=15)",p95,A123,12.90740452063809,18.825
"V2 (IDW p=2, k=15)",p95,A124,13.03137076819662,17.0
"V2 (IDW p=2, k=15)",p95,A125,18.32915844389719,21.964999999999996
"V2 (IDW p=2, k=15)",p95,A126,14.380916225780577,20.5
"V2 (IDW p=2, k=15)",p95,A127,15.119220453784951,14.8
"V2 (IDW p=2, k=15)",p95,A128,14.3070494737394,19.48
"V2 (IDW p=2, k=15)",p95,A133,12.684817499097349,23.04
"V2 (IDW p=2, k=15)",p95,A134,12.73927401479864,19.259999999999998
"V2 (IDW p=2, k=15)",p95,A135,15.324035571775823,23.15
"V2 (IDW p=2, k=15)",p95,A136,15.361162219123937,19.89
"V2 (IDW p=2, k=15)",p95,A137,17.866367889926526,24.92
"V2 (IDW p=2, k=15)",p95,A138,15.34376650624642,23.95
"V2 (IDW p=2, k=15)",p95,A140,17.22922131964719,20.459999999999997
"V2 (IDW p=2, k=15)",p95,A144,14.907315785498602,21.525
"V2 (IDW p=2, k=15)",p95,A201,14.419481934399371,19.57
"V2 (IDW p=2, k=15)",p95,A202,15.534799227216702,20.839999999999996
"V2 (IDW p=2, k=15)",p95,A203,14.220665863225754,17.58
"V2 (IDW p=2, k=15)",p95,A204,14.436801514958056,23.619999999999997
"V2 (IDW p=2, k=15)",p95,A205,14.933643738416762,20.999999999999996
"V2 (IDW p=2, k=15)",p95,A206,14.837825,23.58
"V2 (IDW p=2, k=15)",p95,A207,14.057777784754313,20.374999999999993
"V2 (IDW p=2, k=15)",p95,A208,15.997134974596216,18.36
"V2 (IDW p=2, k=15)",p95,A209,16.697543788753336,17.729999999999997
"V2 (IDW p=2, k=15)",p95,A210,15.33955257736194,20.979999999999997
"V2 (IDW p=2, k=15)",p95,A211,13.702816597589864,21.34
"V2 (IDW p=2, k=15)",p95,A212,14.62675741637263,23.889999999999997
"V2 (IDW p=2, k=15)",p95,A213,14.387825,19.515
"V2 (IDW p=2, k=15)",p95,A214,14.584659226781278,21.34
"V2 (IDW p=2, k=15)",p95,A215,16.523884395110862,17.455
"V2 (IDW p=2, k=15)",p95,A216,14.469554280978995,31.999999999999993
"V2 (IDW p=2, k=15)",p95,A217,15.986643170557304,23.035
"V2 (IDW p=2, k=15)",p95,A218,17.24020458652393,18.75
"V2 (IDW p=2, k=15)",p95,A219,16.110845389465755,19.06
"V2 (IDW p=2, k=15)",p95,A220,13.974068972204227,22.36
"V2 (IDW p=2, k=15)",p95,A221,13.576734612273095,21.479999999999997
"V2 (IDW p=2, k=15)",p95,A222,15.297458485874404,23.534999999999997
"V2 (IDW p=2, k=15)",p95,A223,15.127500000000001,22.16
"V2 (IDW p=2, k=15)",p95,A224,14.197676886475744,24.19
"V2 (IDW p=2, k=15)",p95,A225,14.011081345483644,24.9
"V2 (IDW p=2, k=15)",p95,A226,17.04718532027415,24.915
"V2 (IDW p=2, k=15)",p95,A227,15.071291234781004,20.199999999999996
"V2 (IDW p=2, k=15)",p95,A228,13.319696671927542,30.4
"V2 (IDW p=2, k=15)",p95,A229,16.152870436664816,23.025
"V2 (IDW p=2, k=15)",p95,A230,15.778303445581233,23.439999999999998
"V2 (IDW p=2, k=15)",p95,A231,13.514837694037691,21.405
"V2 (IDW p=2, k=15)",p95,A232,13.300895926139646,23.679999999999996
"V2 (IDW p=2, k=15)",p95,A233,15.572975137984258,24.625
"V2 (IDW p=2, k=15)",p95,A234,15.743339538179839,22.75
"V2 (IDW p=2, k=15)",p95,A235,16.145690286245262,23.95
"V2 (IDW p=2, k=15)",p95,A236,13.038090740155564,19.56
"V2 (IDW p=2, k=15)",p95,A237,14.727063990767077,23.88
"V2 (IDW p=2, k=15)",p95,A238,14.64758328102084,21.99
"V2 (IDW p=2, k=15)",p95,A239,13.8238,23.779999999999998
"V2 (IDW p=2, k=15)",p95,A240,13.428849999999999,22.499999999999996
"V2 (IDW p=2, k=15)",p95,A241,14.359502672744036,24.345
"V2 (IDW p=2, k=15)",p95,A242,14.392199714202304,18.775
"V2 (IDW p=2, k=15)",p95,A243,14.393392522670139,23.549999999999997
"V2 (IDW p=2, k=15)",p95,A244,16.499294578599386,23.779999999999998
"V2 (IDW p=2, k=15)",p95,A245,14.221486813627447,17.77
"V2 (IDW p=2, k=15)",p95,A246,13.440352951718113,22.05
"V2 (IDW p=2, k=15)",p95,A247,13.12433936676154,45.69999999999999
"V2 (IDW p=2, k=15)",p95,A248,15.730184931918952,21.029999999999998
"V2 (IDW p=2, k=15)",p95,A249,14.948673600563495,23.599999999999998
"V2 (IDW p=2, k=15)",p95,A250,13.86064407206549,21.519999999999992
"V2 (IDW p=2, k=15)",p95,A251,15.396091240835316,35.22
"V2 (IDW p=2, k=15)",p95,A252,15.116335958439368,40.68
"V2 (IDW p=2, k=15)",p95,A253,13.853915503226684,35.099999999999994
"V2 (IDW p=2, k=15)",p95,A254,13.685923116114305,22.869999999999997
"V2 (IDW p=2, k=15)",p95,A255,15.411335208433256,35.48
"V2 (IDW p=2, k=15)",p95,A256,15.042588125518773,41.04
"V2 (IDW p=2, k=15)",p95,A301,15.205184940747044,21.48
"V2 (IDW p=2, k=15)",p95,A302,15.990822069434943,23.485
"V2 (IDW p=2, k=15)",p95,A303,14.737165591930701,24.525
"V2 (IDW p=2, k=15)",p95,A304,16.208861214879413,21.179999999999996
"V2 (IDW p=2, k=15)",p95,A305,16.43624712697223,15.88
"V2 (IDW p=2, k=15)",p95,A306,15.444057631986317,22.575000000000003
"V2 (IDW p=2, k=15)",p95,A307,17.897688208172166,24.189999999999998
"V2 (IDW p=2, k=15)",p95,A308,16.716780486197255,21.53
"V2 (IDW p=2, k=15)",p95,A309,15.926120012998588,24.51
"V2 (IDW p=2, k=15)",p95,A310,15.487389628477542,18.0
"V2 (IDW p=2, k=15)",p95,A311,16.35614363291406,22.0
"V2 (IDW p=2, k=15)",p95,A312,14.56505,22.515
"V2 (IDW p=2, k=15)",p95,A313,16.506162113377492,19.060000000000002
"V2 (IDW p=2, k=15)",p95,A314,16.410112093246724,18.209999999999997
"V2 (IDW p=2, k=15)",p95,A315,16.574949999999998,21.4
"V2 (IDW p=2, k=15)",p95,A316,16.18704036875676,24.53
"V2 (IDW p=2, k=15)",p95,A317,17.361901518681865,24.019999999999996
"V2 (IDW p=2, k=15)",p95,A318,16.06719524388534,21.944999999999997
"V2 (IDW p=2, k=15)",p95,A319,15.690609185598198,23.24
"V2 (IDW p=2, k=15)",p95,A320,15.097022463900245,20.379999999999992
"V2 (IDW p=2, k=15)",p95,A321,16.541800000000002,23.93
"V2 (IDW p=2, k=15)",p95,A322,15.268146565056735,18.689999999999998
"V2 (IDW p=2, k=15)",p95,A323,15.545451246730035,21.49
"V2 (IDW p=2, k=15)",p95,A324,16.448626779808052,22.0
"V2 (IDW p=2, k=15)",p95,A325,15.224201468673513,23.16
"V2 (IDW p=2, k=15)",p95,A326,14.900125000000001,24.63
"V2 (IDW p=2, k=15)",p95,A327,14.522657061226154,20.11
"V2 (IDW p=2, k=15)",p95,A328,15.200019328741984,17.69
"V2 (IDW p=2, k=15)",p95,A329,17.062074319091085,23.419999999999998
"V2 (IDW p=2, k=15)",p95,A330,18.577993566563812,26.21999999999997
"V2 (IDW p=2, k=15)",p95,A331,16.37418514988317,23.264999999999993
"V2 (IDW p=2, k=15)",p95,A332,15.157854298213355,23.979999999999997
"V2 (IDW p=2, k=15)",p95,A333,16.60877809039128,21.79
"V2 (IDW p=2, k=15)",p95,A334,15.742952001207783,21.939999999999998
"V2 (IDW p=2, k=15)",p95,A335,15.099550936564174,23.12
"V2 (IDW p=2, k=15)",p95,A336,15.53422492878343,23.74
"V2 (IDW p=2, k=15)",p95,A337,15.753874999999999,22.389999999999997
"V2 (IDW p=2, k=15)",p95,A338,14.721991511258066,23.259999999999998
"V2 (IDW p=2, k=15)",p95,A339,16.487278903998483,21.579999999999995
"V2 (IDW p=2, k=15)",p95,A340,15.6785,22.255
"V2 (IDW p=2, k=15)",p95,A341,15.976323990358585,19.619999999999997
"V2 (IDW p=2, k=15)",p95,A342,16.741803261488435,24.034999999999997
"V2 (IDW p=2, k=15)",p95,A343,16.152571741679054,22.084999999999997
"V2 (IDW p=2, k=15)",p95,A344,17.368391634630964,22.599999999999998
"V2 (IDW p=2, k=15)",p95,A345,15.79093073644956,20.73
"V2 (IDW p=2, k=15)",p95,A346,16.843100804313078,15.909999999999995
"V2 (IDW p=2, k=15)",p95,A347,16.45785,23.029999999999998
"V2 (IDW p=2, k=15)",p95,A348,16.66940906228124,23.39
"V2 (IDW p=2, k=15)",p95,A349,16.738908761100873,23.505
"V2 (IDW p=2, k=15)",p95,A350,16.12959089419199,22.939999999999998
"V2 (IDW p=2, k=15)",p95,A351,16.711079604588456,22.465
"V2 (IDW p=2, k=15)",p95,A352,16.19405721556908,17.619999999999997
"V2 (IDW p=2, k=15)",p95,A353,14.603876078239185,19.465
"V2 (IDW p=2, k=15)",p95,A354,16.3779,22.919999999999998
"V2 (IDW p=2, k=15)",p95,A355,14.878746189411185,18.019999999999996
"V2 (IDW p=2, k=15)",p95,A356,15.316725441856056,16.14
"V2 (IDW p=2, k=15)",p95,A357,13.026202990034996,19.09999999999999
"V2 (IDW p=2, k=15)",p95,A358,15.050609384045737,23.38
"V2 (IDW p=2, k=15)",p95,A359,16.449871900325306,22.599999999999994
"V2 (IDW p=2, k=15)",p95,A360,17.262974061087846,19.0
"V2 (IDW p=2, k=15)",p95,A361,16.31121616933327,20.154999999999998
"V2 (IDW p=2, k=15)",p95,A362,27.234405433609506,24.3
"V2 (IDW p=2, k=15)",p95,A363,15.965055160233948,24.14
"V2 (IDW p=2, k=15)",p95,A364,16.74814326019272,23.18
"V2 (IDW p=2, k=15)",p95,A365,16.260749999999998,22.4
"V2 (IDW p=2, k=15)",p95,A366,16.363022445464043,21.475
"V2 (IDW p=2, k=15)",p95,A367,16.718461398073558,18.145
"V2 (IDW p=2, k=15)",p95,A368,17.033625,19.99
"V2 (IDW p=2, k=15)",p95,A369,17.930095969757588,18.45
"V2 (IDW p=2, k=15)",p95,A370,17.528945075472908,25.9
"V2 (IDW p=2, k=15)",p95,A371,16.508119482722083,26.699999999999996
"V2 (IDW p=2, k=15)",p95,A372,16.83887844577054,35.4
"V2 (IDW p=2, k=15)",p95,A373,16.182859249276,20.975
"V2 (IDW p=2, k=15)",p95,A374,15.49501645202301,24.914999999999996
"V2 (IDW p=2, k=15)",p95,A375,15.742363210919525,27.009999999999994
"V2 (IDW p=2, k=15)",p95,A376,14.896958537524913,21.94
"V2 (IDW p=2, k=15)",p95,A377,20.396126341102526,45.8
"V2 (IDW p=2, k=15)",p95,A401,18.957994452679227,44.975
"V2 (IDW p=2, k=15)",p95,A402,15.25202674275236,23.4
"V2 (IDW p=2, k=15)",p95,A403,19.405760730410954,24.55
"V2 (IDW p=2, k=15)",p95,A404,16.129937555948317,23.704999999999995
"V2 (IDW p=2, k=15)",p95,A405,19.110972973581696,19.77
"V2 (IDW p=2, k=15)",p95,A406,15.089142950413766,18.069999999999997
"V2 (IDW p=2, k=15)",p95,A407,14.957917564658704,18.0
"V2 (IDW p=2, k=15)",p95,A408,16.056948011873697,23.09
"V2 (IDW p=2, k=15)",p95,A409,15.708148286826795,35.59999999999997
"V2 (IDW p=2, k=15)",p95,A410,14.801352390974166,25.479999999999993
"V2 (IDW p=2, k=15)",p95,A411,16.41234785749311,20.84
"V2 (IDW p=2, k=15)",p95,A412,17.04810302190271,24.3
"V2 (IDW p=2, k=15)",p95,A413,15.673323819970674,22.644999999999996
"V2 (IDW p=2, k=15)",p95,A414,16.51477996984672,20.09999999999999
"V2 (IDW p=2, k=15)",p95,A415,14.24915187199813,21.7
"V2 (IDW p=2, k=15)",p95,A416,14.956737929980422,23.74
"V2 (IDW p=2, k=15)",p95,A417,14.880717770823193,21.979999999999993
"V2 (IDW p=2, k=15)",p95,A418,14.706701767997448,19.935
"V2 (IDW p=2, k=15)",p95,A419,15.909801851441863,21.08
"V2 (IDW p=2, k=15)",p95,A420,15.127938206224366,23.595
"V2 (IDW p=2, k=15)",p95,A421,15.960844136943487,16.459999999999997
"V2 (IDW p=2, k=15)",p95,A422,20.651568560075894,24.52
"V2 (IDW p=2, k=15)",p95,A423,14.199907935276471,24.19
"V2 (IDW p=2, k=15)",p95,A424,17.802958062924493,21.109999999999996
"V2 (IDW p=2, k=15)",p95,A425,16.777617298794702,19.359999999999996
"V2 (IDW p=2, k=15)",p95,A426,17.659975404780976,23.16
"V2 (IDW p=2, k=15)",p95,A427,17.569520880327076,23.56
"V2 (IDW p=2, k=15)",p95,A428,15.91364552173935,20.654999999999998
"V2 (IDW p=2, k=15)",p95,A429,15.174101290142838,24.729999999999997
"V2 (IDW p=2, k=15)",p95,A430,16.463725658987546,21.18
"V2 (IDW p=2, k=15)",p95,A431,15.16048471780782,18.435
"V2 (IDW p=2, k=15)",p95,A432,15.68226838743104,24.525
"V2 (IDW p=2, k=15)",p95,A433,14.897691696604802,22.419999999999995
"V2 (IDW p=2, k=15)",p95,A434,16.54593635560031,18.639999999999997
"V2 (IDW p=2, k=15)",p95,A435,16.97006808012067,24.080000000000002
"V2 (IDW p=2, k=15)",p95,A436,15.532972980111815,23.465
"V2 (IDW p=2, k=15)",p95,A437,16.513883683257145,16.064999999999998
"V2 (IDW p=2, k=15)",p95,A438,15.898440163373605,18.979999999999993
"V2 (IDW p=2, k=15)",p95,A439,14.546308941577148,24.415
"V2 (IDW p=2, k=15)",p95,A440,15.998328859818068,23.15
"V2 (IDW p=2, k=15)",p95,A441,16.546951406645242,21.705000000000002
"V2 (IDW p=2, k=15)",p95,A442,15.355397874361278,25.0
"V2 (IDW p=2, k=15)",p95,A443,17.160330970695046,22.06
"V2 (IDW p=2, k=15)",p95,A444,15.241373814231942,19.075
"V2 (IDW p=2, k=15)",p95,A445,14.310643751752341,21.199999999999996
"V2 (IDW p=2, k=15)",p95,A446,13.612963971752539,25.15
"V2 (IDW p=2, k=15)",p95,A447,18.666032059834535,21.36
"V2 (IDW p=2, k=15)",p95,A448,16.045966913384397,20.200000000000003
"V2 (IDW p=2, k=15)",p95,A449,16.06225174235913,18.925
"V2 (IDW p=2, k=15)",p95,A450,15.405603409281559,21.275
"V2 (IDW p=2, k=15)",p95,A451,16.23170492741249,20.44
"V2 (IDW p=2, k=15)",p95,A452,15.354161079322216,20.064999999999998
"V2 (IDW p=2, k=15)",p95,A453,15.52781918378365,16.09
"V2 (IDW p=2, k=15)",p95,A454,14.439006424092705,20.94
"V2 (IDW p=2, k=15)",p95,A455,15.912590579392607,23.485
"V2 (IDW p=2, k=15)",p95,A456,29.427159023803053,17.005
"V2 (IDW p=2, k=15)",p95,A458,16.035063173034242,36.425
"V2 (IDW p=2, k=15)",p95,A501,19.066530938029395,21.36
"V2 (IDW p=2, k=15)",p95,A502,19.66080001452122,24.615000000000002
"V2 (IDW p=2, k=15)",p95,A503,17.040061763051717,25.0
"V2 (IDW p=2, k=15)",p95,A504,21.971534708065192,20.27
"V2 (IDW p=2, k=15)",p95,A505,18.391441867658152,23.995
"V2 (IDW p=2, k=15)",p95,A506,15.308744456772395,22.07
"V2 (IDW p=2, k=15)",p95,A507,18.192400161710577,22.4
"V2 (IDW p=2, k=15)",p95,A508,15.24634866021706,22.204999999999995
"V2 (IDW p=2, k=15)",p95,A509,21.620573062699542,23.455
"V2 (IDW p=2, k=15)",p95,A510,17.95187788159413,21.4
"V2 (IDW p=2, k=15)",p95,A511,16.82639486439446,17.545
"V2 (IDW p=2, k=15)",p95,A512,20.925642070964372,25.06500000000001
"V2 (IDW p=2, k=15)",p95,A513,18.06568211363377,24.6
"V2 (IDW p=2, k=15)",p95,A514,18.163040372079724,27.890000000000004
"V2 (IDW p=2, k=15)",p95,A515,17.39937869901546,22.080000000000002
"V2 (IDW p=2, k=15)",p95,A516,16.577360002765474,24.525
"V2 (IDW p=2, k=15)",p95,A517,17.585775,24.05
"V2 (IDW p=2, k=15)",p95,A518,17.710106570440345,27.419999999999998
"V2 (IDW p=2, k=15)",p95,A519,21.308651070691923,24.515
"V2 (IDW p=2, k=15)",p95,A520,17.489639517202967,24.735
"V2 (IDW p=2, k=15)",p95,A521,18.147405942504395,24.24
"V2 (IDW p=2, k=15)",p95,A522,16.151139995679483,22.439999999999998
"V2 (IDW p=2, k=15)",p95,A523,17.82728140253033,22.2
"V2 (IDW p=2, k=15)",p95,A524,18.159394600417045,23.155
"V2 (IDW p=2, k=15)",p95,A525,17.809788358452273,23.810000000000002
"V2 (IDW p=2, k=15)",p95,A526,15.65172644713827,21.639999999999993
"V2 (IDW p=2, k=15)",p95,A527,17.20273185425281,24.01
"V2 (IDW p=2, k=15)",p95,A528,16.291136153131696,21.5
"V2 (IDW p=2, k=15)",p95,A529,19.240706196853147,24.53
"V2 (IDW p=2, k=15)",p95,A530,19.43146821928827,21.585
"V2 (IDW p=2, k=15)",p95,A531,19.630801645721434,22.115000000000002
"V2 (IDW p=2, k=15)",p95,A532,15.688609556754953,28.069999999999997
"V2 (IDW p=2, k=15)",p95,A533,16.804875000000003,24.35
"V2 (IDW p=2, k=15)",p95,A534,15.569147507748227,24.375
"V2 (IDW p=2, k=15)",p95,A535,18.082894065437003,20.205000000000002
"V2 (IDW p=2, k=15)",p95,A536,16.38030497066783,24.82
"V2 (IDW p=2, k=15)",p95,A537,17.383522583953926,23.330000000000002
"V2 (IDW p=2, k=15)",p95,A538,16.46261554733924,22.660000000000004
"V2 (IDW p=2, k=15)",p95,A539,14.772939695837486,22.86
"V2 (IDW p=2, k=15)",p95,A540,17.02343652078089,22.029999999999998
"V2 (IDW p=2, k=15)",p95,A541,18.686463705742163,24.0
"V2 (IDW p=2, k=15)",p95,A542,14.903164988559482,23.61
"V2 (IDW p=2, k=15)",p95,A543,17.481103279548634,23.0
"V2 (IDW p=2, k=15)",p95,A544,15.235575882050748,24.199999999999996
"V2 (IDW p=2, k=15)",p95,A545,16.08302440431468,21.62
"V2 (IDW p=2, k=15)",p95,A546,17.135920797452798,23.759999999999998
"V2 (IDW p=2, k=15)",p95,A547,15.573038756396834,24.969999999999995
"V2 (IDW p=2, k=15)",p95,A548,16.21267213823928,24.04
"V2 (IDW p=2, k=15)",p95,A549,14.697985910659956,22.929999999999996
"V2 (IDW p=2, k=15)",p95,A550,16.25969202338485,22.989999999999995
"V2 (IDW p=2, k=15)",p95,A551,16.053145824855136,22.709999999999997
"V2 (IDW p=2, k=15)",p95,A552,15.556862887186789,22.25
"V2 (IDW p=2, k=15)",p95,A553,16.25197795405204,23.999999999999996
"V2 (IDW p=2, k=15)",p95,A554,15.122687670047835,23.43
"V2 (IDW p=2, k=15)",p95,A555,20.428640422437557,24.615000000000002
"V2 (IDW p=2, k=15)",p95,A556,17.283360318845943,24.075
"V2 (IDW p=2, k=15)",p95,A557,18.81044811488073,23.63
"V2 (IDW p=2, k=15)",p95,A559,15.843207867512676,19.1
"V2 (IDW p=2, k=15)",p95,A560,17.133865269092734,21.314999999999998
"V2 (IDW p=2, k=15)",p95,A561,18.51746205795158,24.0
"V2 (IDW p=2, k=15)",p95,A562,16.87209758082446,24.98
"V2 (IDW p=2, k=15)",p95,A563,14.970669974233846,21.42
"V2 (IDW p=2, k=15)",p95,A564,16.57305342323842,24.16
"V2 (IDW p=2, k=15)",p95,A565,16.598746549000055,30.26999999999999
"V2 (IDW p=2, k=15)",p95,A566,15.878225853340147,21.5
"V2 (IDW p=2, k=15)",p95,A567,17.299718985359206,41.199999999999996
"V2 (IDW p=2, k=15)",p95,A568,20.776376238855406,24.46
"V2 (IDW p=2, k=15)",p95,A569,15.66558312867089,23.71
"V2 (IDW p=2, k=15)",p95,A570,18.169030290632538,34.46
"V2 (IDW p=2, k=15)",p95,A571,16.398441205401596,25.644999999999996
"V2 (IDW p=2, k=15)",p95,A572,23.09776336123342,19.9
"V2 (IDW p=2, k=15)",p95,A601,17.44400452988001,27.025
"V2 (IDW p=2, k=15)",p95,A602,20.106276158215902,28.049999999999997
"V2 (IDW p=2, k=15)",p95,A603,20.365888710678497,25.525
"V2 (IDW p=2, k=15)",p95,A604,15.523625000000001,19.830000000000002
"V2 (IDW p=2, k=15)",p95,A605,19.781044900368812,20.94
"V2 (IDW p=2, k=15)",p95,A606,20.457141434470294,30.290000000000003
"V2 (IDW p=2, k=15)",p95,A607,18.431133562470322,32.025000000000006
"V2 (IDW p=2, k=15)",p95,A608,19.416803967348315,32.9
"V2 (IDW p=2, k=15)",p95,A609,17.73798731559351,35.87500000000001
"V2 (IDW p=2, k=15)",p95,A610,18.4491793022607,39.58
"V2 (IDW p=2, k=15)",p95,A611,18.757324645396896,26.475
"V2 (IDW p=2, k=15)",p95,A612,18.42252395873324,22.745
"V2 (IDW p=2, k=15)",p95,A613,17.9112165338354,21.449999999999996
"V2 (IDW p=2, k=15)",p95,A614,17.67225,26.53999999999997
"V2 (IDW p=2, k=15)",p95,A615,18.198912795977602,24.620000000000005
"V2 (IDW p=2, k=15)",p95,A616,19.245003429573273,21.51
"V2 (IDW p=2, k=15)",p95,A617,16.537295998579975,24.335
"V2 (IDW p=2, k=15)",p95,A618,18.36782046332749,20.7
"V2 (IDW p=2, k=15)",p95,A619,19.96005216612835,23.135
"V2 (IDW p=2, k=15)",p95,A620,22.458663734425045,21.514999999999997
"V2 (IDW p=2, k=15)",p95,A621,18.44919851996964,29.989999999999995
"V2 (IDW p=2, k=15)",p95,A622,16.485601305278472,25.33
"V2 (IDW p=2, k=15)",p95,A623,16.49170048239136,24.6
"V2 (IDW p=2, k=15)",p95,A624,19.927632845807473,23.65
"V2 (IDW p=2, k=15)",p95,A625,16.800730518452692,20.435
"V2 (IDW p=2, k=15)",p95,A626,17.039276942505325,23.04
"V2 (IDW p=2, k=15)",p95,A627,16.982136994893814,18.919999999999998
"V2 (IDW p=2, k=15)",p95,A628,18.309825844715768,25.479999999999997
"V2 (IDW p=2, k=15)",p95,A629,17.88838840712116,21.224999999999998
"V2 (IDW p=2, k=15)",p95,A630,19.721824374142706,17.72
"V2 (IDW p=2, k=15)",p95,A631,17.490321667980346,41.559999999999995
"V2 (IDW p=2, k=15)",p95,A632,17.107057356901166,35.37999999999999
"V2 (IDW p=2, k=15)",p95,A633,20.821920293793674,16.56
"V2 (IDW p=2, k=15)",p95,A634,18.10849638084033,19.3
"V2 (IDW p=2, k=15)",p95,A635,27.088191256364148,29.8
"V2 (IDW p=2, k=15)",p95,A636,20.404312920961477,26.119999999999997
"V2 (IDW p=2, k=15)",p95,A637,19.192128902378023,18.925
"V2 (IDW p=2, k=15)",p95,A651,19.821347006436696,19.6
"V2 (IDW p=2, k=15)",p95,A652,19.772423704926055,32.3
"V2 (IDW p=2, k=15)",p95,A653,23.93820322653204,20.9
"V2 (IDW p=2, k=15)",p95,A654,19.8587042044376,25.639999999999997
"V2 (IDW p=2, k=15)",p95,A655,19.848967521909575,16.4
"V2 (IDW p=2, k=15)",p95,A656,19.910276252179543,14.9
"V2 (IDW p=2, k=15)",p95,A657,17.8308103273927,28.939999999999984
"V2 (IDW p=2, k=15)",p95,A659,17.912439022069634,23.6
"V2 (IDW p=2, k=15)",p95,A667,17.340222176417154,25.0
"V2 (IDW p=2, k=15)",p95,A701,22.195322528211108,26.680000000000003
"V2 (IDW p=2, k=15)",p95,A702,23.11810502899517,25.619999999999994
"V2 (IDW p=2, k=15)",p95,A703,23.139959521871603,22.29
"V2 (IDW p=2, k=15)",p95,A704,21.88087394920741,24.889999999999997
"V2 (IDW p=2, k=15)",p95,A705,20.840992384171372,23.519999999999996
"V2 (IDW p=2, k=15)",p95,A706,19.298393052282275,18.805
"V2 (IDW p=2, k=15)",p95,A707,21.02982084487128,23.83
"V2 (IDW p=2, k=15)",p95,A708,18.417163216219308,21.354999999999997
"V2 (IDW p=2, k=15)",p95,A709,20.45473330118874,24.9
"V2 (IDW p=2, k=15)",p95,A710,20.45608064784074,24.279999999999983
"V2 (IDW p=2, k=15)",p95,A711,20.215926651884313,24.3
"V2 (IDW p=2, k=15)",p95,A712,19.95277587948904,24.035
"V2 (IDW p=2, k=15)",p95,A713,21.21507369917913,25.02
"V2 (IDW p=2, k=15)",p95,A714,19.795905390609118,24.415
"V2 (IDW p=2, k=15)",p95,A715,22.321537915083088,24.415
"V2 (IDW p=2, k=15)",p95,A716,21.37055252935084,31.34499999999999
"V2 (IDW p=2, k=15)",p95,A717,19.5053090146886,24.4
"V2 (IDW p=2, k=15)",p95,A718,21.69977481137947,24.04
"V2 (IDW p=2, k=15)",p95,A719,21.661791102104722,22.4
"V2 (IDW p=2, k=15)",p95,A720,19.197652824103216,23.635
"V2 (IDW p=2, k=15)",p95,A721,23.07078493713255,25.035000000000004
"V2 (IDW p=2, k=15)",p95,A722,22.507293533718375,24.01
"V2 (IDW p=2, k=15)",p95,A723,23.008860992909728,23.34
"V2 (IDW p=2, k=15)",p95,A724,21.351867499880985,26.61999999999997
"V2 (IDW p=2, k=15)",p95,A725,20.331039501835058,23.765
"V2 (IDW p=2, k=15)",p95,A726,18.73426845766697,25.68
"V2 (IDW p=2, k=15)",p95,A727,19.445370885981166,24.045
"V2 (IDW p=2, k=15)",p95,A728,18.616830337725588,24.605
"V2 (IDW p=2, k=15)",p95,A729,19.465789752289396,23.419999999999998
"V2 (IDW p=2, k=15)",p95,A730,19.783858868825188,23.555
"V2 (IDW p=2, k=15)",p95,A731,24.280470696545223,22.55
"V2 (IDW p=2, k=15)",p95,A732,19.601200903253307,25.0
"V2 (IDW p=2, k=15)",p95,A733,20.723972559217895,24.279999999999998
"V2 (IDW p=2, k=15)",p95,A734,21.020016028224806,26.799999999999997
"V2 (IDW p=2, k=15)",p95,A735,19.41574640481048,24.419999999999998
"V2 (IDW p=2, k=15)",p95,A736,19.114054152705037,24.449999999999996
"V2 (IDW p=2, k=15)",p95,A737,19.996017721757397,24.169999999999998
"V2 (IDW p=2, k=15)",p95,A738,17.818395401410548,23.169999999999995
"V2 (IDW p=2, k=15)",p95,A739,18.47101285534842,22.139999999999997
"V2 (IDW p=2, k=15)",p95,A740,21.257760909774323,25.419999999999995
"V2 (IDW p=2, k=15)",p95,A741,20.656665705787425,23.98
"V2 (IDW p=2, k=15)",p95,A742,19.149664650487118,24.715
"V2 (IDW p=2, k=15)",p95,A743,23.214104722892053,30.08
"V2 (IDW p=2, k=15)",p95,A744,21.641727291755497,40.62
"V2 (IDW p=2, k=15)",p95,A745,20.14397997122319,23.825
"V2 (IDW p=2, k=15)",p95,A746,22.502884388305386,19.65
"V2 (IDW p=2, k=15)",p95,A747,18.76431036822778,25.519999999999996
"V2 (IDW p=2, k=15)",p95,A748,18.122064232366906,21.575000000000003
"V2 (IDW p=2, k=15)",p95,A749,22.807660467618177,22.599999999999998
"V2 (IDW p=2, k=15)",p95,A750,23.058978125041875,24.33
"V2 (IDW p=2, k=15)",p95,A751,21.821450522324888,24.915
"V2 (IDW p=2, k=15)",p95,A752,23.827489956362903,24.82
"V2 (IDW p=2, k=15)",p95,A753,17.903262058221014,24.49
"V2 (IDW p=2, k=15)",p95,A754,22.225545073352375,29.27499999999998
"V2 (IDW p=2, k=15)",p95,A755,22.24929341970349,28.485
"V2 (IDW p=2, k=15)",p95,A756,21.871920480915914,24.5
"V2 (IDW p=2, k=15)",p95,A757,20.529929448720626,24.0
"V2 (IDW p=2, k=15)",p95,A758,21.928166049681966,23.83
"V2 (IDW p=2, k=15)",p95,A759,20.831595420927943,25.099999999999998
"V2 (IDW p=2, k=15)",p95,A760,19.647380637599063,24.740000000000002
"V2 (IDW p=2, k=15)",p95,A761,19.073863318821804,24.52
"V2 (IDW p=2, k=15)",p95,A762,21.31180931253862,36.52999999999999
"V2 (IDW p=2, k=15)",p95,A763,20.142170348492108,29.879999999999995
"V2 (IDW p=2, k=15)",p95,A764,20.263704177443287,22.844999999999995
"V2 (IDW p=2, k=15)",p95,A765,24.680421737794756,27.16
"V2 (IDW p=2, k=15)",p95,A766,18.800619630850214,31.999999999999993
"V2 (IDW p=2, k=15)",p95,A767,18.959260774826788,28.02
"V2 (IDW p=2, k=15)",p95,A768,20.049066239616653,26.26
"V2 (IDW p=2, k=15)",p95,A769,17.730775617038116,27.374999999999996
"V2 (IDW p=2, k=15)",p95,A770,18.402983811735748,22.2
"V2 (IDW p=2, k=15)",p95,A771,22.766000159310536,27.029999999999994
"V2 (IDW p=2, k=15)",p95,A801,24.56844709134412,28.775
"V2 (IDW p=2, k=15)",p95,A802,26.749157992721123,30.48
"V2 (IDW p=2, k=15)",p95,A803,24.791181941951386,25.88
"V2 (IDW p=2, k=15)",p95,A804,23.633824672362252,31.09
"V2 (IDW p=2, k=15)",p95,A805,23.065770601715602,35.059999999999995
"V2 (IDW p=2, k=15)",p95,A806,22.549304350520604,27.939999999999994
"V2 (IDW p=2, k=15)",p95,A807,22.11872124388716,25.169999999999998
"V2 (IDW p=2, k=15)",p95,A808,23.31105297142124,26.42999999999999
"V2 (IDW p=2, k=15)",p95,A809,24.212283715560815,27.07
"V2 (IDW p=2, k=15)",p95,A810,23.70517685440059,33.75
"V2 (IDW p=2, k=15)",p95,A811,24.63661061910316,32.599999999999994
"V2 (IDW p=2, k=15)",p95,A814,25.243689903183473,25.024999999999988
"V2 (IDW p=2, k=15)",p95,A815,30.825140083453633,28.229999999999997
"V2 (IDW p=2, k=15)",p95,A816,24.69119749163868,36.425
"V2 (IDW p=2, k=15)",p95,A817,21.382434049537327,33.675000000000004
"V2 (IDW p=2, k=15)",p95,A818,20.01549837802489,24.14
"V2 (IDW p=2, k=15)",p95,A819,23.6230699275269,24.88
"V2 (IDW p=2, k=15)",p95,A820,21.618747559263177,33.27
"V2 (IDW p=2, k=15)",p95,A821,21.311701537671844,25.580000000000002
"V2 (IDW p=2, k=15)",p95,A822,19.245556301660322,28.36
"V2 (IDW p=2, k=15)",p95,A823,21.510472076837686,29.735000000000003
"V2 (IDW p=2, k=15)",p95,A824,20.79025079607821,31.1
"V2 (IDW p=2, k=15)",p95,A825,21.352391101617236,30.849999999999994
"V2 (IDW p=2, k=15)",p95,A826,24.660324170246547,25.915
"V2 (IDW p=2, k=15)",p95,A827,23.881379587956967,30.90999999999998
"V2 (IDW p=2, k=15)",p95,A828,22.697074999999998,28.265000000000004
"V2 (IDW p=2, k=15)",p95,A829,31.672719282346254,30.91000000000001
"V2 (IDW p=2, k=15)",p95,A830,23.279060050862626,31.189999999999998
"V2 (IDW p=2, k=15)",p95,A831,22.900085480354925,32.16
"V2 (IDW p=2, k=15)",p95,A832,23.008009001903932,29.599999999999998
"V2 (IDW p=2, k=15)",p95,A833,23.577241079392046,37.0
"V2 (IDW p=2, k=15)",p95,A834,28.874477646465202,33.76
"V2 (IDW p=2, k=15)",p95,A835,20.697104498346224,25.755000000000003
"V2 (IDW p=2, k=15)",p95,A836,25.208144087886105,32.269999999999996
"V2 (IDW p=2, k=15)",p95,A837,23.532000499529545,38.464999999999996
"V2 (IDW p=2, k=15)",p95,A839,24.057183720780106,31.67
"V2 (IDW p=2, k=15)",p95,A840,23.026255146468266,27.985
"V2 (IDW p=2, k=15)",p95,A841,21.726850000000002,29.86
"V2 (IDW p=2, k=15)",p95,A842,20.494564022759693,27.24
"V2 (IDW p=2, k=15)",p95,A843,21.983400820532985,37.599999999999994
"V2 (IDW p=2, k=15)",p95,A844,23.780921556006017,36.82999999999999
"V2 (IDW p=2, k=15)",p95,A845,25.934491664467835,41.06
"V2 (IDW p=2, k=15)",p95,A846,22.965985535986533,30.174999999999997
"V2 (IDW p=2, k=15)",p95,A847,20.669049004685018,30.364999999999995
"V2 (IDW p=2, k=15)",p95,A848,25.79763387895355,32.12
"V2 (IDW p=2, k=15)",p95,A849,20.339721559185143,31.189999999999998
"V2 (IDW p=2, k=15)",p95,A850,19.91993026674848,31.659999999999993
"V2 (IDW p=2, k=15)",p95,A851,22.773402382118785,27.71
"V2 (IDW p=2, k=15)",p95,A852,22.596028906751062,27.49
"V2 (IDW p=2, k=15)",p95,A853,23.836375,39.28999999999999
"V2 (IDW p=2, k=15)",p95,A854,22.668309377399552,26.17999999999999
"V2 (IDW p=2, k=15)",p95,A855,24.139002600476715,33.22
"V2 (IDW p=2, k=15)",p95,A856,23.292513620337232,31.744999999999987
"V2 (IDW p=2, k=15)",p95,A857,24.337769765424213,31.359999999999996
"V2 (IDW p=2, k=15)",p95,A858,25.126644515478496,31.694999999999997
"V2 (IDW p=2, k=15)",p95,A859,22.54744732918376,27.979999999999997
"V2 (IDW p=2, k=15)",p95,A860,22.68111922608987,37.85999999999999
"V2 (IDW p=2, k=15)",p95,A861,23.84958809302144,29.78
"V2 (IDW p=2, k=15)",p95,A862,23.446398229144492,27.509999999999994
"V2 (IDW p=2, k=15)",p95,A863,22.871559290091945,29.825
"V2 (IDW p=2, k=15)",p95,A864,22.13281784340103,31.439999999999998
"V2 (IDW p=2, k=15)",p95,A865,23.17918428056678,24.305
"V2 (IDW p=2, k=15)",p95,A866,24.739605826166958,38.339999999999996
"V2 (IDW p=2, k=15)",p95,A867,21.46881532340924,28.735
"V2 (IDW p=2, k=15)",p95,A868,22.700581459380476,27.675
"V2 (IDW p=2, k=15)",p95,A869,21.33351322283214,25.08
"V2 (IDW p=2, k=15)",p95,A870,25.110893763899774,23.24
"V2 (IDW p=2, k=15)",p95,A871,21.43883990303479,27.949999999999992
"V2 (IDW p=2, k=15)",p95,A872,21.040598001542143,26.93
"V2 (IDW p=2, k=15)",p95,A873,20.06735,28.65499999999999
"V2 (IDW p=2, k=15)",p95,A874,23.553001411783903,24.15999999999999
"V2 (IDW p=2, k=15)",p95,A875,24.760980337446313,22.935
"V2 (IDW p=2, k=15)",p95,A876,24.74288177357278,30.599999999999994
"V2 (IDW p=2, k=15)",p95,A878,31.39713524492818,38.7
"V2 (IDW p=2, k=15)",p95,A879,25.99969158788278,41.149999999999984
"V2 (IDW p=2, k=15)",p95,A880,23.89225768799285,44.46
"V2 (IDW p=2, k=15)",p95,A881,22.123911703499108,30.925
"V2 (IDW p=2, k=15)",p95,A882,22.208821568456447,28.569999999999997
"V2 (IDW p=2, k=15)",p95,A883,24.296036954260867,23.679999999999996
"V2 (IDW p=2, k=15)",p95,A884,23.19598740132466,24.7
"V2 (IDW p=2, k=15)",p95,A886,25.137029799677535,32.934999999999995
"V2 (IDW p=2, k=15)",p95,A889,22.41926434765034,25.055
"V2 (IDW p=2, k=15)",p95,A893,24.286081047325833,31.92
"V2 (IDW p=2, k=15)",p95,A894,23.067193330169495,24.5
"V2 (IDW p=2, k=15)",p95,A895,24.041604032426697,29.38
"V2 (IDW p=2, k=15)",p95,A897,29.139172593818422,29.224999999999998
"V2 (IDW p=2, k=15)",p95,A898,23.181598821144107,32.94
"V2 (IDW p=2, k=15)",p95,A901,16.984093062671924,23.525
"V2 (IDW p=2, k=15)",p95,A902,16.713655117101716,24.889999999999997
"V2 (IDW p=2, k=15)",p95,A903,17.749322166832812,21.7
"V2 (IDW p=2, k=15)",p95,A904,17.054769340661572,22.445
"V2 (IDW p=2, k=15)",p95,A905,18.64852013319452,23.96
"V2 (IDW p=2, k=15)",p95,A906,16.33039245001791,24.6
"V2 (IDW p=2, k=15)",p95,A907,16.952417835543336,24.639999999999997
"V2 (IDW p=2, k=15)",p95,A908,15.27528754522881,24.705
"V2 (IDW p=2, k=15)",p95,A909,18.953265769368915,22.529999999999998
"V2 (IDW p=2, k=15)",p95,A910,14.196332542339595,22.02
"V2 (IDW p=2, k=15)",p95,A911,16.43812776893693,36.72
"V2 (IDW p=2, k=15)",p95,A912,17.96095063229457,24.305
"V2 (IDW p=2, k=15)",p95,A913,17.1434261893829,22.75
"V2 (IDW p=2, k=15)",p95,A914,13.720586408169067,21.939999999999998
"V2 (IDW p=2, k=15)",p95,A915,17.342186175206763,24.1
"V2 (IDW p=2, k=15)",p95,A916,15.837454446502369,24.215
"V2 (IDW p=2, k=15)",p95,A917,18.278445365784002,22.489999999999995
"V2 (IDW p=2, k=15)",p95,A918,14.751477273354336,23.44
"V2 (IDW p=2, k=15)",p95,A919,14.236375837957668,24.275
"V2 (IDW p=2, k=15)",p95,A920,14.205097698849192,23.84
"V2 (IDW p=2, k=15)",p95,A921,15.048793879447446,23.46
"V2 (IDW p=2, k=15)",p95,A922,17.64153226397667,22.455
"V2 (IDW p=2, k=15)",p95,A923,17.67069467567664,41.07499999999999
"V2 (IDW p=2, k=15)",p95,A924,19.364144031370596,22.45
"V2 (IDW p=2, k=15)",p95,A925,15.557003799756217,24.915
"V2 (IDW p=2, k=15)",p95,A926,17.74579533841613,22.779999999999998
"V2 (IDW p=2, k=15)",p95,A927,14.947483070855192,22.62
"V2 (IDW p=2, k=15)",p95,A928,14.679660793553328,22.81
"V2 (IDW p=2, k=15)",p95,A929,15.630553800494067,24.72
"V2 (IDW p=2, k=15)",p95,A930,15.655078417198007,22.2
"V2 (IDW p=2, k=15)",p95,A931,17.834800257442843,24.259999999999998
"V2 (IDW p=2, k=15)",p95,A932,16.434625,22.915
"V2 (IDW p=2, k=15)",p95,A933,19.09904162548632,23.9
"V2 (IDW p=2, k=15)",p95,A934,18.62528820193249,24.830000000000002
"V2 (IDW p=2, k=15)",p95,A935,16.780988682731387,22.025
"V2 (IDW p=2, k=15)",p95,A936,18.304686228591216,22.29
"V2 (IDW p=2, k=15)",p95,A937,19.64861861335192,22.319999999999997
"V2 (IDW p=2, k=15)",p95,A938,14.657643600865395,22.2
"V2 (IDW p=2, k=15)",p95,A939,15.269655079876951,23.974999999999998
"V2 (IDW p=2, k=15)",p95,A940,15.688949413005448,24.93
"V2 (IDW p=2, k=15)",p95,A941,18.217990179121635,21.895
"V2 (IDW p=2, k=15)",p95,A942,15.44257209438183,32.82
"V2 (IDW p=2, k=15)",p95,A943,15.647624166779922,26.35
"V2 (IDW p=2, k=15)",p95,A944,16.579702631768754,19.43
"V2 (IDW p=2, k=15)",p95,B803,22.62996142606246,32.98
"V2 (IDW p=2, k=15)",p95,B804,24.086010663236763,34.379999999999995
"V2 (IDW p=2, k=15)",p95,B806,23.597907946571862,23.069999999999997
"V2 (IDW p=2, k=15)",p95,B807,26.21560462823672,29.22
"V2 (IDW p=2, k=15)",p95,B808,22.240856038545513,12.8
"V2 (IDW p=2, k=15)",p95,B809,20.164423934655435,16.0
"V2 (IDW p=2, k=15)",p95,B810,22.680039823374837,15.0
"V2 (IDW p=2, k=15)",p95,B811,23.768237263270713,15.7
"V2 (IDW p=2, k=15)",p95,B812,22.653110025966036,13.1
"V2 (IDW p=2, k=15)",p95,B813,22.529393929379502,10.4
"V2 (IDW p=2, k=15)",p95,B814,20.392541306420885,10.6
"V2 (IDW p=2, k=15)",p95,B816,22.175757158986954,9.3
"V2 (IDW p=2, k=15)",p95,B817,24.701475000000002,11.7
"V2 (IDW p=2, k=15)",p95,B818,24.72431819521928,12.2
"V2 (IDW p=2, k=15)",p95,B819,25.40995152449939,16.4
"V2 (IDW p=2, k=15)",p95,B820,25.102425629629597,14.9
"V2 (IDW p=2, k=15)",p95,B821,22.4471696193954,8.6
"V2 (IDW p=2, k=15)",p95,B822,22.83010998773404,12.6
"V2 (IDW p=2, k=15)",p95,B823,24.1016902300651,11.1
"V2 (IDW p=2, k=15)",p95,B825,27.702215658431296,13.5
"V2 (IDW p=2, k=15)",p95,B827,29.592597203519794,11.5
"V2 (IDW p=2, k=15)",p95,B828,24.205475866169117,14.9
"V2 (IDW p=2, k=15)",p95,B829,27.648829574057046,18.7
"V2 (IDW p=2, k=15)",p95,F501,16.69963404740059,28.89
"V2 (IDW p=2, k=15)",p99,A001,16.942034207956212,25.875
"V2 (IDW p=2, k=15)",p99,A002,16.009717242867623,22.983999999999998
"V2 (IDW p=2, k=15)",p99,A003,16.953318167123,24.77
"V2 (IDW p=2, k=15)",p99,A004,16.00967535216743,23.781
"V2 (IDW p=2, k=15)",p99,A005,16.271170021118756,23.24
"V2 (IDW p=2, k=15)",p99,A006,17.422973776935336,17.345
"V2 (IDW p=2, k=15)",p99,A007,17.391756876001708,23.447
"V2 (IDW p=2, k=15)",p99,A008,25.392793102689872,24.08
"V2 (IDW p=2, k=15)",p99,A009,15.168279250074015,23.337
"V2 (IDW p=2, k=15)",p99,A010,15.872909901623913,24.200000000000003
"V2 (IDW p=2, k=15)",p99,A011,17.57825922636615,24.863999999999997
"V2 (IDW p=2, k=15)",p99,A012,16.307672438063307,24.367
"V2 (IDW p=2, k=15)",p99,A013,17.178975,24.022
"V2 (IDW p=2, k=15)",p99,A014,15.05037256175369,23.982
"V2 (IDW p=2, k=15)",p99,A015,14.423516995815305,24.456
"V2 (IDW p=2, k=15)",p99,A016,19.855116092232606,24.446
"V2 (IDW p=2, k=15)",p99,A017,16.600016325605818,23.446
"V2 (IDW p=2, k=15)",p99,A018,16.454841845610353,24.782
"V2 (IDW p=2, k=15)",p99,A019,15.448433150981561,24.332
"V2 (IDW p=2, k=15)",p99,A020,15.91660795161107,23.646
"V2 (IDW p=2, k=15)",p99,A021,18.113077782199856,18.538
"V2 (IDW p=2, k=15)",p99,A022,15.215024908959748,24.51
"V2 (IDW p=2, k=15)",p99,A023,16.836658003460073,24.01
"V2 (IDW p=2, k=15)",p99,A024,17.297973591146103,23.784
"V2 (IDW p=2, k=15)",p99,A025,18.81833072360227,25.392
"V2 (IDW p=2, k=15)",p99,A026,18.777280001909958,24.881999999999998
"V2 (IDW p=2, k=15)",p99,A027,17.89291673392592,24.131999999999998
"V2 (IDW p=2, k=15)",p99,A028,16.6219841477362,24.716
"V2 (IDW p=2, k=15)",p99,A029,17.25186413650132,40.544
"V2 (IDW p=2, k=15)",p99,A031,15.290453953665821,29.036
"V2 (IDW p=2, k=15)",p99,A032,15.977603812724233,24.928
"V2 (IDW p=2, k=15)",p99,A033,15.848578054345577,23.5
"V2 (IDW p=2, k=15)",p99,A034,16.027629478779527,22.032
"V2 (IDW p=2, k=15)",p99,A035,18.563811250355297,24.791999999999998
"V2 (IDW p=2, k=15)",p99,A036,20.068511638795734,24.932
"V2 (IDW p=2, k=15)",p99,A037,15.748093974200694,23.62
"V2 (IDW p=2, k=15)",p99,A038,18.428049156461576,24.483
"V2 (IDW p=2, k=15)",p99,A039,16.540294943517374,24.661999999999995
"V2 (IDW p=2, k=15)",p99,A040,16.703672667364447,24.2
"V2 (IDW p=2, k=15)",p99,A041,16.272432374509382,24.774
"V2 (IDW p=2, k=15)",p99,A042,16.095329695825413,29.976
"V2 (IDW p=2, k=15)",p99,A043,15.236290199332839,19.428
"V2 (IDW p=2, k=15)",p99,A044,15.818352935830788,24.355
"V2 (IDW p=2, k=15)",p99,A045,16.050321715582392,21.749
"V2 (IDW p=2, k=15)",p99,A046,22.718478695718368,26.424000000000003
"V2 (IDW p=2, k=15)",p99,A047,16.498636741870534,23.26
"V2 (IDW p=2, k=15)",p99,A048,13.69473815386697,36.49
"V2 (IDW p=2, k=15)",p99,A049,14.757192742169895,38.167
"V2 (IDW p=2, k=15)",p99,A050,16.600033132181444,29.413999999999998
"V2 (IDW p=2, k=15)",p99,A051,18.566728607860927,21.476
"V2 (IDW p=2, k=15)",p99,A052,15.462299235237694,23.16
"V2 (IDW p=2, k=15)",p99,A053,18.071839710768213,24.82
"V2 (IDW p=2, k=15)",p99,A054,15.595185781532816,23.84
"V2 (IDW p=2, k=15)",p99,A055,16.609739189948787,28.317000000000004
"V2 (IDW p=2, k=15)",p99,A056,16.269492662900383,42.504000000000005
"V2 (IDW p=2, k=15)",p99,A101,15.21884443799916,40.575
"V2 (IDW p=2, k=15)",p99,A102,16.461764212168788,22.63
"V2 (IDW p=2, k=15)",p99,A104,16.59251659453114,23.951999999999998
"V2 (IDW p=2, k=15)",p99,A108,16.629991790221634,19.588
"V2 (IDW p=2, k=15)",p99,A109,14.909941552045556,22.267
"V2 (IDW p=2, k=15)",p99,A110,15.821107702333865,23.256
"V2 (IDW p=2, k=15)",p99,A111,15.04890197915838,20.066
"V2 (IDW p=2, k=15)",p99,A112,13.960526886680597,24.451999999999998
"V2 (IDW p=2, k=15)",p99,A113,14.61772923962336,23.685
"V2 (IDW p=2, k=15)",p99,A117,12.20259405313029,21.666
"V2 (IDW p=2, k=15)",p99,A119,19.249790052471013,23.211
"V2 (IDW p=2, k=15)",p99,A121,14.604538437880676,21.559999999999995
"V2 (IDW p=2, k=15)",p99,A122,14.416969030910504,19.455
"V2 (IDW p=2, k=15)",p99,A123,13.773783306212502,20.325
"V2 (IDW p=2, k=15)",p99,A124,13.605341261755205,17.32
"V2 (IDW p=2, k=15)",p99,A125,19.313528775799853,24.072999999999997
"V2 (IDW p=2, k=15)",p99,A126,14.531201902167464,24.099999999999998
"V2 (IDW p=2, k=15)",p99,A127,15.87780205940863,14.8
"V2 (IDW p=2, k=15)",p99,A128,14.401591025381054,20.696
"V2 (IDW p=2, k=15)",p99,A133,12.950439820899188,24.608
"V2 (IDW p=2, k=15)",p99,A134,13.121614842275852,19.372
"V2 (IDW p=2, k=15)",p99,A135,15.717392013754514,24.23
"V2 (IDW p=2, k=15)",p99,A136,16.312659283182278,19.978
"V2 (IDW p=2, k=15)",p99,A137,18.470946774189034,24.984
"V2 (IDW p=2, k=15)",p99,A138,15.495053698425501,24.07
"V2 (IDW p=2, k=15)",p99,A140,17.380821990137072,21.692
"V2 (IDW p=2, k=15)",p99,A144,17.521610809570465,23.265
"V2 (IDW p=2, k=15)",p99,A201,14.910106869258161,20.068
"V2 (IDW p=2, k=15)",p99,A202,15.94274865633053,21.156
"V2 (IDW p=2, k=15)",p99,A203,14.71513142916717,18.246
"V2 (IDW p=2, k=15)",p99,A204,14.578999999999999,24.163999999999998
"V2 (IDW p=2, k=15)",p99,A205,15.093724364001618,21.72
"V2 (IDW p=2, k=15)",p99,A206,15.510387049508475,24.476
"V2 (IDW p=2, k=15)",p99,A207,14.555427046121695,22.715000000000003
"V2 (IDW p=2, k=15)",p99,A208,20.13371674771734,18.472
"V2 (IDW p=2, k=15)",p99,A209,22.503043123509258,18.346
"V2 (IDW p=2, k=15)",p99,A210,16.037986884784832,21.555999999999997
"V2 (IDW p=2, k=15)",p99,A211,14.23882219919662,23.708000000000002
"V2 (IDW p=2, k=15)",p99,A212,14.876297520891834,24.538
"V2 (IDW p=2, k=15)",p99,A213,14.542425,19.583000000000002
"V2 (IDW p=2, k=15)",p99,A214,15.379930804416093,22.108
"V2 (IDW p=2, k=15)",p99,A215,16.869462316114294,18.610999999999997
"V2 (IDW p=2, k=15)",p99,A216,15.65660263726838,35.519999999999996
"V2 (IDW p=2, k=15)",p99,A217,16.499850975299474,24.047
"V2 (IDW p=2, k=15)",p99,A218,17.46053189840155,19.27
"V2 (IDW p=2, k=15)",p99,A219,16.50246891908084,19.252
"V2 (IDW p=2, k=15)",p99,A220,14.3880144831008,22.552
"V2 (IDW p=2, k=15)",p99,A221,13.914475133141003,23.656
"V2 (IDW p=2, k=15)",p99,A222,15.585767846381376,24.147
"V2 (IDW p=2, k=15)",p99,A223,15.876212434637521,22.432
"V2 (IDW p=2, k=15)",p99,A224,14.807527124599872,24.598
"V2 (IDW p=2, k=15)",p99,A225,14.474252115161216,24.9
"V2 (IDW p=2, k=15)",p99,A226,17.573358784636408,24.983
"V2 (IDW p=2, k=15)",p99,A227,15.1486110389516,22.999999999999996
"V2 (IDW p=2, k=15)",p99,A228,13.622715557309181,30.88
"V2 (IDW p=2, k=15)",p99,A229,16.516745532439327,23.085
"V2 (IDW p=2, k=15)",p99,A230,17.207386064772653,24.447999999999997
"V2 (IDW p=2, k=15)",p99,A231,14.535085019815034,22.600999999999996
"V2 (IDW p=2, k=15)",p99,A232,13.66893983773053,24.255999999999997
"V2 (IDW p=2, k=15)",p99,A233,15.958979562011567,24.685
"V2 (IDW p=2, k=15)",p99,A234,16.495084648333282,23.669999999999998
"V2 (IDW p=2, k=15)",p99,A235,17.2079376190454,24.07
"V2 (IDW p=2, k=15)",p99,A236,13.279363580051854,20.231999999999996
"V2 (IDW p=2, k=15)",p99,A237,16.958991190132004,24.136
"V2 (IDW p=2, k=15)",p99,A238,14.952908576447507,22.717999999999996
"V2 (IDW p=2, k=15)",p99,A239,15.00774298762156,23.875999999999998
"V2 (IDW p=2, k=15)",p99,A240,15.359989490404217,23.22
"V2 (IDW p=2, k=15)",p99,A241,15.051799341382532,24.549
"V2 (IDW p=2, k=15)",p99,A242,15.339175650087807,18.955
"V2 (IDW p=2, k=15)",p99,A243,17.567154870419426,24.47
"V2 (IDW p=2, k=15)",p99,A244,18.869034953502585,24.676
"V2 (IDW p=2, k=15)",p99,A245,14.454184725013082,17.794
"V2 (IDW p=2, k=15)",p99,A246,13.656254591059149,22.25
"V2 (IDW p=2, k=15)",p99,A247,13.33375181013942,47.86
"V2 (IDW p=2, k=15)",p99,A248,16.079571211688922,21.646
"V2 (IDW p=2, k=15)",p99,A249,20.64256592754008,24.32
"V2 (IDW p=2, k=15)",p99,A250,15.007171447501209,23.823999999999998
"V2 (IDW p=2, k=15)",p99,A251,15.728255868158708,38.804
"V2 (IDW p=2, k=15)",p99,A252,15.45442031947979,41.016
"V2 (IDW p=2, k=15)",p99,A253,14.407333222811564,38.21999999999999
"V2 (IDW p=2, k=15)",p99,A254,13.869271742829882,23.614
"V2 (IDW p=2, k=15)",p99,A255,16.428525365485008,38.776
"V2 (IDW p=2, k=15)",p99,A256,15.613797515274243,42.688
"V2 (IDW p=2, k=15)",p99,A301,15.383648841201175,22.296
"V2 (IDW p=2, k=15)",p99,A302,16.391621717283037,24.297
"V2 (IDW p=2, k=15)",p99,A303,14.90433859547309,24.857999999999997
"V2 (IDW p=2, k=15)",p99,A304,16.512392091798425,23.116000000000003
"V2 (IDW p=2, k=15)",p99,A305,16.516215195267087,21.90600000000001
"V2 (IDW p=2, k=15)",p99,A306,15.667224649622954,23.863999999999997
"V2 (IDW p=2, k=15)",p99,A307,18.28886273605739,25.858999999999998
"V2 (IDW p=2, k=15)",p99,A308,16.885828327317462,23.496
"V2 (IDW p=2, k=15)",p99,A309,16.16841442032991,24.679
"V2 (IDW p=2, k=15)",p99,A310,15.713885322560426,18.552999999999997
"V2 (IDW p=2, k=15)",p99,A311,17.127880488322546,22.72
"V2 (IDW p=2, k=15)",p99,A312,14.886037701482854,22.743
"V2 (IDW p=2, k=15)",p99,A313,16.612837212086923,19.971999999999998
"V2 (IDW p=2, k=15)",p99,A314,17.143487322755572,19.161999999999995
"V2 (IDW p=2, k=15)",p99,A315,17.250255560778896,23.0
"V2 (IDW p=2, k=15)",p99,A316,16.346771079190315,24.746000000000002
"V2 (IDW p=2, k=15)",p99,A317,21.747158885863833,24.563999999999997
"V2 (IDW p=2, k=15)",p99,A318,16.683335525193854,22.148999999999997
"V2 (IDW p=2, k=15)",p99,A319,16.037579936725002,24.248
"V2 (IDW p=2, k=15)",p99,A320,15.661313902548606,23.116000000000003
"V2 (IDW p=2, k=15)",p99,A321,17.13778584375283,24.146
"V2 (IDW p=2, k=15)",p99,A322,15.371471733381563,19.338
"V2 (IDW p=2, k=15)",p99,A323,16.03475997653707,23.257999999999996
"V2 (IDW p=2, k=15)",p99,A324,16.62027559326935,23.2
"V2 (IDW p=2, k=15)",p99,A325,15.707050022480711,23.592
"V2 (IDW p=2, k=15)",p99,A326,15.21742563199181,24.846
"V2 (IDW p=2, k=15)",p99,A327,15.363447063586761,20.902
"V2 (IDW p=2, k=15)",p99,A328,15.687565546768782,18.098
"V2 (IDW p=2, k=15)",p99,A329,17.332914307626414,23.564
"V2 (IDW p=2, k=15)",p99,A330,18.83767141048125,35.724000000000004
"V2 (IDW p=2, k=15)",p99,A331,16.935478036012086,26.732999999999993
"V2 (IDW p=2, k=15)",p99,A332,15.390893154938514,24.556
"V2 (IDW p=2, k=15)",p99,A333,18.0845964606944,22.438000000000002
"V2 (IDW p=2, k=15)",p99,A334,18.714826455407053,22.228
"V2 (IDW p=2, k=15)",p99,A335,15.516538681846546,23.264
"V2 (IDW p=2, k=15)",p99,A336,15.587437918701223,23.868
"V2 (IDW p=2, k=15)",p99,A337,15.963075,24.157999999999998
"V2 (IDW p=2, k=15)",p99,A338,15.44443024609047,24.492
"V2 (IDW p=2, k=15)",p99,A339,16.99666339200779,22.876
"V2 (IDW p=2, k=15)",p99,A340,15.741775,23.410999999999998
"V2 (IDW p=2, k=15)",p99,A341,16.225885649727438,20.483999999999998
"V2 (IDW p=2, k=15)",p99,A342,16.91034222195341,24.647
"V2 (IDW p=2, k=15)",p99,A343,16.42685,23.376999999999995
"V2 (IDW p=2, k=15)",p99,A344,17.619347059730515,22.839999999999996
"V2 (IDW p=2, k=15)",p99,A345,15.883438910952144,20.866
"V2 (IDW p=2, k=15)",p99,A346,17.132714978943767,18.221999999999994
"V2 (IDW p=2, k=15)",p99,A347,17.330343213596628,23.646
"V2 (IDW p=2, k=15)",p99,A348,17.035829814185572,23.798
"V2 (IDW p=2, k=15)",p99,A349,17.19680984797849,23.980999999999998
"V2 (IDW p=2, k=15)",p99,A350,17.905706939264547,23.708
"V2 (IDW p=2, k=15)",p99,A351,17.5606167029701,23.212999999999997
"V2 (IDW p=2, k=15)",p99,A352,16.7010016427776,19.604
"V2 (IDW p=2, k=15)",p99,A353,14.944017173704484,20.212999999999997
"V2 (IDW p=2, k=15)",p99,A354,16.547074320824635,22.983999999999998
"V2 (IDW p=2, k=15)",p99,A355,15.564897235754714,20.964
"V2 (IDW p=2, k=15)",p99,A356,16.131645521265703,16.588
"V2 (IDW p=2, k=15)",p99,A357,13.645068185390897,23.17999999999999
"V2 (IDW p=2, k=15)",p99,A358,15.614869759817136,23.956
"V2 (IDW p=2, k=15)",p99,A359,16.995724128352375,24.279999999999998
"V2 (IDW p=2, k=15)",p99,A360,17.346859972943626,19.0
"V2 (IDW p=2, k=15)",p99,A361,16.795575762388157,20.831
"V2 (IDW p=2, k=15)",p99,A362,37.45772641667587,24.540000000000003
"V2 (IDW p=2, k=15)",p99,A363,16.06741838674465,24.268
"V2 (IDW p=2, k=15)",p99,A364,16.90761277858543,23.756
"V2 (IDW p=2, k=15)",p99,A365,16.405385094722725,22.4
"V2 (IDW p=2, k=15)",p99,A366,16.632231923485588,22.375
"V2 (IDW p=2, k=15)",p99,A367,16.88588029808995,18.509
"V2 (IDW p=2, k=15)",p99,A368,17.188275610498255,20.398
"V2 (IDW p=2, k=15)",p99,A369,18.78761766858442,18.49
"V2 (IDW p=2, k=15)",p99,A370,18.12688353577392,26.86
"V2 (IDW p=2, k=15)",p99,A371,17.440030687573206,28.459999999999997
"V2 (IDW p=2, k=15)",p99,A372,16.85666934230501,40.36
"V2 (IDW p=2, k=15)",p99,A373,16.659441250377714,21.155
"V2 (IDW p=2, k=15)",p99,A374,15.727080065755946,27.462999999999997
"V2 (IDW p=2, k=15)",p99,A375,16.580499542222615,29.642
"V2 (IDW p=2, k=15)",p99,A376,15.443129332562329,22.228
"V2 (IDW p=2, k=15)",p99,A377,21.025304960608867,46.99999999999999
"V2 (IDW p=2, k=15)",p99,A401,19.208617197467845,46.574999999999996
"V2 (IDW p=2, k=15)",p99,A402,16.382753671704563,23.634
"V2 (IDW p=2, k=15)",p99,A403,19.908764607624406,24.91
"V2 (IDW p=2, k=15)",p99,A404,16.4602290549796,24.284999999999997
"V2 (IDW p=2, k=15)",p99,A405,19.26597714869113,21.282
"V2 (IDW p=2, k=15)",p99,A406,15.233120923297317,18.434
"V2 (IDW p=2, k=15)",p99,A407,15.868562416760753,19.76
"V2 (IDW p=2, k=15)",p99,A408,17.500311148917177,23.646
"V2 (IDW p=2, k=15)",p99,A409,16.247055704018837,40.96600000000001
"V2 (IDW p=2, k=15)",p99,A410,15.971504274638573,28.743999999999996
"V2 (IDW p=2, k=15)",p99,A411,17.397390191853603,21.288
"V2 (IDW p=2, k=15)",p99,A412,17.426350092211198,24.38
"V2 (IDW p=2, k=15)",p99,A413,15.948349174501917,24.208999999999996
"V2 (IDW p=2, k=15)",p99,A414,18.368470497960324,22.98
"V2 (IDW p=2, k=15)",p99,A415,14.39354778278754,21.7
"V2 (IDW p=2, k=15)",p99,A416,15.433611499379339,24.748
"V2 (IDW p=2, k=15)",p99,A417,16.07065308265023,23.996000000000002
"V2 (IDW p=2, k=15)",p99,A418,16.278111765449488,20.546999999999997
"V2 (IDW p=2, k=15)",p99,A419,16.68099540290218,21.896
"V2 (IDW p=2, k=15)",p99,A420,15.489200718703824,24.479
"V2 (IDW p=2, k=15)",p99,A421,16.090500197415317,18.252
"V2 (IDW p=2, k=15)",p99,A422,21.163774999999998,24.663999999999998
"V2 (IDW p=2, k=15)",p99,A423,14.525769554751529,24.598
"V2 (IDW p=2, k=15)",p99,A424,18.612178772716263,22.061999999999998
"V2 (IDW p=2, k=15)",p99,A425,16.924015374738545,22.112
"V2 (IDW p=2, k=15)",p99,A426,17.83270846826033,23.432
"V2 (IDW p=2, k=15)",p99,A427,18.367821739052246,23.752
"V2 (IDW p=2, k=15)",p99,A428,16.294171629910267,23.170999999999996
"V2 (IDW p=2, k=15)",p99,A429,15.63565352868643,26.225999999999996
"V2 (IDW p=2, k=15)",p99,A430,16.897857161957166,21.436
"V2 (IDW p=2, k=15)",p99,A431,15.441586655150626,19.046999999999997
"V2 (IDW p=2, k=15)",p99,A432,16.82375664879196,24.825
"V2 (IDW p=2, k=15)",p99,A433,15.944936998191613,24.323999999999995
"V2 (IDW p=2, k=15)",p99,A434,17.511176206316822,21.087999999999994
"V2 (IDW p=2, k=15)",p99,A435,17.26494721616611,24.496000000000002
"V2 (IDW p=2, k=15)",p99,A436,15.922970136788885,24.212999999999997
"V2 (IDW p=2, k=15)",p99,A437,17.168578001165994,16.813
"V2 (IDW p=2, k=15)",p99,A438,16.943085344629246,23.715999999999998
"V2 (IDW p=2, k=15)",p99,A439,14.776219544556316,24.483
"V2 (IDW p=2, k=15)",p99,A440,16.780891081156827,23.75
"V2 (IDW p=2, k=15)",p99,A441,17.174995316235364,22.181
"V2 (IDW p=2, k=15)",p99,A442,15.46193579334026,25.0
"V2 (IDW p=2, k=15)",p99,A443,17.661598552005476,23.852
"V2 (IDW p=2, k=15)",p99,A444,15.33960777133853,19.974999999999998
"V2 (IDW p=2, k=15)",p99,A445,14.759511102007727,23.840000000000003
"V2 (IDW p=2, k=15)",p99,A446,14.021266151165154,25.75
"V2 (IDW p=2, k=15)",p99,A447,19.30393627626806,22.512
"V2 (IDW p=2, k=15)",p99,A448,17.597810716420277,20.520000000000003
"V2 (IDW p=2, k=15)",p99,A449,16.170933222252394,19.225
"V2 (IDW p=2, k=15)",p99,A450,15.560948891697347,21.455
"V2 (IDW p=2, k=15)",p99,A451,17.0404717183212,21.368000000000002
"V2 (IDW p=2, k=15)",p99,A452,15.890434059310191,20.173
"V2 (IDW p=2, k=15)",p99,A453,17.14647592736567,16.258
"V2 (IDW p=2, k=15)",p99,A454,17.514165585392476,21.228
"V2 (IDW p=2, k=15)",p99,A455,16.51390017505996,23.737000000000002
"V2 (IDW p=2, k=15)",p99,A456,30.132844693608003,17.481
"V2 (IDW p=2, k=15)",p99,A458,16.601362502243113,39.364999999999995
"V2 (IDW p=2, k=15)",p99,A501,19.858444637847533,21.552
"V2 (IDW p=2, k=15)",p99,A502,19.72026729137456,24.843
"V2 (IDW p=2, k=15)",p99,A503,17.45470392101724,25.0
"V2 (IDW p=2, k=15)",p99,A504,28.157897234507534,20.454
"V2 (IDW p=2, k=15)",p99,A505,18.94162614068624,24.793
"V2 (IDW p=2, k=15)",p99,A506,15.462405201969032,24.025
"V2 (IDW p=2, k=15)",p99,A507,19.061135080216218,22.868000000000002
"V2 (IDW p=2, k=15)",p99,A508,15.455220794943315,23.477999999999998
"V2 (IDW p=2, k=15)",p99,A509,22.872813978005468,23.737000000000002
"V2 (IDW p=2, k=15)",p99,A510,18.10158429386471,22.6
"V2 (IDW p=2, k=15)",p99,A511,17.488947521017362,18.229
"V2 (IDW p=2, k=15)",p99,A512,21.065918152228335,32.13299999999999
"V2 (IDW p=2, k=15)",p99,A513,19.549184609039642,24.6
"V2 (IDW p=2, k=15)",p99,A514,18.35652369605745,33.81799999999999
"V2 (IDW p=2, k=15)",p99,A515,17.54595323480078,23.296
"V2 (IDW p=2, k=15)",p99,A516,18.11642249328877,24.905
"V2 (IDW p=2, k=15)",p99,A517,18.569375,24.81
"V2 (IDW p=2, k=15)",p99,A518,17.962120802106273,27.564
"V2 (IDW p=2, k=15)",p99,A519,21.540548113403812,24.743
"V2 (IDW p=2, k=15)",p99,A520,18.37512547854808,25.267
"V2 (IDW p=2, k=15)",p99,A521,19.740349298462746,24.848
"V2 (IDW p=2, k=15)",p99,A522,21.135133459847026,22.728
"V2 (IDW p=2, k=15)",p99,A523,18.162786815996895,22.2
"V2 (IDW p=2, k=15)",p99,A524,18.464095875297247,23.991
"V2 (IDW p=2, k=15)",p99,A525,18.2170682648876,23.962
"V2 (IDW p=2, k=15)",p99,A526,16.4431233523661,24.088
"V2 (IDW p=2, k=15)",p99,A527,18.359918061986267,24.162
"V2 (IDW p=2, k=15)",p99,A528,16.708447996449387,23.019999999999996
"V2 (IDW p=2, k=15)",p99,A529,19.483984971634445,24.746000000000002
"V2 (IDW p=2, k=15)",p99,A530,20.63664965793025,22.877
"V2 (IDW p=2, k=15)",p99,A531,22.80549663472858,22.343
"V2 (IDW p=2, k=15)",p99,A532,16.216421327556336,28.573999999999998
"V2 (IDW p=2, k=15)",p99,A533,18.380525195301086,24.71
"V2 (IDW p=2, k=15)",p99,A534,15.742108595092358,24.794999999999998
"V2 (IDW p=2, k=15)",p99,A535,18.299504891761437,20.681
"V2 (IDW p=2, k=15)",p99,A536,17.20614080974186,24.964
"V2 (IDW p=2, k=15)",p99,A537,18.865410591111274,23.546000000000003
"V2 (IDW p=2, k=15)",p99,A538,16.618004428764245,23.572
"V2 (IDW p=2, k=15)",p99,A539,15.377116148870705,23.291999999999998
"V2 (IDW p=2, k=15)",p99,A540,20.808237162714626,23.686000000000003
"V2 (IDW p=2, k=15)",p99,A541,21.01635601316484,24.0
"V2 (IDW p=2, k=15)",p99,A542,15.67532498666209,24.402
"V2 (IDW p=2, k=15)",p99,A543,17.73870942651621,23.48
"V2 (IDW p=2, k=15)",p99,A544,15.535348662936794,26.919999999999995
"V2 (IDW p=2, k=15)",p99,A545,17.464802411871897,21.764
"V2 (IDW p=2, k=15)",p99,A546,17.35287667754781,24.192
"V2 (IDW p=2, k=15)",p99,A547,17.22070552796017,26.194
"V2 (IDW p=2, k=15)",p99,A548,16.44046173634743,24.328
"V2 (IDW p=2, k=15)",p99,A549,16.149696629107417,24.586000000000002
"V2 (IDW p=2, k=15)",p99,A550,16.650683467049035,24.358
"V2 (IDW p=2, k=15)",p99,A551,16.12451202120169,23.502
"V2 (IDW p=2, k=15)",p99,A552,16.520922156576685,22.61
"V2 (IDW p=2, k=15)",p99,A553,16.609972111978553,24.72
"V2 (IDW p=2, k=15)",p99,A554,16.026204492271887,24.366000000000003
"V2 (IDW p=2, k=15)",p99,A555,21.28860971298367,24.683
"V2 (IDW p=2, k=15)",p99,A556,18.52626455692384,24.735
"V2 (IDW p=2, k=15)",p99,A557,19.301083190615657,24.566
"V2 (IDW p=2, k=15)",p99,A559,16.348402213227622,19.1
"V2 (IDW p=2, k=15)",p99,A560,17.39190514510504,21.622999999999998
"V2 (IDW p=2, k=15)",p99,A561,19.84596605390132,24.32
"V2 (IDW p=2, k=15)",p99,A562,18.11900722148512,26.036
"V2 (IDW p=2, k=15)",p99,A563,15.141503845909297,21.564
"V2 (IDW p=2, k=15)",p99,A564,16.766389376772274,24.832
"V2 (IDW p=2, k=15)",p99,A565,16.90791977720648,34.374
"V2 (IDW p=2, k=15)",p99,A566,16.11694954095788,22.46
"V2 (IDW p=2, k=15)",p99,A567,17.720126142082503,45.04
"V2 (IDW p=2, k=15)",p99,A568,21.79786084703784,24.652
"V2 (IDW p=2, k=15)",p99,A569,16.480080704190158,23.782
"V2 (IDW p=2, k=15)",p99,A570,19.514354609369114,37.372
"V2 (IDW p=2, k=15)",p99,A571,17.036007725320584,27.128999999999998
"V2 (IDW p=2, k=15)",p99,A572,23.35996649920601,19.9
"V2 (IDW p=2, k=15)",p99,A601,17.717953732360638,29.05
"V2 (IDW p=2, k=15)",p99,A602,21.198699834616413,31.28
"V2 (IDW p=2, k=15)",p99,A603,21.406291735106056,27.217
"V2 (IDW p=2, k=15)",p99,A604,16.408425,20.285999999999998
"V2 (IDW p=2, k=15)",p99,A605,20.5220849727152,21.228
"V2 (IDW p=2, k=15)",p99,A606,20.467709275890524,33.178
"V2 (IDW p=2, k=15)",p99,A607,19.008394138809162,35.44499999999999
"V2 (IDW p=2, k=15)",p99,A608,19.733127522360498,32.9
"V2 (IDW p=2, k=15)",p99,A609,19.095013523654828,41.57499999999999
"V2 (IDW p=2, k=15)",p99,A610,18.950542400173674,42.315999999999995
"V2 (IDW p=2, k=15)",p99,A611,19.168496053497684,27.614999999999995
"V2 (IDW p=2, k=15)",p99,A612,18.942097411489584,23.429
"V2 (IDW p=2, k=15)",p99,A613,18.850802923244416,21.81
"V2 (IDW p=2, k=15)",p99,A614,20.54659358053152,36.908
"V2 (IDW p=2, k=15)",p99,A615,19.12690264966768,29.48399999999999
"V2 (IDW p=2, k=15)",p99,A616,20.668482917138956,21.662
"V2 (IDW p=2, k=15)",p99,A617,16.784099770599013,24.867
"V2 (IDW p=2, k=15)",p99,A618,19.67170157345977,20.7
"V2 (IDW p=2, k=15)",p99,A619,20.094458152475678,23.667
"V2 (IDW p=2, k=15)",p99,A620,22.81913971057214,22.942999999999998
"V2 (IDW p=2, k=15)",p99,A621,18.64270423270891,32.078
"V2 (IDW p=2, k=15)",p99,A622,16.777885794225103,26.825999999999997
"V2 (IDW p=2, k=15)",p99,A623,20.14413908802124,24.84
"V2 (IDW p=2, k=15)",p99,A624,20.546607997310023,24.49
"V2 (IDW p=2, k=15)",p99,A625,18.155242109399964,21.047
"V2 (IDW p=2, k=15)",p99,A626,17.240841679902456,24.048
"V2 (IDW p=2, k=15)",p99,A627,17.243160653786433,19.144
"V2 (IDW p=2, k=15)",p99,A628,18.611543578732608,29.736
"V2 (IDW p=2, k=15)",p99,A629,18.54106280237372,23.044999999999998
"V2 (IDW p=2, k=15)",p99,A630,19.9534997913809,18.503999999999998
"V2 (IDW p=2, k=15)",p99,A631,18.264481404732393,47.192
"V2 (IDW p=2, k=15)",p99,A632,17.451525,44.11599999999999
"V2 (IDW p=2, k=15)",p99,A633,21.690857282832194,18.032
"V2 (IDW p=2, k=15)",p99,A634,18.914668023734414,20.1
"V2 (IDW p=2, k=15)",p99,A635,28.37095381360414,30.76
"V2 (IDW p=2, k=15)",p99,A636,20.960637383481455,29.224
"V2 (IDW p=2, k=15)",p99,A637,20.13230168562211,19.225
"V2 (IDW p=2, k=15)",p99,A651,20.792964374888797,19.6
"V2 (IDW p=2, k=15)",p99,A652,20.04343925896654,33.74
"V2 (IDW p=2, k=15)",p99,A653,27.36671446882317,20.9
"V2 (IDW p=2, k=15)",p99,A654,20.867109178980236,26.887999999999998
"V2 (IDW p=2, k=15)",p99,A655,21.043078543769678,16.4
"V2 (IDW p=2, k=15)",p99,A656,21.383842768701836,14.9
"V2 (IDW p=2, k=15)",p99,A657,18.10229277349539,37.78799999999999
"V2 (IDW p=2, k=15)",p99,A659,18.001956499509134,23.6
"V2 (IDW p=2, k=15)",p99,A667,17.773332628452106,26.6
"V2 (IDW p=2, k=15)",p99,A701,23.115722462782802,27.895999999999997
"V2 (IDW p=2, k=15)",p99,A702,23.65981691121414,27.799999999999994
"V2 (IDW p=2, k=15)",p99,A703,24.677821874078525,22.537000000000003
"V2 (IDW p=2, k=15)",p99,A704,22.65213807730856,25.056
"V2 (IDW p=2, k=15)",p99,A705,21.636133909947,24.483999999999998
"V2 (IDW p=2, k=15)",p99,A706,20.717611310726035,18.881
"V2 (IDW p=2, k=15)",p99,A707,24.132755582917035,23.978
"V2 (IDW p=2, k=15)",p99,A708,18.92701104682329,22.863
"V2 (IDW p=2, k=15)",p99,A709,20.95318242511548,33.86000000000001
"V2 (IDW p=2, k=15)",p99,A710,20.899597093754405,29.896000000000004
"V2 (IDW p=2, k=15)",p99,A711,23.04897386306959,24.3
"V2 (IDW p=2, k=15)",p99,A712,21.8201231693016,24.567
"V2 (IDW p=2, k=15)",p99,A713,21.674317465842943,25.323999999999998
"V2 (IDW p=2, k=15)",p99,A714,21.370755925036974,24.642999999999997
"V2 (IDW p=2, k=15)",p99,A715,23.26257269744864,24.642999999999997
"V2 (IDW p=2, k=15)",p99,A716,21.721300412970542,34.26899999999999
"V2 (IDW p=2, k=15)",p99,A717,24.40702728952908,24.4
"V2 (IDW p=2, k=15)",p99,A718,22.844534660312878,24.648
"V2 (IDW p=2, k=15)",p99,A719,23.279163160990592,22.4
"V2 (IDW p=2, k=15)",p99,A720,20.243459720820084,24.167
"V2 (IDW p=2, k=15)",p99,A721,23.54047054094074,28.606999999999996
"V2 (IDW p=2, k=15)",p99,A722,22.6982700916543,24.162
"V2 (IDW p=2, k=15)",p99,A723,23.25115892253834,23.948
"V2 (IDW p=2, k=15)",p99,A724,22.523542499176436,37.564
"V2 (IDW p=2, k=15)",p99,A725,21.8234155661513,24.752999999999997
"V2 (IDW p=2, k=15)",p99,A726,18.8647849944073,26.256
"V2 (IDW p=2, k=15)",p99,A727,20.718189469060224,24.729
"V2 (IDW p=2, k=15)",p99,A728,20.685754231488236,24.681
"V2 (IDW p=2, k=15)",p99,A729,19.66152431672596,23.483999999999998
"V2 (IDW p=2, k=15)",p99,A730,20.909929123772244,24.391
"V2 (IDW p=2, k=15)",p99,A731,25.176412795826238,23.63
"V2 (IDW p=2, k=15)",p99,A732,21.003324651279485,25.0
"V2 (IDW p=2, k=15)",p99,A733,21.762419010545365,24.856
"V2 (IDW p=2, k=15)",p99,A734,21.83177634807276,28.240000000000002
"V2 (IDW p=2, k=15)",p99,A735,20.212246590236965,24.564
"V2 (IDW p=2, k=15)",p99,A736,20.097012144049362,24.81
"V2 (IDW p=2, k=15)",p99,A737,21.46827902404334,24.674
"V2 (IDW p=2, k=15)",p99,A738,19.112062676592295,24.394
"V2 (IDW p=2, k=15)",p99,A739,19.177435988949718,24.188
"V2 (IDW p=2, k=15)",p99,A740,21.66791609114796,27.323999999999995
"V2 (IDW p=2, k=15)",p99,A741,21.747554556970673,24.556
"V2 (IDW p=2, k=15)",p99,A742,21.447037991616874,24.783
"V2 (IDW p=2, k=15)",p99,A743,23.642333928000237,30.656
"V2 (IDW p=2, k=15)",p99,A744,22.541708986198806,41.964
"V2 (IDW p=2, k=15)",p99,A745,22.147041845840096,24.125
"V2 (IDW p=2, k=15)",p99,A746,23.005099747719452,20.25
"V2 (IDW p=2, k=15)",p99,A747,21.057315191283575,26.063999999999997
"V2 (IDW p=2, k=15)",p99,A748,19.37766340330999,22.715
"V2 (IDW p=2, k=15)",p99,A749,24.22976560022302,23.24
"V2 (IDW p=2, k=15)",p99,A750,23.613577482966907,24.386
"V2 (IDW p=2, k=15)",p99,A751,22.15361190855849,24.983
"V2 (IDW p=2, k=15)",p99,A752,24.101353396676522,24.884
"V2 (IDW p=2, k=15)",p99,A753,18.447840869712728,24.898
"V2 (IDW p=2, k=15)",p99,A754,24.56815005251079,39.13499999999998
"V2 (IDW p=2, k=15)",p99,A755,23.069250547106577,29.057
"V2 (IDW p=2, k=15)",p99,A756,24.79487120980668,24.740000000000002
"V2 (IDW p=2, k=15)",p99,A757,22.269542649944675,24.16
"V2 (IDW p=2, k=15)",p99,A758,22.30371249819489,23.886
"V2 (IDW p=2, k=15)",p99,A759,22.19961861872138,25.82
"V2 (IDW p=2, k=15)",p99,A760,20.37613226848483,24.948
"V2 (IDW p=2, k=15)",p99,A761,20.419126523111878,24.663999999999998
"V2 (IDW p=2, k=15)",p99,A762,22.9730768484685,40.346
"V2 (IDW p=2, k=15)",p99,A763,21.650536392746464,33.016
"V2 (IDW p=2, k=15)",p99,A764,22.475437488249238,24.969
"V2 (IDW p=2, k=15)",p99,A765,24.963845812099933,27.192
"V2 (IDW p=2, k=15)",p99,A766,19.314771273992918,37.12
"V2 (IDW p=2, k=15)",p99,A767,21.49406453489965,28.323999999999998
"V2 (IDW p=2, k=15)",p99,A768,21.30147308860342,26.292
"V2 (IDW p=2, k=15)",p99,A769,17.93785590767953,27.794999999999998
"V2 (IDW p=2, k=15)",p99,A770,18.93275869367268,22.68
"V2 (IDW p=2, k=15)",p99,A771,23.565081916852023,29.325999999999997
"V2 (IDW p=2, k=15)",p99,A801,26.29896171235101,32.35
"V2 (IDW p=2, k=15)",p99,A802,26.823154154941612,31.435999999999996
"V2 (IDW p=2, k=15)",p99,A803,25.15127613750214,26.228
"V2 (IDW p=2, k=15)",p99,A804,23.96318385761291,32.036
"V2 (IDW p=2, k=15)",p99,A805,23.976279722329927,38.56799999999999
"V2 (IDW p=2, k=15)",p99,A806,23.130952504192376,33.114000000000004
"V2 (IDW p=2, k=15)",p99,A807,23.513679603923382,26.384999999999998
"V2 (IDW p=2, k=15)",p99,A808,24.149346604114413,30.246000000000002
"V2 (IDW p=2, k=15)",p99,A809,25.79382741313753,28.133999999999997
"V2 (IDW p=2, k=15)",p99,A810,25.160639968446315,36.03
"V2 (IDW p=2, k=15)",p99,A811,27.022076608609567,36.2
"V2 (IDW p=2, k=15)",p99,A814,25.526332523048907,31.484999999999985
"V2 (IDW p=2, k=15)",p99,A815,31.146032981915788,29.725999999999996
"V2 (IDW p=2, k=15)",p99,A816,26.060292412310524,37.445
"V2 (IDW p=2, k=15)",p99,A817,22.016521588406036,34.815
"V2 (IDW p=2, k=15)",p99,A818,20.31424449200905,24.747999999999998
"V2 (IDW p=2, k=15)",p99,A819,23.76449953989358,25.456000000000003
"V2 (IDW p=2, k=15)",p99,A820,21.968193003108887,34.334
"V2 (IDW p=2, k=15)",p99,A821,21.790593881028748,28.315999999999995
"V2 (IDW p=2, k=15)",p99,A822,19.330553573767627,29.032
"V2 (IDW p=2, k=15)",p99,A823,23.504543019065018,33.306999999999995
"V2 (IDW p=2, k=15)",p99,A824,22.865546129030264,31.82
"V2 (IDW p=2, k=15)",p99,A825,22.13627591843302,32.650000000000006
"V2 (IDW p=2, k=15)",p99,A826,27.578590246519347,26.142999999999997
"V2 (IDW p=2, k=15)",p99,A827,24.40074361207208,38.182
"V2 (IDW p=2, k=15)",p99,A828,23.181379217989306,33.812999999999995
"V2 (IDW p=2, k=15)",p99,A829,32.592168463934364,41.701999999999984
"V2 (IDW p=2, k=15)",p99,A830,24.473589518920356,31.838
"V2 (IDW p=2, k=15)",p99,A831,24.524697803511323,33.312000000000005
"V2 (IDW p=2, k=15)",p99,A832,24.770407976974543,30.32
"V2 (IDW p=2, k=15)",p99,A833,23.712596099739983,41.480000000000004
"V2 (IDW p=2, k=15)",p99,A834,30.003262996600842,36.192
"V2 (IDW p=2, k=15)",p99,A835,20.794213103172225,29.630999999999993
"V2 (IDW p=2, k=15)",p99,A836,25.755772615048816,34.214000000000006
"V2 (IDW p=2, k=15)",p99,A837,25.042447392861263,39.212999999999994
"V2 (IDW p=2, k=15)",p99,A839,24.364238431889547,32.734
"V2 (IDW p=2, k=15)",p99,A840,23.9169779717008,29.276999999999997
"V2 (IDW p=2, k=15)",p99,A841,23.366035963930827,30.291999999999998
"V2 (IDW p=2, k=15)",p99,A842,21.788032972969567,29.288
"V2 (IDW p=2, k=15)",p99,A843,22.77252097902527,39.76
"V2 (IDW p=2, k=15)",p99,A844,27.496597919923786,41.366
"V2 (IDW p=2, k=15)",p99,A845,29.860946887808833,41.332
"V2 (IDW p=2, k=15)",p99,A846,24.51945443824006,31.874999999999993
"V2 (IDW p=2, k=15)",p99,A847,22.563227212645906,34.63300000000001
"V2 (IDW p=2, k=15)",p99,A848,26.231266533531564,32.504
"V2 (IDW p=2, k=15)",p99,A849,21.868710395510398,32.95799999999999
"V2 (IDW p=2, k=15)",p99,A850,21.05334428419217,34.651999999999994
"V2 (IDW p=2, k=15)",p99,A851,24.25145771179102,27.782
"V2 (IDW p=2, k=15)",p99,A852,25.556785922105405,28.138
"V2 (IDW p=2, k=15)",p99,A853,24.870454879891724,42.098
"V2 (IDW p=2, k=15)",p99,A854,23.64216053809426,30.356
"V2 (IDW p=2, k=15)",p99,A855,24.353856302104184,34.804
"V2 (IDW p=2, k=15)",p99,A856,23.777949566815987,37.38899999999998
"V2 (IDW p=2, k=15)",p99,A857,24.774859446206364,35.071999999999996
"V2 (IDW p=2, k=15)",p99,A858,29.3576995523102,32.57899999999999
"V2 (IDW p=2, k=15)",p99,A859,25.153249368165657,31.116
"V2 (IDW p=2, k=15)",p99,A860,23.012872496952596,42.21199999999999
"V2 (IDW p=2, k=15)",p99,A861,24.489036234190756,30.596
"V2 (IDW p=2, k=15)",p99,A862,28.205254896450228,29.821999999999992
"V2 (IDW p=2, k=15)",p99,A863,23.538130436266673,30.845
"V2 (IDW p=2, k=15)",p99,A864,22.722985853055654,33.168
"V2 (IDW p=2, k=15)",p99,A865,24.695714449342482,24.701
"V2 (IDW p=2, k=15)",p99,A866,26.44920385865379,43.588
"V2 (IDW p=2, k=15)",p99,A867,21.739434026372113,29.346999999999998
"V2 (IDW p=2, k=15)",p99,A868,23.034129635909217,32.654999999999994
"V2 (IDW p=2, k=15)",p99,A869,21.55317291519789,27.255999999999997
"V2 (IDW p=2, k=15)",p99,A870,27.53954034892912,24.008
"V2 (IDW p=2, k=15)",p99,A871,22.72644193705077,31.349999999999994
"V2 (IDW p=2, k=15)",p99,A872,21.65971439088888,27.866
"V2 (IDW p=2, k=15)",p99,A873,22.497622388760938,33.89099999999999
"V2 (IDW p=2, k=15)",p99,A874,23.986493933030545,30.991999999999997
"V2 (IDW p=2, k=15)",p99,A875,25.455686227816134,23.546999999999997
"V2 (IDW p=2, k=15)",p99,A876,25.327169617684284,32.839999999999996
"V2 (IDW p=2, k=15)",p99,A878,32.70631232766523,40.62
"V2 (IDW p=2, k=15)",p99,A879,26.47940821833289,47.26999999999998
"V2 (IDW p=2, k=15)",p99,A880,24.298269263973417,44.732
"V2 (IDW p=2, k=15)",p99,A881,22.418819328244957,34.105
"V2 (IDW p=2, k=15)",p99,A882,23.179869707153237,33.873999999999995
"V2 (IDW p=2, k=15)",p99,A883,26.501998651558488,24.496
"V2 (IDW p=2, k=15)",p99,A884,23.67011620021467,24.939999999999998
"V2 (IDW p=2, k=15)",p99,A886,26.678939317119337,34.987
"V2 (IDW p=2, k=15)",p99,A889,28.189805638036944,25.091
"V2 (IDW p=2, k=15)",p99,A893,26.484054296966747,32.144000000000005
"V2 (IDW p=2, k=15)",p99,A894,23.749486573558062,24.5
"V2 (IDW p=2, k=15)",p99,A895,24.393277855322776,29.956
"V2 (IDW p=2, k=15)",p99,A897,30.339779610491625,29.765
"V2 (IDW p=2, k=15)",p99,A898,23.374744699036935,33.948
"V2 (IDW p=2, k=15)",p99,A901,17.797877584123604,24.293
"V2 (IDW p=2, k=15)",p99,A902,18.734299695145936,24.978
"V2 (IDW p=2, k=15)",p99,A903,19.7893721084603,21.94
"V2 (IDW p=2, k=15)",p99,A904,18.850610605339714,22.657999999999998
"V2 (IDW p=2, k=15)",p99,A905,19.269581033965814,24.474
"V2 (IDW p=2, k=15)",p99,A906,16.809890665233635,24.76
"V2 (IDW p=2, k=15)",p99,A907,17.142101206397506,24.778000000000002
"V2 (IDW p=2, k=15)",p99,A908,15.50825383786732,24.781
"V2 (IDW p=2, k=15)",p99,A909,19.85948833281966,23.706
"V2 (IDW p=2, k=15)",p99,A910,14.351853933784247,22.163999999999998
"V2 (IDW p=2, k=15)",p99,A911,17.14368771691258,39.344
"V2 (IDW p=2, k=15)",p99,A912,18.180665532749508,24.381
"V2 (IDW p=2, k=15)",p99,A913,17.552987824003107,23.11
"V2 (IDW p=2, k=15)",p99,A914,14.082210278265961,22.068
"V2 (IDW p=2, k=15)",p99,A915,17.905239048501436,24.42
"V2 (IDW p=2, k=15)",p99,A916,16.999638265379673,24.283
"V2 (IDW p=2, k=15)",p99,A917,19.456613275685747,23.858
"V2 (IDW p=2, k=15)",p99,A918,15.735337075181285,23.728
"V2 (IDW p=2, k=15)",p99,A919,14.303730896233326,24.615
"V2 (IDW p=2, k=15)",p99,A920,14.523240424693146,24.448
"V2 (IDW p=2, k=15)",p99,A921,15.25100048580345,24.612
"V2 (IDW p=2, k=15)",p99,A922,17.708548526523092,23.610999999999997
"V2 (IDW p=2, k=15)",p99,A923,18.416120728635132,45.41499999999999
"V2 (IDW p=2, k=15)",p99,A924,20.634598785465336,22.81
"V2 (IDW p=2, k=15)",p99,A925,15.880490622677483,24.983
"V2 (IDW p=2, k=15)",p99,A926,18.43547066609013,23.996
"V2 (IDW p=2, k=15)",p99,A927,15.998671295448894,22.684
"V2 (IDW p=2, k=15)",p99,A928,14.85867404103723,23.761999999999997
"V2 (IDW p=2, k=15)",p99,A929,16.141603502407342,24.784
"V2 (IDW p=2, k=15)",p99,A930,16.905739049607924,22.2
"V2 (IDW p=2, k=15)",p99,A931,18.955363552359763,24.532
"V2 (IDW p=2, k=15)",p99,A932,18.295490198085645,22.983
"V2 (IDW p=2, k=15)",p99,A933,19.836910558070056,24.38
"V2 (IDW p=2, k=15)",p99,A934,19.342123854486537,24.966
"V2 (IDW p=2, k=15)",p99,A935,17.580530805655513,22.564999999999998
"V2 (IDW p=2, k=15)",p99,A936,19.162312510323556,22.698
"V2 (IDW p=2, k=15)",p99,A937,19.932726769371982,23.983999999999998
"V2 (IDW p=2, k=15)",p99,A938,15.241518164659194,22.68
"V2 (IDW p=2, k=15)",p99,A939,15.945097766399272,24.314999999999998
"V2 (IDW p=2, k=15)",p99,A940,16.41152925115304,24.986
"V2 (IDW p=2, k=15)",p99,A941,19.916480667209314,22.219
"V2 (IDW p=2, k=15)",p99,A942,15.879024215840884,33.524
"V2 (IDW p=2, k=15)",p99,A943,16.044784814210907,27.43
"V2 (IDW p=2, k=15)",p99,A944,16.72129114729922,19.886
"V2 (IDW p=2, k=15)",p99,B803,24.203904238944684,34.516
"V2 (IDW p=2, k=15)",p99,B804,25.713010688926744,35.116
"V2 (IDW p=2, k=15)",p99,B806,26.37836707950521,23.573999999999998
"V2 (IDW p=2, k=15)",p99,B807,27.70221565561338,29.843999999999998
"V2 (IDW p=2, k=15)",p99,B808,22.346390542128407,12.8
"V2 (IDW p=2, k=15)",p99,B809,20.97830959278071,16.0
"V2 (IDW p=2, k=15)",p99,B810,22.837871994828014,15.0
"V2 (IDW p=2, k=15)",p99,B811,24.879044315906036,15.7
"V2 (IDW p=2, k=15)",p99,B812,22.72895644063616,13.1
"V2 (IDW p=2, k=15)",p99,B813,22.80389686349912,10.4
"V2 (IDW p=2, k=15)",p99,B814,21.496554600664048,10.6
"V2 (IDW p=2, k=15)",p99,B816,23.133052041402788,9.3
"V2 (IDW p=2, k=15)",p99,B817,26.285944969935656,11.7
"V2 (IDW p=2, k=15)",p99,B818,24.938452856921675,12.2
"V2 (IDW p=2, k=15)",p99,B819,25.6015585397759,16.4
"V2 (IDW p=2, k=15)",p99,B820,26.694973505268624,14.9
"V2 (IDW p=2, k=15)",p99,B821,24.425958135328226,8.6
"V2 (IDW p=2, k=15)",p99,B822,23.080325804337313,12.6
"V2 (IDW p=2, k=15)",p99,B823,25.599040984581244,11.1
"V2 (IDW p=2, k=15)",p99,B825,29.509098045714037,13.5
"V2 (IDW p=2, k=15)",p99,B827,37.06045412577906,11.5
"V2 (IDW p=2, k=15)",p99,B828,24.60582401622267,14.9
"V2 (IDW p=2, k=15)",p99,B829,28.74063887064455,18.7
"V2 (IDW p=2, k=15)",p99,F501,17.687540582256638,28.978
"V3 (Gaussiano sigma=2.0, k=15)",p95,A001,15.598329883948141,24.1
"V3 (Gaussiano sigma=2.0, k=15)",p95,A002,15.46367294698487,22.3
"V3 (Gaussiano sigma=2.0, k=15)",p95,A003,16.143189586277455,23.88
"V3 (Gaussiano sigma=2.0, k=15)",p95,A004,14.438473956050824,23.305
"V3 (Gaussiano sigma=2.0, k=15)",p95,A005,14.831961046564022,22.2
"V3 (Gaussiano sigma=2.0, k=15)",p95,A006,15.090519840367332,17.125
"V3 (Gaussiano sigma=2.0, k=15)",p95,A007,14.784823665870245,23.235
"V3 (Gaussiano sigma=2.0, k=15)",p95,A008,15.474558390646159,23.6
"V3 (Gaussiano sigma=2.0, k=15)",p95,A009,14.815963382152402,23.09
"V3 (Gaussiano sigma=2.0, k=15)",p95,A010,15.091238611804247,22.2
"V3 (Gaussiano sigma=2.0, k=15)",p95,A011,17.19342650929648,24.72
"V3 (Gaussiano sigma=2.0, k=15)",p95,A012,14.922764799302172,23.835
"V3 (Gaussiano sigma=2.0, k=15)",p95,A013,15.870684946933375,22.509999999999994
"V3 (Gaussiano sigma=2.0, k=15)",p95,A014,15.053254915523675,23.91
"V3 (Gaussiano sigma=2.0, k=15)",p95,A015,14.081324924999109,23.88
"V3 (Gaussiano sigma=2.0, k=15)",p95,A016,18.703933479436248,24.23
"V3 (Gaussiano sigma=2.0, k=15)",p95,A017,15.803801956848448,23.23
"V3 (Gaussiano sigma=2.0, k=15)",p95,A018,14.986040151328957,24.71
"V3 (Gaussiano sigma=2.0, k=15)",p95,A019,14.684373612737053,22.459999999999994
"V3 (Gaussiano sigma=2.0, k=15)",p95,A020,14.917388785619517,23.43
"V3 (Gaussiano sigma=2.0, k=15)",p95,A021,14.026060326153956,17.889999999999997
"V3 (Gaussiano sigma=2.0, k=15)",p95,A022,14.301310636913087,24.15
"V3 (Gaussiano sigma=2.0, k=15)",p95,A023,16.71673621248111,23.65
"V3 (Gaussiano sigma=2.0, k=15)",p95,A024,17.1311531415271,22.119999999999997
"V3 (Gaussiano sigma=2.0, k=15)",p95,A025,18.52720227326007,24.959999999999997
"V3 (Gaussiano sigma=2.0, k=15)",p95,A026,17.75785389461924,24.81
"V3 (Gaussiano sigma=2.0, k=15)",p95,A027,16.691603357276577,23.86
"V3 (Gaussiano sigma=2.0, k=15)",p95,A028,15.006800391653876,24.38
"V3 (Gaussiano sigma=2.0, k=15)",p95,A029,16.108025643419385,37.12
"V3 (Gaussiano sigma=2.0, k=15)",p95,A031,15.086124211733448,28.78
"V3 (Gaussiano sigma=2.0, k=15)",p95,A032,14.948950741750423,24.64
"V3 (Gaussiano sigma=2.0, k=15)",p95,A033,16.08068914384841,23.5
"V3 (Gaussiano sigma=2.0, k=15)",p95,A034,15.726295044434758,21.759999999999998
"V3 (Gaussiano sigma=2.0, k=15)",p95,A035,17.116832122423137,24.36
"V3 (Gaussiano sigma=2.0, k=15)",p95,A036,15.553046597772953,24.66
"V3 (Gaussiano sigma=2.0, k=15)",p95,A037,15.720988077936493,21.7
"V3 (Gaussiano sigma=2.0, k=15)",p95,A038,16.376675220928888,24.415
"V3 (Gaussiano sigma=2.0, k=15)",p95,A039,15.459481773016842,23.709999999999997
"V3 (Gaussiano sigma=2.0, k=15)",p95,A040,16.502903033114375,24.2
"V3 (Gaussiano sigma=2.0, k=15)",p95,A041,14.627549096037269,24.67
"V3 (Gaussiano sigma=2.0, k=15)",p95,A042,14.942262992795031,28.279999999999998
"V3 (Gaussiano sigma=2.0, k=15)",p95,A043,14.633709051340512,19.14
"V3 (Gaussiano sigma=2.0, k=15)",p95,A044,13.879055652611793,24.175
"V3 (Gaussiano sigma=2.0, k=15)",p95,A045,15.967975032288038,21.544999999999998
"V3 (Gaussiano sigma=2.0, k=15)",p95,A046,14.918719436953133,25.72
"V3 (Gaussiano sigma=2.0, k=15)",p95,A047,14.90124102962643,23.1
"V3 (Gaussiano sigma=2.0, k=15)",p95,A048,13.631377311052796,33.249999999999986
"V3 (Gaussiano sigma=2.0, k=15)",p95,A049,13.989511795423446,33.234999999999985
"V3 (Gaussiano sigma=2.0, k=15)",p95,A050,16.231951324805408,27.46999999999999
"V3 (Gaussiano sigma=2.0, k=15)",p95,A051,14.724370062376797,21.38
"V3 (Gaussiano sigma=2.0, k=15)",p95,A052,14.737218022815954,22.2
"V3 (Gaussiano sigma=2.0, k=15)",p95,A053,15.080460744109695,24.099999999999998
"V3 (Gaussiano sigma=2.0, k=15)",p95,A054,14.947838245577618,23.6
"V3 (Gaussiano sigma=2.0, k=15)",p95,A055,14.650732816800122,25.18499999999999
"V3 (Gaussiano sigma=2.0, k=15)",p95,A056,14.995285837237017,41.72
"V3 (Gaussiano sigma=2.0, k=15)",p95,A101,13.562714192565963,38.375
"V3 (Gaussiano sigma=2.0, k=15)",p95,A102,15.892346139184234,22.349999999999998
"V3 (Gaussiano sigma=2.0, k=15)",p95,A104,15.799987304417321,23.759999999999998
"V3 (Gaussiano sigma=2.0, k=15)",p95,A108,15.437590265601816,19.14
"V3 (Gaussiano sigma=2.0, k=15)",p95,A109,14.485937257719993,21.735
"V3 (Gaussiano sigma=2.0, k=15)",p95,A110,14.526742955666544,22.68
"V3 (Gaussiano sigma=2.0, k=15)",p95,A111,14.986766018007126,19.93
"V3 (Gaussiano sigma=2.0, k=15)",p95,A112,13.554446257664464,24.259999999999998
"V3 (Gaussiano sigma=2.0, k=15)",p95,A113,12.98801237972313,23.625
"V3 (Gaussiano sigma=2.0, k=15)",p95,A117,11.992436619924284,21.53
"V3 (Gaussiano sigma=2.0, k=15)",p95,A119,12.12513611671063,22.055
"V3 (Gaussiano sigma=2.0, k=15)",p95,A121,12.794035564910441,20.199999999999996
"V3 (Gaussiano sigma=2.0, k=15)",p95,A122,12.477899602601767,19.275
"V3 (Gaussiano sigma=2.0, k=15)",p95,A123,12.07095,18.825
"V3 (Gaussiano sigma=2.0, k=15)",p95,A124,12.633452157127518,17.0
"V3 (Gaussiano sigma=2.0, k=15)",p95,A125,13.065190576220244,21.964999999999996
"V3 (Gaussiano sigma=2.0, k=15)",p95,A126,13.581196006841724,20.5
"V3 (Gaussiano sigma=2.0, k=15)",p95,A127,13.70508668249187,14.8
"V3 (Gaussiano sigma=2.0, k=15)",p95,A128,14.393972028145848,19.48
"V3 (Gaussiano sigma=2.0, k=15)",p95,A133,12.737314137538846,23.04
"V3 (Gaussiano sigma=2.0, k=15)",p95,A134,16.373476939440117,19.259999999999998
"V3 (Gaussiano sigma=2.0, k=15)",p95,A135,16.335220272929003,23.15
"V3 (Gaussiano sigma=2.0, k=15)",p95,A136,14.929825000000001,19.89
"V3 (Gaussiano sigma=2.0, k=15)",p95,A137,16.854800227744107,24.92
"V3 (Gaussiano sigma=2.0, k=15)",p95,A138,15.315854303045898,23.95
"V3 (Gaussiano sigma=2.0, k=15)",p95,A140,17.179386439917685,20.459999999999997
"V3 (Gaussiano sigma=2.0, k=15)",p95,A144,13.81621610514457,21.525
"V3 (Gaussiano sigma=2.0, k=15)",p95,A201,13.202325,19.57
"V3 (Gaussiano sigma=2.0, k=15)",p95,A202,14.906548263403678,20.839999999999996
"V3 (Gaussiano sigma=2.0, k=15)",p95,A203,13.6198846900546,17.58
"V3 (Gaussiano sigma=2.0, k=15)",p95,A204,14.418524999999999,23.619999999999997
"V3 (Gaussiano sigma=2.0, k=15)",p95,A205,13.507135225349895,20.999999999999996
"V3 (Gaussiano sigma=2.0, k=15)",p95,A206,14.837825,23.58
"V3 (Gaussiano sigma=2.0, k=15)",p95,A207,14.059249469187137,20.374999999999993
"V3 (Gaussiano sigma=2.0, k=15)",p95,A208,13.750936186140478,18.36
"V3 (Gaussiano sigma=2.0, k=15)",p95,A209,13.852875000000001,17.729999999999997
"V3 (Gaussiano sigma=2.0, k=15)",p95,A210,13.905162998999872,20.979999999999997
"V3 (Gaussiano sigma=2.0, k=15)",p95,A211,13.650092923136533,21.34
"V3 (Gaussiano sigma=2.0, k=15)",p95,A212,14.458203596693156,23.889999999999997
"V3 (Gaussiano sigma=2.0, k=15)",p95,A213,14.403634088423225,19.515
"V3 (Gaussiano sigma=2.0, k=15)",p95,A214,14.55497951457794,21.34
"V3 (Gaussiano sigma=2.0, k=15)",p95,A215,15.598867748825494,17.455
"V3 (Gaussiano sigma=2.0, k=15)",p95,A216,13.254097442283456,31.999999999999993
"V3 (Gaussiano sigma=2.0, k=15)",p95,A217,15.909980808424375,23.035
"V3 (Gaussiano sigma=2.0, k=15)",p95,A218,16.978078943620392,18.75
"V3 (Gaussiano sigma=2.0, k=15)",p95,A219,16.124656533611343,19.06
"V3 (Gaussiano sigma=2.0, k=15)",p95,A220,13.954425,22.36
"V3 (Gaussiano sigma=2.0, k=15)",p95,A221,13.591036513061136,21.479999999999997
"V3 (Gaussiano sigma=2.0, k=15)",p95,A222,15.357883308817257,23.534999999999997
"V3 (Gaussiano sigma=2.0, k=15)",p95,A223,15.085183069591416,22.16
"V3 (Gaussiano sigma=2.0, k=15)",p95,A224,13.79425,24.19
"V3 (Gaussiano sigma=2.0, k=15)",p95,A225,13.890955846074313,24.9
"V3 (Gaussiano sigma=2.0, k=15)",p95,A226,16.89058194683118,24.915
"V3 (Gaussiano sigma=2.0, k=15)",p95,A227,14.185803183264024,20.199999999999996
"V3 (Gaussiano sigma=2.0, k=15)",p95,A228,13.12108084772199,30.4
"V3 (Gaussiano sigma=2.0, k=15)",p95,A229,12.767121026399181,23.025
"V3 (Gaussiano sigma=2.0, k=15)",p95,A230,14.598442443799327,23.439999999999998
"V3 (Gaussiano sigma=2.0, k=15)",p95,A231,13.51674796499253,21.405
"V3 (Gaussiano sigma=2.0, k=15)",p95,A232,12.978412626006484,23.679999999999996
"V3 (Gaussiano sigma=2.0, k=15)",p95,A233,13.619418257098731,24.625
"V3 (Gaussiano sigma=2.0, k=15)",p95,A234,14.557669313327828,22.75
"V3 (Gaussiano sigma=2.0, k=15)",p95,A235,13.40065,23.95
"V3 (Gaussiano sigma=2.0, k=15)",p95,A236,13.143788115471962,19.56
"V3 (Gaussiano sigma=2.0, k=15)",p95,A237,14.70952187401129,23.88
"V3 (Gaussiano sigma=2.0, k=15)",p95,A238,14.49837599580001,21.99
"V3 (Gaussiano sigma=2.0, k=15)",p95,A239,13.670875,23.779999999999998
"V3 (Gaussiano sigma=2.0, k=15)",p95,A240,13.428849999999999,22.499999999999996
"V3 (Gaussiano sigma=2.0, k=15)",p95,A241,14.279005650168317,24.345
"V3 (Gaussiano sigma=2.0, k=15)",p95,A242,15.348834640081524,18.775
"V3 (Gaussiano sigma=2.0, k=15)",p95,A243,14.144224788788605,23.549999999999997
"V3 (Gaussiano sigma=2.0, k=15)",p95,A244,14.897003343447368,23.779999999999998
"V3 (Gaussiano sigma=2.0, k=15)",p95,A245,14.095172975373455,17.77
"V3 (Gaussiano sigma=2.0, k=15)",p95,A246,13.480900699670915,22.05
"V3 (Gaussiano sigma=2.0, k=15)",p95,A247,13.299488149761165,45.69999999999999
"V3 (Gaussiano sigma=2.0, k=15)",p95,A248,15.046991442281728,21.029999999999998
"V3 (Gaussiano sigma=2.0, k=15)",p95,A249,14.694277903277671,23.599999999999998
"V3 (Gaussiano sigma=2.0, k=15)",p95,A250,12.761800000000001,21.519999999999992
"V3 (Gaussiano sigma=2.0, k=15)",p95,A251,14.676311773316549,35.22
"V3 (Gaussiano sigma=2.0, k=15)",p95,A252,15.00345,40.68
"V3 (Gaussiano sigma=2.0, k=15)",p95,A253,13.752264807332157,35.099999999999994
"V3 (Gaussiano sigma=2.0, k=15)",p95,A254,13.615776640141634,22.869999999999997
"V3 (Gaussiano sigma=2.0, k=15)",p95,A255,15.395411613344566,35.48
"V3 (Gaussiano sigma=2.0, k=15)",p95,A256,13.706773350571368,41.04
"V3 (Gaussiano sigma=2.0, k=15)",p95,A301,15.212374017350852,21.48
"V3 (Gaussiano sigma=2.0, k=15)",p95,A302,18.466691104560095,23.485
"V3 (Gaussiano sigma=2.0, k=15)",p95,A303,14.457884477627706,24.525
"V3 (Gaussiano sigma=2.0, k=15)",p95,A304,16.115709192757645,21.179999999999996
"V3 (Gaussiano sigma=2.0, k=15)",p95,A305,16.20154883954282,15.88
"V3 (Gaussiano sigma=2.0, k=15)",p95,A306,15.197753017999041,22.575000000000003
"V3 (Gaussiano sigma=2.0, k=15)",p95,A307,17.674699999999998,24.189999999999998
"V3 (Gaussiano sigma=2.0, k=15)",p95,A308,16.69986592884574,21.53
"V3 (Gaussiano sigma=2.0, k=15)",p95,A309,15.372307814865412,24.51
"V3 (Gaussiano sigma=2.0, k=15)",p95,A310,15.151357272032424,18.0
"V3 (Gaussiano sigma=2.0, k=15)",p95,A311,15.48447208188039,22.0
"V3 (Gaussiano sigma=2.0, k=15)",p95,A312,14.663672669170094,22.515
"V3 (Gaussiano sigma=2.0, k=15)",p95,A313,15.777086763507237,19.060000000000002
"V3 (Gaussiano sigma=2.0, k=15)",p95,A314,16.567953839368045,18.209999999999997
"V3 (Gaussiano sigma=2.0, k=15)",p95,A315,16.656423336951626,21.4
"V3 (Gaussiano sigma=2.0, k=15)",p95,A316,16.099179308060474,24.53
"V3 (Gaussiano sigma=2.0, k=15)",p95,A317,16.143091517527996,24.019999999999996
"V3 (Gaussiano sigma=2.0, k=15)",p95,A318,15.903754567348152,21.944999999999997
"V3 (Gaussiano sigma=2.0, k=15)",p95,A319,15.490057107917306,23.24
"V3 (Gaussiano sigma=2.0, k=15)",p95,A320,14.991126359960116,20.379999999999992
"V3 (Gaussiano sigma=2.0, k=15)",p95,A321,16.60849162705464,23.93
"V3 (Gaussiano sigma=2.0, k=15)",p95,A322,15.108683742167472,18.689999999999998
"V3 (Gaussiano sigma=2.0, k=15)",p95,A323,15.175045806556955,21.49
"V3 (Gaussiano sigma=2.0, k=15)",p95,A324,16.43599848374306,22.0
"V3 (Gaussiano sigma=2.0, k=15)",p95,A325,14.980086068212962,23.16
"V3 (Gaussiano sigma=2.0, k=15)",p95,A326,14.900125000000001,24.63
"V3 (Gaussiano sigma=2.0, k=15)",p95,A327,14.2963585208255,20.11
"V3 (Gaussiano sigma=2.0, k=15)",p95,A328,15.085762847646976,17.69
"V3 (Gaussiano sigma=2.0, k=15)",p95,A329,17.46259469332988,23.419999999999998
"V3 (Gaussiano sigma=2.0, k=15)",p95,A330,18.58730861950538,26.21999999999997
"V3 (Gaussiano sigma=2.0, k=15)",p95,A331,16.23346896470894,23.264999999999993
"V3 (Gaussiano sigma=2.0, k=15)",p95,A332,15.13812405799135,23.979999999999997
"V3 (Gaussiano sigma=2.0, k=15)",p95,A333,16.828516354700902,21.79
"V3 (Gaussiano sigma=2.0, k=15)",p95,A334,15.632655438382663,21.939999999999998
"V3 (Gaussiano sigma=2.0, k=15)",p95,A335,15.101631423634517,23.12
"V3 (Gaussiano sigma=2.0, k=15)",p95,A336,15.576631917918782,23.74
"V3 (Gaussiano sigma=2.0, k=15)",p95,A337,15.759787830770854,22.389999999999997
"V3 (Gaussiano sigma=2.0, k=15)",p95,A338,14.229370284660162,23.259999999999998
"V3 (Gaussiano sigma=2.0, k=15)",p95,A339,15.793990311610653,21.579999999999995
"V3 (Gaussiano sigma=2.0, k=15)",p95,A340,15.6785,22.255
"V3 (Gaussiano sigma=2.0, k=15)",p95,A341,15.835404427286734,19.619999999999997
"V3 (Gaussiano sigma=2.0, k=15)",p95,A342,16.87392927373141,24.034999999999997
"V3 (Gaussiano sigma=2.0, k=15)",p95,A343,16.136901064597513,22.084999999999997
"V3 (Gaussiano sigma=2.0, k=15)",p95,A344,17.054793928732522,22.599999999999998
"V3 (Gaussiano sigma=2.0, k=15)",p95,A345,15.706955735009885,20.73
"V3 (Gaussiano sigma=2.0, k=15)",p95,A346,16.703393815531832,15.909999999999995
"V3 (Gaussiano sigma=2.0, k=15)",p95,A347,16.510509541614635,23.029999999999998
"V3 (Gaussiano sigma=2.0, k=15)",p95,A348,15.623940447391234,23.39
"V3 (Gaussiano sigma=2.0, k=15)",p95,A349,16.239546628811212,23.505
"V3 (Gaussiano sigma=2.0, k=15)",p95,A350,16.07881374303411,22.939999999999998
"V3 (Gaussiano sigma=2.0, k=15)",p95,A351,16.40545297721271,22.465
"V3 (Gaussiano sigma=2.0, k=15)",p95,A352,16.19631647159569,17.619999999999997
"V3 (Gaussiano sigma=2.0, k=15)",p95,A353,14.651260844354573,19.465
"V3 (Gaussiano sigma=2.0, k=15)",p95,A354,16.384948870841058,22.919999999999998
"V3 (Gaussiano sigma=2.0, k=15)",p95,A355,15.412281845421996,18.019999999999996
"V3 (Gaussiano sigma=2.0, k=15)",p95,A356,13.731186835139605,16.14
"V3 (Gaussiano sigma=2.0, k=15)",p95,A357,12.981520401043385,19.09999999999999
"V3 (Gaussiano sigma=2.0, k=15)",p95,A358,14.9046,23.38
"V3 (Gaussiano sigma=2.0, k=15)",p95,A359,16.451376446068007,22.599999999999994
"V3 (Gaussiano sigma=2.0, k=15)",p95,A360,16.817614169134863,19.0
"V3 (Gaussiano sigma=2.0, k=15)",p95,A361,16.252385816003006,20.154999999999998
"V3 (Gaussiano sigma=2.0, k=15)",p95,A362,14.522856049780366,24.3
"V3 (Gaussiano sigma=2.0, k=15)",p95,A363,15.885868438801626,24.14
"V3 (Gaussiano sigma=2.0, k=15)",p95,A364,16.439655734947028,23.18
"V3 (Gaussiano sigma=2.0, k=15)",p95,A365,16.260749999999998,22.4
"V3 (Gaussiano sigma=2.0, k=15)",p95,A366,16.167193362769158,21.475
"V3 (Gaussiano sigma=2.0, k=15)",p95,A367,16.67797891808577,18.145
"V3 (Gaussiano sigma=2.0, k=15)",p95,A368,16.82688637431769,19.99
"V3 (Gaussiano sigma=2.0, k=15)",p95,A369,15.866368155838195,18.45
"V3 (Gaussiano sigma=2.0, k=15)",p95,A370,17.263880131225033,25.9
"V3 (Gaussiano sigma=2.0, k=15)",p95,A371,15.742186886486346,26.699999999999996
"V3 (Gaussiano sigma=2.0, k=15)",p95,A372,16.02233501818015,35.4
"V3 (Gaussiano sigma=2.0, k=15)",p95,A373,15.986370363877223,20.975
"V3 (Gaussiano sigma=2.0, k=15)",p95,A374,15.557805402658893,24.914999999999996
"V3 (Gaussiano sigma=2.0, k=15)",p95,A375,15.859974716575003,27.009999999999994
"V3 (Gaussiano sigma=2.0, k=15)",p95,A376,14.899028337542207,21.94
"V3 (Gaussiano sigma=2.0, k=15)",p95,A377,14.529715860034319,45.8
"V3 (Gaussiano sigma=2.0, k=15)",p95,A401,18.715689098954726,44.975
"V3 (Gaussiano sigma=2.0, k=15)",p95,A402,15.070674090281422,23.4
"V3 (Gaussiano sigma=2.0, k=15)",p95,A403,16.975442511802754,24.55
"V3 (Gaussiano sigma=2.0, k=15)",p95,A404,15.765364708705492,23.704999999999995
"V3 (Gaussiano sigma=2.0, k=15)",p95,A405,19.449380667701895,19.77
"V3 (Gaussiano sigma=2.0, k=15)",p95,A406,14.928755420430022,18.069999999999997
"V3 (Gaussiano sigma=2.0, k=15)",p95,A407,14.87430413503933,18.0
"V3 (Gaussiano sigma=2.0, k=15)",p95,A408,14.270898667846446,23.09
"V3 (Gaussiano sigma=2.0, k=15)",p95,A409,15.408639039472328,35.59999999999997
"V3 (Gaussiano sigma=2.0, k=15)",p95,A410,14.919307383782382,25.479999999999993
"V3 (Gaussiano sigma=2.0, k=15)",p95,A411,16.58508879831578,20.84
"V3 (Gaussiano sigma=2.0, k=15)",p95,A412,14.817092329435415,24.3
"V3 (Gaussiano sigma=2.0, k=15)",p95,A413,15.481720067635113,22.644999999999996
"V3 (Gaussiano sigma=2.0, k=15)",p95,A414,16.261182687972248,20.09999999999999
"V3 (Gaussiano sigma=2.0, k=15)",p95,A415,14.261565001834835,21.7
"V3 (Gaussiano sigma=2.0, k=15)",p95,A416,14.955894097838828,23.74
"V3 (Gaussiano sigma=2.0, k=15)",p95,A417,14.248740889239407,21.979999999999993
"V3 (Gaussiano sigma=2.0, k=15)",p95,A418,14.748395472077442,19.935
"V3 (Gaussiano sigma=2.0, k=15)",p95,A419,15.140537609841827,21.08
"V3 (Gaussiano sigma=2.0, k=15)",p95,A420,15.136312459038214,23.595
"V3 (Gaussiano sigma=2.0, k=15)",p95,A421,16.134565966282633,16.459999999999997
"V3 (Gaussiano sigma=2.0, k=15)",p95,A422,20.65947512033755,24.52
"V3 (Gaussiano sigma=2.0, k=15)",p95,A423,13.899201257861602,24.19
"V3 (Gaussiano sigma=2.0, k=15)",p95,A424,17.768662855111657,21.109999999999996
"V3 (Gaussiano sigma=2.0, k=15)",p95,A425,15.783393562756897,19.359999999999996
"V3 (Gaussiano sigma=2.0, k=15)",p95,A426,17.757590233098988,23.16
"V3 (Gaussiano sigma=2.0, k=15)",p95,A427,16.158606183411045,23.56
"V3 (Gaussiano sigma=2.0, k=15)",p95,A428,15.694090277732624,20.654999999999998
"V3 (Gaussiano sigma=2.0, k=15)",p95,A429,14.466457045014003,24.729999999999997
"V3 (Gaussiano sigma=2.0, k=15)",p95,A430,16.345378192347027,21.18
"V3 (Gaussiano sigma=2.0, k=15)",p95,A431,15.046407089818743,18.435
"V3 (Gaussiano sigma=2.0, k=15)",p95,A432,15.20173982641409,24.525
"V3 (Gaussiano sigma=2.0, k=15)",p95,A433,14.537141697739585,22.419999999999995
"V3 (Gaussiano sigma=2.0, k=15)",p95,A434,16.847137517218925,18.639999999999997
"V3 (Gaussiano sigma=2.0, k=15)",p95,A435,17.00627137863922,24.080000000000002
"V3 (Gaussiano sigma=2.0, k=15)",p95,A436,15.744091097789592,23.465
"V3 (Gaussiano sigma=2.0, k=15)",p95,A437,15.54547342921794,16.064999999999998
"V3 (Gaussiano sigma=2.0, k=15)",p95,A438,16.069220212358488,18.979999999999993
"V3 (Gaussiano sigma=2.0, k=15)",p95,A439,14.417411942531402,24.415
"V3 (Gaussiano sigma=2.0, k=15)",p95,A440,15.373396691797133,23.15
"V3 (Gaussiano sigma=2.0, k=15)",p95,A441,16.377515074170958,21.705000000000002
"V3 (Gaussiano sigma=2.0, k=15)",p95,A442,15.072213439883019,25.0
"V3 (Gaussiano sigma=2.0, k=15)",p95,A443,17.268870683134814,22.06
"V3 (Gaussiano sigma=2.0, k=15)",p95,A444,15.16228815234914,19.075
"V3 (Gaussiano sigma=2.0, k=15)",p95,A445,14.495549906063296,21.199999999999996
"V3 (Gaussiano sigma=2.0, k=15)",p95,A446,13.680598733833774,25.15
"V3 (Gaussiano sigma=2.0, k=15)",p95,A447,15.128944194659814,21.36
"V3 (Gaussiano sigma=2.0, k=15)",p95,A448,16.128877998680544,20.200000000000003
"V3 (Gaussiano sigma=2.0, k=15)",p95,A449,14.790450004468642,18.925
"V3 (Gaussiano sigma=2.0, k=15)",p95,A450,15.111795027398104,21.275
"V3 (Gaussiano sigma=2.0, k=15)",p95,A451,14.792061165237286,20.44
"V3 (Gaussiano sigma=2.0, k=15)",p95,A452,15.24084335565076,20.064999999999998
"V3 (Gaussiano sigma=2.0, k=15)",p95,A453,14.748310175589225,16.09
"V3 (Gaussiano sigma=2.0, k=15)",p95,A454,14.580303090145952,20.94
"V3 (Gaussiano sigma=2.0, k=15)",p95,A455,16.944637579844617,23.485
"V3 (Gaussiano sigma=2.0, k=15)",p95,A456,16.707335925959452,17.005
"V3 (Gaussiano sigma=2.0, k=15)",p95,A458,15.439813038769675,36.425
"V3 (Gaussiano sigma=2.0, k=15)",p95,A501,16.954517027369025,21.36
"V3 (Gaussiano sigma=2.0, k=15)",p95,A502,19.485088826871188,24.615000000000002
"V3 (Gaussiano sigma=2.0, k=15)",p95,A503,17.12540656927534,25.0
"V3 (Gaussiano sigma=2.0, k=15)",p95,A504,16.64655,20.27
"V3 (Gaussiano sigma=2.0, k=15)",p95,A505,17.528690329175028,23.995
"V3 (Gaussiano sigma=2.0, k=15)",p95,A506,15.028186515491049,22.07
"V3 (Gaussiano sigma=2.0, k=15)",p95,A507,18.365583292360576,22.4
"V3 (Gaussiano sigma=2.0, k=15)",p95,A508,15.024244117098606,22.204999999999995
"V3 (Gaussiano sigma=2.0, k=15)",p95,A509,21.415914537070947,23.455
"V3 (Gaussiano sigma=2.0, k=15)",p95,A510,17.790238149102457,21.4
"V3 (Gaussiano sigma=2.0, k=15)",p95,A511,16.28577079740446,17.545
"V3 (Gaussiano sigma=2.0, k=15)",p95,A512,20.011669973337547,25.06500000000001
"V3 (Gaussiano sigma=2.0, k=15)",p95,A513,17.83058336370985,24.6
"V3 (Gaussiano sigma=2.0, k=15)",p95,A514,18.375134475303426,27.890000000000004
"V3 (Gaussiano sigma=2.0, k=15)",p95,A515,17.561256784522406,22.080000000000002
"V3 (Gaussiano sigma=2.0, k=15)",p95,A516,17.285525200254046,24.525
"V3 (Gaussiano sigma=2.0, k=15)",p95,A517,17.60492294224035,24.05
"V3 (Gaussiano sigma=2.0, k=15)",p95,A518,17.3763809622868,27.419999999999998
"V3 (Gaussiano sigma=2.0, k=15)",p95,A519,21.022755219429616,24.515
"V3 (Gaussiano sigma=2.0, k=15)",p95,A520,16.729426840075398,24.735
"V3 (Gaussiano sigma=2.0, k=15)",p95,A521,16.98693727263626,24.24
"V3 (Gaussiano sigma=2.0, k=15)",p95,A522,16.193899018898126,22.439999999999998
"V3 (Gaussiano sigma=2.0, k=15)",p95,A523,18.138831960481866,22.2
"V3 (Gaussiano sigma=2.0, k=15)",p95,A524,17.34174891064035,23.155
"V3 (Gaussiano sigma=2.0, k=15)",p95,A525,17.385308816012234,23.810000000000002
"V3 (Gaussiano sigma=2.0, k=15)",p95,A526,14.618411932297123,21.639999999999993
"V3 (Gaussiano sigma=2.0, k=15)",p95,A527,16.60740725438943,24.01
"V3 (Gaussiano sigma=2.0, k=15)",p95,A528,16.2644,21.5
"V3 (Gaussiano sigma=2.0, k=15)",p95,A529,18.765630785706406,24.53
"V3 (Gaussiano sigma=2.0, k=15)",p95,A530,19.447528571184755,21.585
"V3 (Gaussiano sigma=2.0, k=15)",p95,A531,19.920150795410052,22.115000000000002
"V3 (Gaussiano sigma=2.0, k=15)",p95,A532,15.536326131014512,28.069999999999997
"V3 (Gaussiano sigma=2.0, k=15)",p95,A533,16.804875000000003,24.35
"V3 (Gaussiano sigma=2.0, k=15)",p95,A534,15.071326691382394,24.375
"V3 (Gaussiano sigma=2.0, k=15)",p95,A535,17.574209795546448,20.205000000000002
"V3 (Gaussiano sigma=2.0, k=15)",p95,A536,16.12843322556725,24.82
"V3 (Gaussiano sigma=2.0, k=15)",p95,A537,17.436138454255442,23.330000000000002
"V3 (Gaussiano sigma=2.0, k=15)",p95,A538,16.323516507300646,22.660000000000004
"V3 (Gaussiano sigma=2.0, k=15)",p95,A539,14.560091337982282,22.86
"V3 (Gaussiano sigma=2.0, k=15)",p95,A540,16.46737466954046,22.029999999999998
"V3 (Gaussiano sigma=2.0, k=15)",p95,A541,18.494780954453645,24.0
"V3 (Gaussiano sigma=2.0, k=15)",p95,A542,14.691202377387727,23.61
"V3 (Gaussiano sigma=2.0, k=15)",p95,A543,17.435892054076827,23.0
"V3 (Gaussiano sigma=2.0, k=15)",p95,A544,15.182170592349948,24.199999999999996
"V3 (Gaussiano sigma=2.0, k=15)",p95,A545,15.73524883882683,21.62
"V3 (Gaussiano sigma=2.0, k=15)",p95,A546,16.39775764167085,23.759999999999998
"V3 (Gaussiano sigma=2.0, k=15)",p95,A547,15.468906369630751,24.969999999999995
"V3 (Gaussiano sigma=2.0, k=15)",p95,A548,15.667722677881319,24.04
"V3 (Gaussiano sigma=2.0, k=15)",p95,A549,14.204142607595521,22.929999999999996
"V3 (Gaussiano sigma=2.0, k=15)",p95,A550,15.527275052403155,22.989999999999995
"V3 (Gaussiano sigma=2.0, k=15)",p95,A551,15.08457287747682,22.709999999999997
"V3 (Gaussiano sigma=2.0, k=15)",p95,A552,14.555931886410967,22.25
"V3 (Gaussiano sigma=2.0, k=15)",p95,A553,16.36648627170908,23.999999999999996
"V3 (Gaussiano sigma=2.0, k=15)",p95,A554,15.470128731949565,23.43
"V3 (Gaussiano sigma=2.0, k=15)",p95,A555,17.12362304466256,24.615000000000002
"V3 (Gaussiano sigma=2.0, k=15)",p95,A556,17.478261415387596,24.075
"V3 (Gaussiano sigma=2.0, k=15)",p95,A557,18.27661911540035,23.63
"V3 (Gaussiano sigma=2.0, k=15)",p95,A559,14.54319886445159,19.1
"V3 (Gaussiano sigma=2.0, k=15)",p95,A560,16.76170053568735,21.314999999999998
"V3 (Gaussiano sigma=2.0, k=15)",p95,A561,17.365190074934315,24.0
"V3 (Gaussiano sigma=2.0, k=15)",p95,A562,16.53173749684904,24.98
"V3 (Gaussiano sigma=2.0, k=15)",p95,A563,15.147811035097853,21.42
"V3 (Gaussiano sigma=2.0, k=15)",p95,A564,17.248479225367852,24.16
"V3 (Gaussiano sigma=2.0, k=15)",p95,A565,15.571639078802356,30.26999999999999
"V3 (Gaussiano sigma=2.0, k=15)",p95,A566,15.052580517289162,21.5
"V3 (Gaussiano sigma=2.0, k=15)",p95,A567,17.09044066531969,41.199999999999996
"V3 (Gaussiano sigma=2.0, k=15)",p95,A568,18.117879320237552,24.46
"V3 (Gaussiano sigma=2.0, k=15)",p95,A569,15.426539099582564,23.71
"V3 (Gaussiano sigma=2.0, k=15)",p95,A570,18.704577639338893,34.46
"V3 (Gaussiano sigma=2.0, k=15)",p95,A571,16.182051465290442,25.644999999999996
"V3 (Gaussiano sigma=2.0, k=15)",p95,A572,16.725398690038375,19.9
"V3 (Gaussiano sigma=2.0, k=15)",p95,A601,17.5478837488084,27.025
"V3 (Gaussiano sigma=2.0, k=15)",p95,A602,20.120385796269108,28.049999999999997
"V3 (Gaussiano sigma=2.0, k=15)",p95,A603,18.12064282460589,25.525
"V3 (Gaussiano sigma=2.0, k=15)",p95,A604,15.523625000000001,19.830000000000002
"V3 (Gaussiano sigma=2.0, k=15)",p95,A605,19.66875980761522,20.94
"V3 (Gaussiano sigma=2.0, k=15)",p95,A606,20.37471294210001,30.290000000000003
"V3 (Gaussiano sigma=2.0, k=15)",p95,A607,18.569515829641905,32.025000000000006
"V3 (Gaussiano sigma=2.0, k=15)",p95,A608,19.31702025977352,32.9
"V3 (Gaussiano sigma=2.0, k=15)",p95,A609,17.49997235263563,35.87500000000001
"V3 (Gaussiano sigma=2.0, k=15)",p95,A610,17.22477946980814,39.58
"V3 (Gaussiano sigma=2.0, k=15)",p95,A611,18.880028855172228,26.475
"V3 (Gaussiano sigma=2.0, k=15)",p95,A612,18.527014301811576,22.745
"V3 (Gaussiano sigma=2.0, k=15)",p95,A613,18.168231760532134,21.449999999999996
"V3 (Gaussiano sigma=2.0, k=15)",p95,A614,17.499125,26.53999999999997
"V3 (Gaussiano sigma=2.0, k=15)",p95,A615,18.260175038744023,24.620000000000005
"V3 (Gaussiano sigma=2.0, k=15)",p95,A616,18.62802670544668,21.51
"V3 (Gaussiano sigma=2.0, k=15)",p95,A617,16.71171382244544,24.335
"V3 (Gaussiano sigma=2.0, k=15)",p95,A618,17.871326066647644,20.7
"V3 (Gaussiano sigma=2.0, k=15)",p95,A619,19.758524484442184,23.135
"V3 (Gaussiano sigma=2.0, k=15)",p95,A620,20.405935544653282,21.514999999999997
"V3 (Gaussiano sigma=2.0, k=15)",p95,A621,18.329376643442565,29.989999999999995
"V3 (Gaussiano sigma=2.0, k=15)",p95,A622,15.867393119890881,25.33
"V3 (Gaussiano sigma=2.0, k=15)",p95,A623,16.911194744543504,24.6
"V3 (Gaussiano sigma=2.0, k=15)",p95,A624,20.45371997626156,23.65
"V3 (Gaussiano sigma=2.0, k=15)",p95,A625,16.593319865263283,20.435
"V3 (Gaussiano sigma=2.0, k=15)",p95,A626,17.511058725113685,23.04
"V3 (Gaussiano sigma=2.0, k=15)",p95,A627,17.130402737001752,18.919999999999998
"V3 (Gaussiano sigma=2.0, k=15)",p95,A628,18.133430056987073,25.479999999999997
"V3 (Gaussiano sigma=2.0, k=15)",p95,A629,17.782827951152917,21.224999999999998
"V3 (Gaussiano sigma=2.0, k=15)",p95,A630,19.322665703594478,17.72
"V3 (Gaussiano sigma=2.0, k=15)",p95,A631,16.367152065726877,41.559999999999995
"V3 (Gaussiano sigma=2.0, k=15)",p95,A632,17.171101689557464,35.37999999999999
"V3 (Gaussiano sigma=2.0, k=15)",p95,A633,18.107297511765,16.56
"V3 (Gaussiano sigma=2.0, k=15)",p95,A634,18.035106338396425,19.3
"V3 (Gaussiano sigma=2.0, k=15)",p95,A635,24.594597843760187,29.8
"V3 (Gaussiano sigma=2.0, k=15)",p95,A636,20.360757168108183,26.119999999999997
"V3 (Gaussiano sigma=2.0, k=15)",p95,A637,17.239503102552945,18.925
"V3 (Gaussiano sigma=2.0, k=15)",p95,A651,19.67003080605934,19.6
"V3 (Gaussiano sigma=2.0, k=15)",p95,A652,19.516736627422613,32.3
"V3 (Gaussiano sigma=2.0, k=15)",p95,A653,19.67360281684202,20.9
"V3 (Gaussiano sigma=2.0, k=15)",p95,A654,19.632152811521685,25.639999999999997
"V3 (Gaussiano sigma=2.0, k=15)",p95,A655,19.674340089854837,16.4
"V3 (Gaussiano sigma=2.0, k=15)",p95,A656,19.672738518621852,14.9
"V3 (Gaussiano sigma=2.0, k=15)",p95,A657,18.99229979109945,28.939999999999984
"V3 (Gaussiano sigma=2.0, k=15)",p95,A659,17.87291267376532,23.6
"V3 (Gaussiano sigma=2.0, k=15)",p95,A667,17.522721482353262,25.0
"V3 (Gaussiano sigma=2.0, k=15)",p95,A701,22.994088170978305,26.680000000000003
"V3 (Gaussiano sigma=2.0, k=15)",p95,A702,21.80375567670439,25.619999999999994
"V3 (Gaussiano sigma=2.0, k=15)",p95,A703,23.165368755152297,22.29
"V3 (Gaussiano sigma=2.0, k=15)",p95,A704,21.588027188193145,24.889999999999997
"V3 (Gaussiano sigma=2.0, k=15)",p95,A705,20.401254297985293,23.519999999999996
"V3 (Gaussiano sigma=2.0, k=15)",p95,A706,20.10634650990829,18.805
"V3 (Gaussiano sigma=2.0, k=15)",p95,A707,20.620886456995304,23.83
"V3 (Gaussiano sigma=2.0, k=15)",p95,A708,17.94417288120037,21.354999999999997
"V3 (Gaussiano sigma=2.0, k=15)",p95,A709,20.481369086151478,24.9
"V3 (Gaussiano sigma=2.0, k=15)",p95,A710,20.449534858272344,24.279999999999983
"V3 (Gaussiano sigma=2.0, k=15)",p95,A711,19.559865340460703,24.3
"V3 (Gaussiano sigma=2.0, k=15)",p95,A712,19.4589851059631,24.035
"V3 (Gaussiano sigma=2.0, k=15)",p95,A713,21.056883598534604,25.02
"V3 (Gaussiano sigma=2.0, k=15)",p95,A714,19.80575450424986,24.415
"V3 (Gaussiano sigma=2.0, k=15)",p95,A715,22.268832795515895,24.415
"V3 (Gaussiano sigma=2.0, k=15)",p95,A716,20.408992951645935,31.34499999999999
"V3 (Gaussiano sigma=2.0, k=15)",p95,A717,19.519538129166406,24.4
"V3 (Gaussiano sigma=2.0, k=15)",p95,A718,21.606839352193614,24.04
"V3 (Gaussiano sigma=2.0, k=15)",p95,A719,21.717618192439684,22.4
"V3 (Gaussiano sigma=2.0, k=15)",p95,A720,17.97385891904048,23.635
"V3 (Gaussiano sigma=2.0, k=15)",p95,A721,22.306503332314588,25.035000000000004
"V3 (Gaussiano sigma=2.0, k=15)",p95,A722,22.570207261246125,24.01
"V3 (Gaussiano sigma=2.0, k=15)",p95,A723,22.93516957634374,23.34
"V3 (Gaussiano sigma=2.0, k=15)",p95,A724,21.238828196692538,26.61999999999997
"V3 (Gaussiano sigma=2.0, k=15)",p95,A725,20.50241430319725,23.765
"V3 (Gaussiano sigma=2.0, k=15)",p95,A726,18.761845127122225,25.68
"V3 (Gaussiano sigma=2.0, k=15)",p95,A727,19.34069896158194,24.045
"V3 (Gaussiano sigma=2.0, k=15)",p95,A728,19.183846295229337,24.605
"V3 (Gaussiano sigma=2.0, k=15)",p95,A729,19.495083041404186,23.419999999999998
"V3 (Gaussiano sigma=2.0, k=15)",p95,A730,19.304963568959852,23.555
"V3 (Gaussiano sigma=2.0, k=15)",p95,A731,24.225548020283814,22.55
"V3 (Gaussiano sigma=2.0, k=15)",p95,A732,19.864772258264356,25.0
"V3 (Gaussiano sigma=2.0, k=15)",p95,A733,20.576410026983215,24.279999999999998
"V3 (Gaussiano sigma=2.0, k=15)",p95,A734,20.917819341951734,26.799999999999997
"V3 (Gaussiano sigma=2.0, k=15)",p95,A735,19.06409058905578,24.419999999999998
"V3 (Gaussiano sigma=2.0, k=15)",p95,A736,20.070606003409356,24.449999999999996
"V3 (Gaussiano sigma=2.0, k=15)",p95,A737,19.980861567827734,24.169999999999998
"V3 (Gaussiano sigma=2.0, k=15)",p95,A738,17.926953319615606,23.169999999999995
"V3 (Gaussiano sigma=2.0, k=15)",p95,A739,18.247513893349797,22.139999999999997
"V3 (Gaussiano sigma=2.0, k=15)",p95,A740,20.073551299929676,25.419999999999995
"V3 (Gaussiano sigma=2.0, k=15)",p95,A741,20.0479060306134,23.98
"V3 (Gaussiano sigma=2.0, k=15)",p95,A742,19.167744416204513,24.715
"V3 (Gaussiano sigma=2.0, k=15)",p95,A743,22.644097499482264,30.08
"V3 (Gaussiano sigma=2.0, k=15)",p95,A744,21.857111399784785,40.62
"V3 (Gaussiano sigma=2.0, k=15)",p95,A745,18.90286552968464,23.825
"V3 (Gaussiano sigma=2.0, k=15)",p95,A746,22.138473993208507,19.65
"V3 (Gaussiano sigma=2.0, k=15)",p95,A747,19.713059192179266,25.519999999999996
"V3 (Gaussiano sigma=2.0, k=15)",p95,A748,18.374198470701383,21.575000000000003
"V3 (Gaussiano sigma=2.0, k=15)",p95,A749,23.036757482488852,22.599999999999998
"V3 (Gaussiano sigma=2.0, k=15)",p95,A750,24.001044378568373,24.33
"V3 (Gaussiano sigma=2.0, k=15)",p95,A751,21.90411508698041,24.915
"V3 (Gaussiano sigma=2.0, k=15)",p95,A752,22.16435465254689,24.82
"V3 (Gaussiano sigma=2.0, k=15)",p95,A753,17.455765246607736,24.49
"V3 (Gaussiano sigma=2.0, k=15)",p95,A754,22.002972280741137,29.27499999999998
"V3 (Gaussiano sigma=2.0, k=15)",p95,A755,22.17724597741305,28.485
"V3 (Gaussiano sigma=2.0, k=15)",p95,A756,22.050023032738256,24.5
"V3 (Gaussiano sigma=2.0, k=15)",p95,A757,20.68794256474041,24.0
"V3 (Gaussiano sigma=2.0, k=15)",p95,A758,21.915179630241763,23.83
"V3 (Gaussiano sigma=2.0, k=15)",p95,A759,20.526266789749112,25.099999999999998
"V3 (Gaussiano sigma=2.0, k=15)",p95,A760,19.387459855904158,24.740000000000002
"V3 (Gaussiano sigma=2.0, k=15)",p95,A761,18.63336711832356,24.52
"V3 (Gaussiano sigma=2.0, k=15)",p95,A762,21.335614901676912,36.52999999999999
"V3 (Gaussiano sigma=2.0, k=15)",p95,A763,20.169601100797834,29.879999999999995
"V3 (Gaussiano sigma=2.0, k=15)",p95,A764,18.999526566367408,22.844999999999995
"V3 (Gaussiano sigma=2.0, k=15)",p95,A765,24.594057699638903,27.16
"V3 (Gaussiano sigma=2.0, k=15)",p95,A766,17.940524999999997,31.999999999999993
"V3 (Gaussiano sigma=2.0, k=15)",p95,A767,18.757336251412617,28.02
"V3 (Gaussiano sigma=2.0, k=15)",p95,A768,20.426267695444672,26.26
"V3 (Gaussiano sigma=2.0, k=15)",p95,A769,17.325497433272837,27.374999999999996
"V3 (Gaussiano sigma=2.0, k=15)",p95,A770,18.642773514357877,22.2
"V3 (Gaussiano sigma=2.0, k=15)",p95,A771,23.42106927936844,27.029999999999994
"V3 (Gaussiano sigma=2.0, k=15)",p95,A801,24.000338356212605,28.775
"V3 (Gaussiano sigma=2.0, k=15)",p95,A802,26.345585542464605,30.48
"V3 (Gaussiano sigma=2.0, k=15)",p95,A803,24.64600738131263,25.88
"V3 (Gaussiano sigma=2.0, k=15)",p95,A804,23.335730198099995,31.09
"V3 (Gaussiano sigma=2.0, k=15)",p95,A805,23.64835165041507,35.059999999999995
"V3 (Gaussiano sigma=2.0, k=15)",p95,A806,22.52842724103866,27.939999999999994
"V3 (Gaussiano sigma=2.0, k=15)",p95,A807,21.908443610666932,25.169999999999998
"V3 (Gaussiano sigma=2.0, k=15)",p95,A808,23.567368036609842,26.42999999999999
"V3 (Gaussiano sigma=2.0, k=15)",p95,A809,23.2316042303636,27.07
"V3 (Gaussiano sigma=2.0, k=15)",p95,A810,22.970481010977537,33.75
"V3 (Gaussiano sigma=2.0, k=15)",p95,A811,24.547213481450054,32.599999999999994
"V3 (Gaussiano sigma=2.0, k=15)",p95,A814,22.915148670606115,25.024999999999988
"V3 (Gaussiano sigma=2.0, k=15)",p95,A815,29.03093063080992,28.229999999999997
"V3 (Gaussiano sigma=2.0, k=15)",p95,A816,24.44674871034344,36.425
"V3 (Gaussiano sigma=2.0, k=15)",p95,A817,21.263421101443704,33.675000000000004
"V3 (Gaussiano sigma=2.0, k=15)",p95,A818,20.332735686443364,24.14
"V3 (Gaussiano sigma=2.0, k=15)",p95,A819,22.756073727635453,24.88
"V3 (Gaussiano sigma=2.0, k=15)",p95,A820,21.286812264027184,33.27
"V3 (Gaussiano sigma=2.0, k=15)",p95,A821,20.121558689661434,25.580000000000002
"V3 (Gaussiano sigma=2.0, k=15)",p95,A822,19.74403792386367,28.36
"V3 (Gaussiano sigma=2.0, k=15)",p95,A823,21.14560853771543,29.735000000000003
"V3 (Gaussiano sigma=2.0, k=15)",p95,A824,21.35403053877129,31.1
"V3 (Gaussiano sigma=2.0, k=15)",p95,A825,22.097262485282528,30.849999999999994
"V3 (Gaussiano sigma=2.0, k=15)",p95,A826,25.01895540161497,25.915
"V3 (Gaussiano sigma=2.0, k=15)",p95,A827,22.687945834901424,30.90999999999998
"V3 (Gaussiano sigma=2.0, k=15)",p95,A828,22.491613543722973,28.265000000000004
"V3 (Gaussiano sigma=2.0, k=15)",p95,A829,32.28460876490387,30.91000000000001
"V3 (Gaussiano sigma=2.0, k=15)",p95,A830,23.458603433716227,31.189999999999998
"V3 (Gaussiano sigma=2.0, k=15)",p95,A831,22.31287278526249,32.16
"V3 (Gaussiano sigma=2.0, k=15)",p95,A832,23.011936196312018,29.599999999999998
"V3 (Gaussiano sigma=2.0, k=15)",p95,A833,23.98984414321438,37.0
"V3 (Gaussiano sigma=2.0, k=15)",p95,A834,28.846553753796716,33.76
"V3 (Gaussiano sigma=2.0, k=15)",p95,A835,20.307655471224738,25.755000000000003
"V3 (Gaussiano sigma=2.0, k=15)",p95,A836,25.18461120736735,32.269999999999996
"V3 (Gaussiano sigma=2.0, k=15)",p95,A837,23.864492557865127,38.464999999999996
"V3 (Gaussiano sigma=2.0, k=15)",p95,A839,23.145245404422944,31.67
"V3 (Gaussiano sigma=2.0, k=15)",p95,A840,22.739658866275885,27.985
"V3 (Gaussiano sigma=2.0, k=15)",p95,A841,22.48798910904876,29.86
"V3 (Gaussiano sigma=2.0, k=15)",p95,A842,19.873497860985882,27.24
"V3 (Gaussiano sigma=2.0, k=15)",p95,A843,21.02140639756064,37.599999999999994
"V3 (Gaussiano sigma=2.0, k=15)",p95,A844,24.193622936501267,36.82999999999999
"V3 (Gaussiano sigma=2.0, k=15)",p95,A845,27.286529666086643,41.06
"V3 (Gaussiano sigma=2.0, k=15)",p95,A846,21.88021813643294,30.174999999999997
"V3 (Gaussiano sigma=2.0, k=15)",p95,A847,21.221003289008188,30.364999999999995
"V3 (Gaussiano sigma=2.0, k=15)",p95,A848,25.04171085753109,32.12
"V3 (Gaussiano sigma=2.0, k=15)",p95,A849,19.54765601958461,31.189999999999998
"V3 (Gaussiano sigma=2.0, k=15)",p95,A850,19.615685960807532,31.659999999999993
"V3 (Gaussiano sigma=2.0, k=15)",p95,A851,22.025123486352744,27.71
"V3 (Gaussiano sigma=2.0, k=15)",p95,A852,22.558844660331758,27.49
"V3 (Gaussiano sigma=2.0, k=15)",p95,A853,22.88223027431173,39.28999999999999
"V3 (Gaussiano sigma=2.0, k=15)",p95,A854,23.465382545700997,26.17999999999999
"V3 (Gaussiano sigma=2.0, k=15)",p95,A855,22.77219508520342,33.22
"V3 (Gaussiano sigma=2.0, k=15)",p95,A856,22.824668912672472,31.744999999999987
"V3 (Gaussiano sigma=2.0, k=15)",p95,A857,24.197810691932066,31.359999999999996
"V3 (Gaussiano sigma=2.0, k=15)",p95,A858,25.834973982820443,31.694999999999997
"V3 (Gaussiano sigma=2.0, k=15)",p95,A859,22.640810244751627,27.979999999999997
"V3 (Gaussiano sigma=2.0, k=15)",p95,A860,23.103464947307707,37.85999999999999
"V3 (Gaussiano sigma=2.0, k=15)",p95,A861,24.032581631710023,29.78
"V3 (Gaussiano sigma=2.0, k=15)",p95,A862,23.782489368586894,27.509999999999994
"V3 (Gaussiano sigma=2.0, k=15)",p95,A863,22.57932098412555,29.825
"V3 (Gaussiano sigma=2.0, k=15)",p95,A864,22.617999582001822,31.439999999999998
"V3 (Gaussiano sigma=2.0, k=15)",p95,A865,23.31912033810527,24.305
"V3 (Gaussiano sigma=2.0, k=15)",p95,A866,24.742928800844282,38.339999999999996
"V3 (Gaussiano sigma=2.0, k=15)",p95,A867,22.65713156476184,28.735
"V3 (Gaussiano sigma=2.0, k=15)",p95,A868,21.724138169421956,27.675
"V3 (Gaussiano sigma=2.0, k=15)",p95,A869,20.120591283470212,25.08
"V3 (Gaussiano sigma=2.0, k=15)",p95,A870,24.703433446011136,23.24
"V3 (Gaussiano sigma=2.0, k=15)",p95,A871,20.136563160241337,27.949999999999992
"V3 (Gaussiano sigma=2.0, k=15)",p95,A872,19.638614861132005,26.93
"V3 (Gaussiano sigma=2.0, k=15)",p95,A873,20.06735,28.65499999999999
"V3 (Gaussiano sigma=2.0, k=15)",p95,A874,22.646540342056134,24.15999999999999
"V3 (Gaussiano sigma=2.0, k=15)",p95,A875,24.582606725771754,22.935
"V3 (Gaussiano sigma=2.0, k=15)",p95,A876,23.9640619314696,30.599999999999994
"V3 (Gaussiano sigma=2.0, k=15)",p95,A878,31.377447516059902,38.7
"V3 (Gaussiano sigma=2.0, k=15)",p95,A879,25.967720467059884,41.149999999999984
"V3 (Gaussiano sigma=2.0, k=15)",p95,A880,23.822987466050403,44.46
"V3 (Gaussiano sigma=2.0, k=15)",p95,A881,22.1159275031253,30.925
"V3 (Gaussiano sigma=2.0, k=15)",p95,A882,22.59585215025504,28.569999999999997
"V3 (Gaussiano sigma=2.0, k=15)",p95,A883,23.299007295753814,23.679999999999996
"V3 (Gaussiano sigma=2.0, k=15)",p95,A884,22.713845866122263,24.7
"V3 (Gaussiano sigma=2.0, k=15)",p95,A886,23.796427978128957,32.934999999999995
"V3 (Gaussiano sigma=2.0, k=15)",p95,A889,23.48658370949594,25.055
"V3 (Gaussiano sigma=2.0, k=15)",p95,A893,23.89931757314976,31.92
"V3 (Gaussiano sigma=2.0, k=15)",p95,A894,22.746969159698274,24.5
"V3 (Gaussiano sigma=2.0, k=15)",p95,A895,22.976628681623954,29.38
"V3 (Gaussiano sigma=2.0, k=15)",p95,A897,29.06272106217605,29.224999999999998
"V3 (Gaussiano sigma=2.0, k=15)",p95,A898,22.731176154372235,32.94
"V3 (Gaussiano sigma=2.0, k=15)",p95,A901,16.91940721875325,23.525
"V3 (Gaussiano sigma=2.0, k=15)",p95,A902,16.761635122323586,24.889999999999997
"V3 (Gaussiano sigma=2.0, k=15)",p95,A903,16.815533769380856,21.7
"V3 (Gaussiano sigma=2.0, k=15)",p95,A904,14.854833566530422,22.445
"V3 (Gaussiano sigma=2.0, k=15)",p95,A905,18.036013984841222,23.96
"V3 (Gaussiano sigma=2.0, k=15)",p95,A906,15.331909653421606,24.6
"V3 (Gaussiano sigma=2.0, k=15)",p95,A907,16.42597849157081,24.639999999999997
"V3 (Gaussiano sigma=2.0, k=15)",p95,A908,14.867193952711293,24.705
"V3 (Gaussiano sigma=2.0, k=15)",p95,A909,17.42373939974087,22.529999999999998
"V3 (Gaussiano sigma=2.0, k=15)",p95,A910,14.017419756898132,22.02
"V3 (Gaussiano sigma=2.0, k=15)",p95,A911,16.29144310239793,36.72
"V3 (Gaussiano sigma=2.0, k=15)",p95,A912,16.945202256325615,24.305
"V3 (Gaussiano sigma=2.0, k=15)",p95,A913,16.87613671643422,22.75
"V3 (Gaussiano sigma=2.0, k=15)",p95,A914,13.628559225439677,21.939999999999998
"V3 (Gaussiano sigma=2.0, k=15)",p95,A915,15.446457281888323,24.1
"V3 (Gaussiano sigma=2.0, k=15)",p95,A916,15.662162602869975,24.215
"V3 (Gaussiano sigma=2.0, k=15)",p95,A917,15.354547244630883,22.489999999999995
"V3 (Gaussiano sigma=2.0, k=15)",p95,A918,14.090925117888018,23.44
"V3 (Gaussiano sigma=2.0, k=15)",p95,A919,13.820780263776495,24.275
"V3 (Gaussiano sigma=2.0, k=15)",p95,A920,13.906202606322232,23.84
"V3 (Gaussiano sigma=2.0, k=15)",p95,A921,14.805901686798675,23.46
"V3 (Gaussiano sigma=2.0, k=15)",p95,A922,17.37120165150209,22.455
"V3 (Gaussiano sigma=2.0, k=15)",p95,A923,16.994471485747347,41.07499999999999
"V3 (Gaussiano sigma=2.0, k=15)",p95,A924,16.138303377833452,22.45
"V3 (Gaussiano sigma=2.0, k=15)",p95,A925,15.540523765008874,24.915
"V3 (Gaussiano sigma=2.0, k=15)",p95,A926,14.607490589038495,22.779999999999998
"V3 (Gaussiano sigma=2.0, k=15)",p95,A927,14.906972051159816,22.62
"V3 (Gaussiano sigma=2.0, k=15)",p95,A928,15.065886176695399,22.81
"V3 (Gaussiano sigma=2.0, k=15)",p95,A929,15.309954789394885,24.72
"V3 (Gaussiano sigma=2.0, k=15)",p95,A930,15.003473752637984,22.2
"V3 (Gaussiano sigma=2.0, k=15)",p95,A931,15.892322777077329,24.259999999999998
"V3 (Gaussiano sigma=2.0, k=15)",p95,A932,16.434625,22.915
"V3 (Gaussiano sigma=2.0, k=15)",p95,A933,17.568113010155784,23.9
"V3 (Gaussiano sigma=2.0, k=15)",p95,A934,17.931071477153434,24.830000000000002
"V3 (Gaussiano sigma=2.0, k=15)",p95,A935,16.43204937203755,22.025
"V3 (Gaussiano sigma=2.0, k=15)",p95,A936,17.60532810295969,22.29
"V3 (Gaussiano sigma=2.0, k=15)",p95,A937,18.081215338991107,22.319999999999997
"V3 (Gaussiano sigma=2.0, k=15)",p95,A938,15.200620651981922,22.2
"V3 (Gaussiano sigma=2.0, k=15)",p95,A939,15.250114373483502,23.974999999999998
"V3 (Gaussiano sigma=2.0, k=15)",p95,A940,15.548686968657814,24.93
"V3 (Gaussiano sigma=2.0, k=15)",p95,A941,18.081393350513522,21.895
"V3 (Gaussiano sigma=2.0, k=15)",p95,A942,14.047875154376067,32.82
"V3 (Gaussiano sigma=2.0, k=15)",p95,A943,14.803034673235839,26.35
"V3 (Gaussiano sigma=2.0, k=15)",p95,A944,16.160017496094934,19.43
"V3 (Gaussiano sigma=2.0, k=15)",p95,B803,22.752765711036677,32.98
"V3 (Gaussiano sigma=2.0, k=15)",p95,B804,23.783212229860464,34.379999999999995
"V3 (Gaussiano sigma=2.0, k=15)",p95,B806,23.04039151561165,23.069999999999997
"V3 (Gaussiano sigma=2.0, k=15)",p95,B807,24.642170697885447,29.22
"V3 (Gaussiano sigma=2.0, k=15)",p95,B808,23.38987652956419,12.8
"V3 (Gaussiano sigma=2.0, k=15)",p95,B809,21.16911527341186,16.0
"V3 (Gaussiano sigma=2.0, k=15)",p95,B810,22.260891424632597,15.0
"V3 (Gaussiano sigma=2.0, k=15)",p95,B811,23.723277889471415,15.7
"V3 (Gaussiano sigma=2.0, k=15)",p95,B812,22.262293939286202,13.1
"V3 (Gaussiano sigma=2.0, k=15)",p95,B813,22.288916053025062,10.4
"V3 (Gaussiano sigma=2.0, k=15)",p95,B814,20.416978320740604,10.6
"V3 (Gaussiano sigma=2.0, k=15)",p95,B816,23.030103570206606,9.3
"V3 (Gaussiano sigma=2.0, k=15)",p95,B817,24.694666438792527,11.7
"V3 (Gaussiano sigma=2.0, k=15)",p95,B818,24.547280747371946,12.2
"V3 (Gaussiano sigma=2.0, k=15)",p95,B819,24.973496579691975,16.4
"V3 (Gaussiano sigma=2.0, k=15)",p95,B820,24.740730662330364,14.9
"V3 (Gaussiano sigma=2.0, k=15)",p95,B821,22.938019868573157,8.6
"V3 (Gaussiano sigma=2.0, k=15)",p95,B822,22.78243218724856,12.6
"V3 (Gaussiano sigma=2.0, k=15)",p95,B823,24.69068068734,11.1
"V3 (Gaussiano sigma=2.0, k=15)",p95,B825,24.64218080792311,13.5
"V3 (Gaussiano sigma=2.0, k=15)",p95,B827,22.97811808707655,11.5
"V3 (Gaussiano sigma=2.0, k=15)",p95,B828,23.464550925167885,14.9
"V3 (Gaussiano sigma=2.0, k=15)",p95,B829,27.024505053871586,18.7
"V3 (Gaussiano sigma=2.0, k=15)",p95,F501,16.556867003023505,28.89
"V3 (Gaussiano sigma=2.0, k=15)",p99,A001,15.809702299875577,25.875
"V3 (Gaussiano sigma=2.0, k=15)",p99,A002,15.70905327006098,22.983999999999998
"V3 (Gaussiano sigma=2.0, k=15)",p99,A003,16.906985228422794,24.77
"V3 (Gaussiano sigma=2.0, k=15)",p99,A004,16.063898890029968,23.781
"V3 (Gaussiano sigma=2.0, k=15)",p99,A005,16.209845933797077,23.24
"V3 (Gaussiano sigma=2.0, k=15)",p99,A006,16.84524568561239,17.345
"V3 (Gaussiano sigma=2.0, k=15)",p99,A007,15.295319687165128,23.447
"V3 (Gaussiano sigma=2.0, k=15)",p99,A008,15.571942902471944,24.08
"V3 (Gaussiano sigma=2.0, k=15)",p99,A009,15.171504460717468,23.337
"V3 (Gaussiano sigma=2.0, k=15)",p99,A010,15.290009708757033,24.200000000000003
"V3 (Gaussiano sigma=2.0, k=15)",p99,A011,17.543305269063268,24.863999999999997
"V3 (Gaussiano sigma=2.0, k=15)",p99,A012,15.501614371636391,24.367
"V3 (Gaussiano sigma=2.0, k=15)",p99,A013,17.178975,24.022
"V3 (Gaussiano sigma=2.0, k=15)",p99,A014,15.289042324339892,23.982
"V3 (Gaussiano sigma=2.0, k=15)",p99,A015,14.19087206923197,24.456
"V3 (Gaussiano sigma=2.0, k=15)",p99,A016,19.89812670923639,24.446
"V3 (Gaussiano sigma=2.0, k=15)",p99,A017,15.980755082824716,23.446
"V3 (Gaussiano sigma=2.0, k=15)",p99,A018,15.064583039518226,24.782
"V3 (Gaussiano sigma=2.0, k=15)",p99,A019,15.033418560868277,24.332
"V3 (Gaussiano sigma=2.0, k=15)",p99,A020,15.140104230777116,23.646
"V3 (Gaussiano sigma=2.0, k=15)",p99,A021,14.245327316276224,18.538
"V3 (Gaussiano sigma=2.0, k=15)",p99,A022,14.49764569451818,24.51
"V3 (Gaussiano sigma=2.0, k=15)",p99,A023,17.084785338322312,24.01
"V3 (Gaussiano sigma=2.0, k=15)",p99,A024,17.397949883851137,23.784
"V3 (Gaussiano sigma=2.0, k=15)",p99,A025,18.81027708689963,25.392
"V3 (Gaussiano sigma=2.0, k=15)",p99,A026,18.749353129464573,24.881999999999998
"V3 (Gaussiano sigma=2.0, k=15)",p99,A027,17.61538515801489,24.131999999999998
"V3 (Gaussiano sigma=2.0, k=15)",p99,A028,16.06776976528138,24.716
"V3 (Gaussiano sigma=2.0, k=15)",p99,A029,16.338572559715892,40.544
"V3 (Gaussiano sigma=2.0, k=15)",p99,A031,15.517028222494465,29.036
"V3 (Gaussiano sigma=2.0, k=15)",p99,A032,16.068410047873485,24.928
"V3 (Gaussiano sigma=2.0, k=15)",p99,A033,16.41961917536358,23.5
"V3 (Gaussiano sigma=2.0, k=15)",p99,A034,16.081231729325882,22.032
"V3 (Gaussiano sigma=2.0, k=15)",p99,A035,17.535809778962037,24.791999999999998
"V3 (Gaussiano sigma=2.0, k=15)",p99,A036,15.60269105360574,24.932
"V3 (Gaussiano sigma=2.0, k=15)",p99,A037,15.852979954981757,23.62
"V3 (Gaussiano sigma=2.0, k=15)",p99,A038,16.781108436548585,24.483
"V3 (Gaussiano sigma=2.0, k=15)",p99,A039,15.987142716817788,24.661999999999995
"V3 (Gaussiano sigma=2.0, k=15)",p99,A040,16.707188964236856,24.2
"V3 (Gaussiano sigma=2.0, k=15)",p99,A041,14.83080285719785,24.774
"V3 (Gaussiano sigma=2.0, k=15)",p99,A042,14.989394392261492,29.976
"V3 (Gaussiano sigma=2.0, k=15)",p99,A043,14.71921480561884,19.428
"V3 (Gaussiano sigma=2.0, k=15)",p99,A044,13.907185217537265,24.355
"V3 (Gaussiano sigma=2.0, k=15)",p99,A045,16.200534363902612,21.749
"V3 (Gaussiano sigma=2.0, k=15)",p99,A046,15.28370897798169,26.424000000000003
"V3 (Gaussiano sigma=2.0, k=15)",p99,A047,15.005164681601684,23.26
"V3 (Gaussiano sigma=2.0, k=15)",p99,A048,13.78692698718338,36.49
"V3 (Gaussiano sigma=2.0, k=15)",p99,A049,14.15574758499078,38.167
"V3 (Gaussiano sigma=2.0, k=15)",p99,A050,16.490732445273757,29.413999999999998
"V3 (Gaussiano sigma=2.0, k=15)",p99,A051,14.929055504623873,21.476
"V3 (Gaussiano sigma=2.0, k=15)",p99,A052,15.212286237475702,23.16
"V3 (Gaussiano sigma=2.0, k=15)",p99,A053,17.17571914797416,24.82
"V3 (Gaussiano sigma=2.0, k=15)",p99,A054,15.068602316181906,23.84
"V3 (Gaussiano sigma=2.0, k=15)",p99,A055,14.898207178088827,28.317000000000004
"V3 (Gaussiano sigma=2.0, k=15)",p99,A056,15.627547859713786,42.504000000000005
"V3 (Gaussiano sigma=2.0, k=15)",p99,A101,13.842546934374337,40.575
"V3 (Gaussiano sigma=2.0, k=15)",p99,A102,16.25060250084544,22.63
"V3 (Gaussiano sigma=2.0, k=15)",p99,A104,16.468250702439214,23.951999999999998
"V3 (Gaussiano sigma=2.0, k=15)",p99,A108,16.49783249289557,19.588
"V3 (Gaussiano sigma=2.0, k=15)",p99,A109,14.613919821549532,22.267
"V3 (Gaussiano sigma=2.0, k=15)",p99,A110,15.5843529140384,23.256
"V3 (Gaussiano sigma=2.0, k=15)",p99,A111,15.613330657225854,20.066
"V3 (Gaussiano sigma=2.0, k=15)",p99,A112,13.785492639973196,24.451999999999998
"V3 (Gaussiano sigma=2.0, k=15)",p99,A113,13.129425194040468,23.685
"V3 (Gaussiano sigma=2.0, k=15)",p99,A117,12.230061969657434,21.666
"V3 (Gaussiano sigma=2.0, k=15)",p99,A119,12.689528732536608,23.211
"V3 (Gaussiano sigma=2.0, k=15)",p99,A121,13.942885490498114,21.559999999999995
"V3 (Gaussiano sigma=2.0, k=15)",p99,A122,12.483775665724853,19.455
"V3 (Gaussiano sigma=2.0, k=15)",p99,A123,13.398676064781483,20.325
"V3 (Gaussiano sigma=2.0, k=15)",p99,A124,12.994626490975541,17.32
"V3 (Gaussiano sigma=2.0, k=15)",p99,A125,13.18678855205128,24.072999999999997
"V3 (Gaussiano sigma=2.0, k=15)",p99,A126,13.92934062341752,24.099999999999998
"V3 (Gaussiano sigma=2.0, k=15)",p99,A127,14.525884746058617,14.8
"V3 (Gaussiano sigma=2.0, k=15)",p99,A128,14.446158985010777,20.696
"V3 (Gaussiano sigma=2.0, k=15)",p99,A133,13.041348139164395,24.608
"V3 (Gaussiano sigma=2.0, k=15)",p99,A134,17.528170690113456,19.372
"V3 (Gaussiano sigma=2.0, k=15)",p99,A135,17.420481112883518,24.23
"V3 (Gaussiano sigma=2.0, k=15)",p99,A136,15.233398905452706,19.978
"V3 (Gaussiano sigma=2.0, k=15)",p99,A137,17.20870988115417,24.984
"V3 (Gaussiano sigma=2.0, k=15)",p99,A138,15.66593516486673,24.07
"V3 (Gaussiano sigma=2.0, k=15)",p99,A140,17.432749487098814,21.692
"V3 (Gaussiano sigma=2.0, k=15)",p99,A144,14.713387458558788,23.265
"V3 (Gaussiano sigma=2.0, k=15)",p99,A201,14.585936939485304,20.068
"V3 (Gaussiano sigma=2.0, k=15)",p99,A202,15.42397442113456,21.156
"V3 (Gaussiano sigma=2.0, k=15)",p99,A203,14.301758451058468,18.246
"V3 (Gaussiano sigma=2.0, k=15)",p99,A204,14.578999999999999,24.163999999999998
"V3 (Gaussiano sigma=2.0, k=15)",p99,A205,13.588745075116632,21.72
"V3 (Gaussiano sigma=2.0, k=15)",p99,A206,15.542182204216775,24.476
"V3 (Gaussiano sigma=2.0, k=15)",p99,A207,14.220745966742564,22.715000000000003
"V3 (Gaussiano sigma=2.0, k=15)",p99,A208,14.074690374139431,18.472
"V3 (Gaussiano sigma=2.0, k=15)",p99,A209,13.98938514200949,18.346
"V3 (Gaussiano sigma=2.0, k=15)",p99,A210,14.117779332999957,21.555999999999997
"V3 (Gaussiano sigma=2.0, k=15)",p99,A211,14.21930777046997,23.708000000000002
"V3 (Gaussiano sigma=2.0, k=15)",p99,A212,14.719997583091228,24.538
"V3 (Gaussiano sigma=2.0, k=15)",p99,A213,14.542425,19.583000000000002
"V3 (Gaussiano sigma=2.0, k=15)",p99,A214,14.579225,22.108
"V3 (Gaussiano sigma=2.0, k=15)",p99,A215,15.8941673318019,18.610999999999997
"V3 (Gaussiano sigma=2.0, k=15)",p99,A216,14.10934169434768,35.519999999999996
"V3 (Gaussiano sigma=2.0, k=15)",p99,A217,16.246563336888585,24.047
"V3 (Gaussiano sigma=2.0, k=15)",p99,A218,17.46025994187788,19.27
"V3 (Gaussiano sigma=2.0, k=15)",p99,A219,16.391422773282635,19.252
"V3 (Gaussiano sigma=2.0, k=15)",p99,A220,14.365563666759112,22.552
"V3 (Gaussiano sigma=2.0, k=15)",p99,A221,13.989519858570068,23.656
"V3 (Gaussiano sigma=2.0, k=15)",p99,A222,15.603754118935054,24.147
"V3 (Gaussiano sigma=2.0, k=15)",p99,A223,15.206694356530473,22.432
"V3 (Gaussiano sigma=2.0, k=15)",p99,A224,14.040069820193903,24.598
"V3 (Gaussiano sigma=2.0, k=15)",p99,A225,14.434210282024772,24.9
"V3 (Gaussiano sigma=2.0, k=15)",p99,A226,17.386525168326898,24.983
"V3 (Gaussiano sigma=2.0, k=15)",p99,A227,14.50847416995282,22.999999999999996
"V3 (Gaussiano sigma=2.0, k=15)",p99,A228,13.556510282573996,30.88
"V3 (Gaussiano sigma=2.0, k=15)",p99,A229,13.013868542113707,23.085
"V3 (Gaussiano sigma=2.0, k=15)",p99,A230,15.883558572761505,24.447999999999997
"V3 (Gaussiano sigma=2.0, k=15)",p99,A231,14.519607721504206,22.600999999999996
"V3 (Gaussiano sigma=2.0, k=15)",p99,A232,13.076521917224392,24.255999999999997
"V3 (Gaussiano sigma=2.0, k=15)",p99,A233,14.179892131431696,24.685
"V3 (Gaussiano sigma=2.0, k=15)",p99,A234,15.193131858899607,23.669999999999998
"V3 (Gaussiano sigma=2.0, k=15)",p99,A235,14.121875,24.07
"V3 (Gaussiano sigma=2.0, k=15)",p99,A236,13.304673157361687,20.231999999999996
"V3 (Gaussiano sigma=2.0, k=15)",p99,A237,15.87367100540914,24.136
"V3 (Gaussiano sigma=2.0, k=15)",p99,A238,14.901600502908217,22.717999999999996
"V3 (Gaussiano sigma=2.0, k=15)",p99,A239,13.8238,23.875999999999998
"V3 (Gaussiano sigma=2.0, k=15)",p99,A240,15.581674566402622,23.22
"V3 (Gaussiano sigma=2.0, k=15)",p99,A241,14.724844963423092,24.549
"V3 (Gaussiano sigma=2.0, k=15)",p99,A242,15.961740561359193,18.955
"V3 (Gaussiano sigma=2.0, k=15)",p99,A243,14.341286437490412,24.47
"V3 (Gaussiano sigma=2.0, k=15)",p99,A244,14.954474737502784,24.676
"V3 (Gaussiano sigma=2.0, k=15)",p99,A245,14.413978189830623,17.794
"V3 (Gaussiano sigma=2.0, k=15)",p99,A246,13.662091091888758,22.25
"V3 (Gaussiano sigma=2.0, k=15)",p99,A247,13.3927481709269,47.86
"V3 (Gaussiano sigma=2.0, k=15)",p99,A248,15.884580480760576,21.646
"V3 (Gaussiano sigma=2.0, k=15)",p99,A249,14.78445176872371,24.32
"V3 (Gaussiano sigma=2.0, k=15)",p99,A250,13.170763260978475,23.823999999999998
"V3 (Gaussiano sigma=2.0, k=15)",p99,A251,15.087111051107977,38.804
"V3 (Gaussiano sigma=2.0, k=15)",p99,A252,15.418075,41.016
"V3 (Gaussiano sigma=2.0, k=15)",p99,A253,13.965846201894013,38.21999999999999
"V3 (Gaussiano sigma=2.0, k=15)",p99,A254,13.674199915649574,23.614
"V3 (Gaussiano sigma=2.0, k=15)",p99,A255,16.41218353550421,38.776
"V3 (Gaussiano sigma=2.0, k=15)",p99,A256,13.958990780176649,42.688
"V3 (Gaussiano sigma=2.0, k=15)",p99,A301,15.731830053404765,22.296
"V3 (Gaussiano sigma=2.0, k=15)",p99,A302,20.362250050764587,24.297
"V3 (Gaussiano sigma=2.0, k=15)",p99,A303,14.60321525475053,24.857999999999997
"V3 (Gaussiano sigma=2.0, k=15)",p99,A304,16.157196894032953,23.116000000000003
"V3 (Gaussiano sigma=2.0, k=15)",p99,A305,16.47207783419894,21.90600000000001
"V3 (Gaussiano sigma=2.0, k=15)",p99,A306,15.615170483649887,23.863999999999997
"V3 (Gaussiano sigma=2.0, k=15)",p99,A307,18.2332,25.858999999999998
"V3 (Gaussiano sigma=2.0, k=15)",p99,A308,16.737786942249574,23.496
"V3 (Gaussiano sigma=2.0, k=15)",p99,A309,15.823995414085443,24.679
"V3 (Gaussiano sigma=2.0, k=15)",p99,A310,15.211971076765558,18.552999999999997
"V3 (Gaussiano sigma=2.0, k=15)",p99,A311,16.205372125415014,22.72
"V3 (Gaussiano sigma=2.0, k=15)",p99,A312,14.74581826461461,22.743
"V3 (Gaussiano sigma=2.0, k=15)",p99,A313,16.050128874519583,19.971999999999998
"V3 (Gaussiano sigma=2.0, k=15)",p99,A314,17.210176279789348,19.161999999999995
"V3 (Gaussiano sigma=2.0, k=15)",p99,A315,16.978721121340726,23.0
"V3 (Gaussiano sigma=2.0, k=15)",p99,A316,16.21690327314453,24.746000000000002
"V3 (Gaussiano sigma=2.0, k=15)",p99,A317,16.173905636575885,24.563999999999997
"V3 (Gaussiano sigma=2.0, k=15)",p99,A318,16.404457676957843,22.148999999999997
"V3 (Gaussiano sigma=2.0, k=15)",p99,A319,15.989098475196247,24.248
"V3 (Gaussiano sigma=2.0, k=15)",p99,A320,15.651467003149357,23.116000000000003
"V3 (Gaussiano sigma=2.0, k=15)",p99,A321,17.436453798207246,24.146
"V3 (Gaussiano sigma=2.0, k=15)",p99,A322,15.15863977514119,19.338
"V3 (Gaussiano sigma=2.0, k=15)",p99,A323,15.46349713516084,23.257999999999996
"V3 (Gaussiano sigma=2.0, k=15)",p99,A324,16.6176,23.2
"V3 (Gaussiano sigma=2.0, k=15)",p99,A325,15.477419363736388,23.592
"V3 (Gaussiano sigma=2.0, k=15)",p99,A326,15.208041168427677,24.846
"V3 (Gaussiano sigma=2.0, k=15)",p99,A327,14.433647925963847,20.902
"V3 (Gaussiano sigma=2.0, k=15)",p99,A328,15.392308902454502,18.098
"V3 (Gaussiano sigma=2.0, k=15)",p99,A329,17.72587656557421,23.564
"V3 (Gaussiano sigma=2.0, k=15)",p99,A330,18.849850981038074,35.724000000000004
"V3 (Gaussiano sigma=2.0, k=15)",p99,A331,16.87046583429563,26.732999999999993
"V3 (Gaussiano sigma=2.0, k=15)",p99,A332,15.209228596447236,24.556
"V3 (Gaussiano sigma=2.0, k=15)",p99,A333,17.422304969160542,22.438000000000002
"V3 (Gaussiano sigma=2.0, k=15)",p99,A334,17.74179213189066,22.228
"V3 (Gaussiano sigma=2.0, k=15)",p99,A335,15.431303272912675,23.264
"V3 (Gaussiano sigma=2.0, k=15)",p99,A336,15.595471606288584,23.868
"V3 (Gaussiano sigma=2.0, k=15)",p99,A337,15.963075,24.157999999999998
"V3 (Gaussiano sigma=2.0, k=15)",p99,A338,14.42306549638605,24.492
"V3 (Gaussiano sigma=2.0, k=15)",p99,A339,15.885834850301261,22.876
"V3 (Gaussiano sigma=2.0, k=15)",p99,A340,15.741775,23.410999999999998
"V3 (Gaussiano sigma=2.0, k=15)",p99,A341,16.0285408312283,20.483999999999998
"V3 (Gaussiano sigma=2.0, k=15)",p99,A342,17.021717021834156,24.647
"V3 (Gaussiano sigma=2.0, k=15)",p99,A343,16.42685,23.376999999999995
"V3 (Gaussiano sigma=2.0, k=15)",p99,A344,17.21183746595119,22.839999999999996
"V3 (Gaussiano sigma=2.0, k=15)",p99,A345,15.86211289314463,20.866
"V3 (Gaussiano sigma=2.0, k=15)",p99,A346,16.829086337160966,18.221999999999994
"V3 (Gaussiano sigma=2.0, k=15)",p99,A347,17.125070157090637,23.646
"V3 (Gaussiano sigma=2.0, k=15)",p99,A348,16.07938146167631,23.798
"V3 (Gaussiano sigma=2.0, k=15)",p99,A349,16.58433206063966,23.980999999999998
"V3 (Gaussiano sigma=2.0, k=15)",p99,A350,17.56265436940895,23.708
"V3 (Gaussiano sigma=2.0, k=15)",p99,A351,17.136214069588828,23.212999999999997
"V3 (Gaussiano sigma=2.0, k=15)",p99,A352,16.755657502811,19.604
"V3 (Gaussiano sigma=2.0, k=15)",p99,A353,15.1207844332716,20.212999999999997
"V3 (Gaussiano sigma=2.0, k=15)",p99,A354,16.60339374800367,22.983999999999998
"V3 (Gaussiano sigma=2.0, k=15)",p99,A355,15.510230675393599,20.964
"V3 (Gaussiano sigma=2.0, k=15)",p99,A356,13.846315870650034,16.588
"V3 (Gaussiano sigma=2.0, k=15)",p99,A357,13.954772809547123,23.17999999999999
"V3 (Gaussiano sigma=2.0, k=15)",p99,A358,15.430598932382576,23.956
"V3 (Gaussiano sigma=2.0, k=15)",p99,A359,17.01260442618436,24.279999999999998
"V3 (Gaussiano sigma=2.0, k=15)",p99,A360,17.15179307009144,19.0
"V3 (Gaussiano sigma=2.0, k=15)",p99,A361,16.362925635604473,20.831
"V3 (Gaussiano sigma=2.0, k=15)",p99,A362,14.76275397856376,24.540000000000003
"V3 (Gaussiano sigma=2.0, k=15)",p99,A363,16.041022812933875,24.268
"V3 (Gaussiano sigma=2.0, k=15)",p99,A364,16.718653621772383,23.756
"V3 (Gaussiano sigma=2.0, k=15)",p99,A365,16.39301521814397,22.4
"V3 (Gaussiano sigma=2.0, k=15)",p99,A366,16.291936986726576,22.375
"V3 (Gaussiano sigma=2.0, k=15)",p99,A367,16.730875503679265,18.509
"V3 (Gaussiano sigma=2.0, k=15)",p99,A368,17.033625,20.398
"V3 (Gaussiano sigma=2.0, k=15)",p99,A369,16.230617348392542,18.49
"V3 (Gaussiano sigma=2.0, k=15)",p99,A370,17.419536691869077,26.86
"V3 (Gaussiano sigma=2.0, k=15)",p99,A371,15.90720585130464,28.459999999999997
"V3 (Gaussiano sigma=2.0, k=15)",p99,A372,16.19255755950676,40.36
"V3 (Gaussiano sigma=2.0, k=15)",p99,A373,16.91457413771557,21.155
"V3 (Gaussiano sigma=2.0, k=15)",p99,A374,15.71530715848046,27.462999999999997
"V3 (Gaussiano sigma=2.0, k=15)",p99,A375,16.365918738922716,29.642
"V3 (Gaussiano sigma=2.0, k=15)",p99,A376,15.102592616149149,22.228
"V3 (Gaussiano sigma=2.0, k=15)",p99,A377,14.762612644577995,46.99999999999999
"V3 (Gaussiano sigma=2.0, k=15)",p99,A401,19.183760441630437,46.574999999999996
"V3 (Gaussiano sigma=2.0, k=15)",p99,A402,15.737500048352892,23.634
"V3 (Gaussiano sigma=2.0, k=15)",p99,A403,17.952221052911533,24.91
"V3 (Gaussiano sigma=2.0, k=15)",p99,A404,16.108973296087157,24.284999999999997
"V3 (Gaussiano sigma=2.0, k=15)",p99,A405,20.017555561336568,21.282
"V3 (Gaussiano sigma=2.0, k=15)",p99,A406,15.234622859735014,18.434
"V3 (Gaussiano sigma=2.0, k=15)",p99,A407,15.4287900335643,19.76
"V3 (Gaussiano sigma=2.0, k=15)",p99,A408,14.448902461126684,23.646
"V3 (Gaussiano sigma=2.0, k=15)",p99,A409,16.105926662451875,40.96600000000001
"V3 (Gaussiano sigma=2.0, k=15)",p99,A410,15.87532450836111,28.743999999999996
"V3 (Gaussiano sigma=2.0, k=15)",p99,A411,16.84100491491626,21.288
"V3 (Gaussiano sigma=2.0, k=15)",p99,A412,15.35650782967079,24.38
"V3 (Gaussiano sigma=2.0, k=15)",p99,A413,16.18523483010897,24.208999999999996
"V3 (Gaussiano sigma=2.0, k=15)",p99,A414,18.243022300182265,22.98
"V3 (Gaussiano sigma=2.0, k=15)",p99,A415,14.44423777213489,21.7
"V3 (Gaussiano sigma=2.0, k=15)",p99,A416,15.43809746604453,24.748
"V3 (Gaussiano sigma=2.0, k=15)",p99,A417,15.765673635420441,23.996000000000002
"V3 (Gaussiano sigma=2.0, k=15)",p99,A418,15.128188293228195,20.546999999999997
"V3 (Gaussiano sigma=2.0, k=15)",p99,A419,16.043681091399186,21.896
"V3 (Gaussiano sigma=2.0, k=15)",p99,A420,15.512122786940774,24.479
"V3 (Gaussiano sigma=2.0, k=15)",p99,A421,16.203045507015013,18.252
"V3 (Gaussiano sigma=2.0, k=15)",p99,A422,21.163774999999998,24.663999999999998
"V3 (Gaussiano sigma=2.0, k=15)",p99,A423,14.393388633760654,24.598
"V3 (Gaussiano sigma=2.0, k=15)",p99,A424,18.377684556632733,22.061999999999998
"V3 (Gaussiano sigma=2.0, k=15)",p99,A425,16.416795262694095,22.112
"V3 (Gaussiano sigma=2.0, k=15)",p99,A426,17.86568971107979,23.432
"V3 (Gaussiano sigma=2.0, k=15)",p99,A427,16.601061057064804,23.752
"V3 (Gaussiano sigma=2.0, k=15)",p99,A428,16.06994961047601,23.170999999999996
"V3 (Gaussiano sigma=2.0, k=15)",p99,A429,14.566837152811585,26.225999999999996
"V3 (Gaussiano sigma=2.0, k=15)",p99,A430,16.832059913113795,21.436
"V3 (Gaussiano sigma=2.0, k=15)",p99,A431,15.329862607469765,19.046999999999997
"V3 (Gaussiano sigma=2.0, k=15)",p99,A432,15.617893230270045,24.825
"V3 (Gaussiano sigma=2.0, k=15)",p99,A433,15.845405436041474,24.323999999999995
"V3 (Gaussiano sigma=2.0, k=15)",p99,A434,17.538306878338645,21.087999999999994
"V3 (Gaussiano sigma=2.0, k=15)",p99,A435,17.26794930895607,24.496000000000002
"V3 (Gaussiano sigma=2.0, k=15)",p99,A436,15.854388587466227,24.212999999999997
"V3 (Gaussiano sigma=2.0, k=15)",p99,A437,16.701518463240724,16.813
"V3 (Gaussiano sigma=2.0, k=15)",p99,A438,16.90358500002797,23.715999999999998
"V3 (Gaussiano sigma=2.0, k=15)",p99,A439,15.017126484062185,24.483
"V3 (Gaussiano sigma=2.0, k=15)",p99,A440,16.550788866584547,23.75
"V3 (Gaussiano sigma=2.0, k=15)",p99,A441,17.716930380787016,22.181
"V3 (Gaussiano sigma=2.0, k=15)",p99,A442,15.269013558306643,25.0
"V3 (Gaussiano sigma=2.0, k=15)",p99,A443,17.86356827944199,23.852
"V3 (Gaussiano sigma=2.0, k=15)",p99,A444,15.292464020985081,19.974999999999998
"V3 (Gaussiano sigma=2.0, k=15)",p99,A445,14.817054225077298,23.840000000000003
"V3 (Gaussiano sigma=2.0, k=15)",p99,A446,13.944496020720617,25.75
"V3 (Gaussiano sigma=2.0, k=15)",p99,A447,15.707361063831364,22.512
"V3 (Gaussiano sigma=2.0, k=15)",p99,A448,16.701670960881685,20.520000000000003
"V3 (Gaussiano sigma=2.0, k=15)",p99,A449,15.633516209130272,19.225
"V3 (Gaussiano sigma=2.0, k=15)",p99,A450,15.582602444290455,21.455
"V3 (Gaussiano sigma=2.0, k=15)",p99,A451,15.482865500366085,21.368000000000002
"V3 (Gaussiano sigma=2.0, k=15)",p99,A452,15.85572986427291,20.173
"V3 (Gaussiano sigma=2.0, k=15)",p99,A453,15.651285885090394,16.258
"V3 (Gaussiano sigma=2.0, k=15)",p99,A454,17.556754766526197,21.228
"V3 (Gaussiano sigma=2.0, k=15)",p99,A455,17.420565870365557,23.737000000000002
"V3 (Gaussiano sigma=2.0, k=15)",p99,A456,17.18199480093744,17.481
"V3 (Gaussiano sigma=2.0, k=15)",p99,A458,15.56167561128765,39.364999999999995
"V3 (Gaussiano sigma=2.0, k=15)",p99,A501,17.68279030114258,21.552
"V3 (Gaussiano sigma=2.0, k=15)",p99,A502,19.566252463980856,24.843
"V3 (Gaussiano sigma=2.0, k=15)",p99,A503,17.464584980573424,25.0
"V3 (Gaussiano sigma=2.0, k=15)",p99,A504,17.234549108221742,20.454
"V3 (Gaussiano sigma=2.0, k=15)",p99,A505,18.555823928560415,24.793
"V3 (Gaussiano sigma=2.0, k=15)",p99,A506,15.123389110580955,24.025
"V3 (Gaussiano sigma=2.0, k=15)",p99,A507,19.28590783800812,22.868000000000002
"V3 (Gaussiano sigma=2.0, k=15)",p99,A508,15.271255851743177,23.477999999999998
"V3 (Gaussiano sigma=2.0, k=15)",p99,A509,22.80823109644231,23.737000000000002
"V3 (Gaussiano sigma=2.0, k=15)",p99,A510,18.095925,22.6
"V3 (Gaussiano sigma=2.0, k=15)",p99,A511,16.500829832541257,18.229
"V3 (Gaussiano sigma=2.0, k=15)",p99,A512,20.666900756872792,32.13299999999999
"V3 (Gaussiano sigma=2.0, k=15)",p99,A513,18.975467804781943,24.6
"V3 (Gaussiano sigma=2.0, k=15)",p99,A514,18.624062782438234,33.81799999999999
"V3 (Gaussiano sigma=2.0, k=15)",p99,A515,17.58524895576712,23.296
"V3 (Gaussiano sigma=2.0, k=15)",p99,A516,18.224870335072186,24.905
"V3 (Gaussiano sigma=2.0, k=15)",p99,A517,18.569375,24.81
"V3 (Gaussiano sigma=2.0, k=15)",p99,A518,17.65445569504616,27.564
"V3 (Gaussiano sigma=2.0, k=15)",p99,A519,21.44740244304562,24.743
"V3 (Gaussiano sigma=2.0, k=15)",p99,A520,18.915423332020218,25.267
"V3 (Gaussiano sigma=2.0, k=15)",p99,A521,17.306289252969606,24.848
"V3 (Gaussiano sigma=2.0, k=15)",p99,A522,17.66609739331566,22.728
"V3 (Gaussiano sigma=2.0, k=15)",p99,A523,18.31294838541175,22.2
"V3 (Gaussiano sigma=2.0, k=15)",p99,A524,18.28701964340787,23.991
"V3 (Gaussiano sigma=2.0, k=15)",p99,A525,17.619566207726038,23.962
"V3 (Gaussiano sigma=2.0, k=15)",p99,A526,15.200001536812243,24.088
"V3 (Gaussiano sigma=2.0, k=15)",p99,A527,17.058119587577707,24.162
"V3 (Gaussiano sigma=2.0, k=15)",p99,A528,16.445669803372457,23.019999999999996
"V3 (Gaussiano sigma=2.0, k=15)",p99,A529,18.945585078988238,24.746000000000002
"V3 (Gaussiano sigma=2.0, k=15)",p99,A530,20.51117675872257,22.877
"V3 (Gaussiano sigma=2.0, k=15)",p99,A531,22.421725089905557,22.343
"V3 (Gaussiano sigma=2.0, k=15)",p99,A532,15.712340106993341,28.573999999999998
"V3 (Gaussiano sigma=2.0, k=15)",p99,A533,17.96506314040645,24.71
"V3 (Gaussiano sigma=2.0, k=15)",p99,A534,15.855423286282893,24.794999999999998
"V3 (Gaussiano sigma=2.0, k=15)",p99,A535,18.60929814684183,20.681
"V3 (Gaussiano sigma=2.0, k=15)",p99,A536,17.138377741855752,24.964
"V3 (Gaussiano sigma=2.0, k=15)",p99,A537,18.247620631269044,23.546000000000003
"V3 (Gaussiano sigma=2.0, k=15)",p99,A538,17.133888602959164,23.572
"V3 (Gaussiano sigma=2.0, k=15)",p99,A539,15.366306946266945,23.291999999999998
"V3 (Gaussiano sigma=2.0, k=15)",p99,A540,17.018544039773477,23.686000000000003
"V3 (Gaussiano sigma=2.0, k=15)",p99,A541,20.21709196521295,24.0
"V3 (Gaussiano sigma=2.0, k=15)",p99,A542,15.6812907589747,24.402
"V3 (Gaussiano sigma=2.0, k=15)",p99,A543,17.723639018025608,23.48
"V3 (Gaussiano sigma=2.0, k=15)",p99,A544,15.33309605495897,26.919999999999995
"V3 (Gaussiano sigma=2.0, k=15)",p99,A545,17.198091035939246,21.764
"V3 (Gaussiano sigma=2.0, k=15)",p99,A546,16.921198936030077,24.192
"V3 (Gaussiano sigma=2.0, k=15)",p99,A547,17.54446895886918,26.194
"V3 (Gaussiano sigma=2.0, k=15)",p99,A548,16.14738897970339,24.328
"V3 (Gaussiano sigma=2.0, k=15)",p99,A549,16.02163003147531,24.586000000000002
"V3 (Gaussiano sigma=2.0, k=15)",p99,A550,16.38355617182074,24.358
"V3 (Gaussiano sigma=2.0, k=15)",p99,A551,15.2962790494296,23.502
"V3 (Gaussiano sigma=2.0, k=15)",p99,A552,14.677736926014628,22.61
"V3 (Gaussiano sigma=2.0, k=15)",p99,A553,16.95971443270331,24.72
"V3 (Gaussiano sigma=2.0, k=15)",p99,A554,17.181025561553795,24.366000000000003
"V3 (Gaussiano sigma=2.0, k=15)",p99,A555,17.46081184601534,24.683
"V3 (Gaussiano sigma=2.0, k=15)",p99,A556,18.55893216263871,24.735
"V3 (Gaussiano sigma=2.0, k=15)",p99,A557,18.79848795923063,24.566
"V3 (Gaussiano sigma=2.0, k=15)",p99,A559,14.970453094873282,19.1
"V3 (Gaussiano sigma=2.0, k=15)",p99,A560,17.296765118904204,21.622999999999998
"V3 (Gaussiano sigma=2.0, k=15)",p99,A561,18.678529859935175,24.32
"V3 (Gaussiano sigma=2.0, k=15)",p99,A562,17.40475803142175,26.036
"V3 (Gaussiano sigma=2.0, k=15)",p99,A563,15.187385273830017,21.564
"V3 (Gaussiano sigma=2.0, k=15)",p99,A564,17.514051326556327,24.832
"V3 (Gaussiano sigma=2.0, k=15)",p99,A565,16.01122829257639,34.374
"V3 (Gaussiano sigma=2.0, k=15)",p99,A566,15.496878060926075,22.46
"V3 (Gaussiano sigma=2.0, k=15)",p99,A567,17.36664303911727,45.04
"V3 (Gaussiano sigma=2.0, k=15)",p99,A568,20.078447635599794,24.652
"V3 (Gaussiano sigma=2.0, k=15)",p99,A569,16.536264928574106,23.782
"V3 (Gaussiano sigma=2.0, k=15)",p99,A570,19.72629583024725,37.372
"V3 (Gaussiano sigma=2.0, k=15)",p99,A571,17.03270339951154,27.128999999999998
"V3 (Gaussiano sigma=2.0, k=15)",p99,A572,17.02750499465715,19.9
"V3 (Gaussiano sigma=2.0, k=15)",p99,A601,17.888715388278086,29.05
"V3 (Gaussiano sigma=2.0, k=15)",p99,A602,21.586018353408427,31.28
"V3 (Gaussiano sigma=2.0, k=15)",p99,A603,18.396040618512863,27.217
"V3 (Gaussiano sigma=2.0, k=15)",p99,A604,16.408425,20.285999999999998
"V3 (Gaussiano sigma=2.0, k=15)",p99,A605,21.84488041832205,21.228
"V3 (Gaussiano sigma=2.0, k=15)",p99,A606,21.339057233449267,33.178
"V3 (Gaussiano sigma=2.0, k=15)",p99,A607,18.848151310189227,35.44499999999999
"V3 (Gaussiano sigma=2.0, k=15)",p99,A608,19.591031986664667,32.9
"V3 (Gaussiano sigma=2.0, k=15)",p99,A609,18.899208883203034,41.57499999999999
"V3 (Gaussiano sigma=2.0, k=15)",p99,A610,18.173779882341574,42.315999999999995
"V3 (Gaussiano sigma=2.0, k=15)",p99,A611,19.386030771078673,27.614999999999995
"V3 (Gaussiano sigma=2.0, k=15)",p99,A612,19.274801302010935,23.429
"V3 (Gaussiano sigma=2.0, k=15)",p99,A613,18.28798031086309,21.81
"V3 (Gaussiano sigma=2.0, k=15)",p99,A614,17.67225,36.908
"V3 (Gaussiano sigma=2.0, k=15)",p99,A615,19.125616370580886,29.48399999999999
"V3 (Gaussiano sigma=2.0, k=15)",p99,A616,19.648980110921737,21.662
"V3 (Gaussiano sigma=2.0, k=15)",p99,A617,16.939042979105395,24.867
"V3 (Gaussiano sigma=2.0, k=15)",p99,A618,18.630848602911996,20.7
"V3 (Gaussiano sigma=2.0, k=15)",p99,A619,20.06740108038913,23.667
"V3 (Gaussiano sigma=2.0, k=15)",p99,A620,21.468764415069835,22.942999999999998
"V3 (Gaussiano sigma=2.0, k=15)",p99,A621,18.846052348186703,32.078
"V3 (Gaussiano sigma=2.0, k=15)",p99,A622,15.922327493117619,26.825999999999997
"V3 (Gaussiano sigma=2.0, k=15)",p99,A623,17.4896286562673,24.84
"V3 (Gaussiano sigma=2.0, k=15)",p99,A624,21.385659387988483,24.49
"V3 (Gaussiano sigma=2.0, k=15)",p99,A625,17.556932426668617,21.047
"V3 (Gaussiano sigma=2.0, k=15)",p99,A626,17.87229780011493,24.048
"V3 (Gaussiano sigma=2.0, k=15)",p99,A627,17.738278165586493,19.144
"V3 (Gaussiano sigma=2.0, k=15)",p99,A628,18.28077422453739,29.736
"V3 (Gaussiano sigma=2.0, k=15)",p99,A629,18.505875983717637,23.044999999999998
"V3 (Gaussiano sigma=2.0, k=15)",p99,A630,19.82044690119816,18.503999999999998
"V3 (Gaussiano sigma=2.0, k=15)",p99,A631,17.31905882425511,47.192
"V3 (Gaussiano sigma=2.0, k=15)",p99,A632,17.451525,44.11599999999999
"V3 (Gaussiano sigma=2.0, k=15)",p99,A633,19.007992260291285,18.032
"V3 (Gaussiano sigma=2.0, k=15)",p99,A634,18.11781763239171,20.1
"V3 (Gaussiano sigma=2.0, k=15)",p99,A635,26.86743795864623,30.76
"V3 (Gaussiano sigma=2.0, k=15)",p99,A636,21.790368159194564,29.224
"V3 (Gaussiano sigma=2.0, k=15)",p99,A637,17.54101057658929,19.225
"V3 (Gaussiano sigma=2.0, k=15)",p99,A651,21.845456166016504,19.6
"V3 (Gaussiano sigma=2.0, k=15)",p99,A652,21.101491620687185,33.74
"V3 (Gaussiano sigma=2.0, k=15)",p99,A653,21.846587176944713,20.9
"V3 (Gaussiano sigma=2.0, k=15)",p99,A654,21.687479771089464,26.887999999999998
"V3 (Gaussiano sigma=2.0, k=15)",p99,A655,21.690339371367273,16.4
"V3 (Gaussiano sigma=2.0, k=15)",p99,A656,21.688725640585226,14.9
"V3 (Gaussiano sigma=2.0, k=15)",p99,A657,19.376582178510894,37.78799999999999
"V3 (Gaussiano sigma=2.0, k=15)",p99,A659,18.624134604924453,23.6
"V3 (Gaussiano sigma=2.0, k=15)",p99,A667,18.859129715946114,26.6
"V3 (Gaussiano sigma=2.0, k=15)",p99,A701,23.623536188702825,27.895999999999997
"V3 (Gaussiano sigma=2.0, k=15)",p99,A702,22.78210730714048,27.799999999999994
"V3 (Gaussiano sigma=2.0, k=15)",p99,A703,24.604759492638138,22.537000000000003
"V3 (Gaussiano sigma=2.0, k=15)",p99,A704,22.631143962735294,25.056
"V3 (Gaussiano sigma=2.0, k=15)",p99,A705,21.063670265269785,24.483999999999998
"V3 (Gaussiano sigma=2.0, k=15)",p99,A706,21.13197210990423,18.881
"V3 (Gaussiano sigma=2.0, k=15)",p99,A707,24.15727429398323,23.978
"V3 (Gaussiano sigma=2.0, k=15)",p99,A708,18.95171281491929,22.863
"V3 (Gaussiano sigma=2.0, k=15)",p99,A709,21.022122497421208,33.86000000000001
"V3 (Gaussiano sigma=2.0, k=15)",p99,A710,20.763924271780315,29.896000000000004
"V3 (Gaussiano sigma=2.0, k=15)",p99,A711,22.470404250488734,24.3
"V3 (Gaussiano sigma=2.0, k=15)",p99,A712,20.011126682228745,24.567
"V3 (Gaussiano sigma=2.0, k=15)",p99,A713,21.44174348272909,25.323999999999998
"V3 (Gaussiano sigma=2.0, k=15)",p99,A714,21.075637524898863,24.642999999999997
"V3 (Gaussiano sigma=2.0, k=15)",p99,A715,22.962534870818402,24.642999999999997
"V3 (Gaussiano sigma=2.0, k=15)",p99,A716,21.750317832226287,34.26899999999999
"V3 (Gaussiano sigma=2.0, k=15)",p99,A717,22.02603415704042,24.4
"V3 (Gaussiano sigma=2.0, k=15)",p99,A718,22.86417025871338,24.648
"V3 (Gaussiano sigma=2.0, k=15)",p99,A719,23.561805870944998,22.4
"V3 (Gaussiano sigma=2.0, k=15)",p99,A720,19.717951260070194,24.167
"V3 (Gaussiano sigma=2.0, k=15)",p99,A721,23.522549480994016,28.606999999999996
"V3 (Gaussiano sigma=2.0, k=15)",p99,A722,23.31726429261875,24.162
"V3 (Gaussiano sigma=2.0, k=15)",p99,A723,23.197875031133293,23.948
"V3 (Gaussiano sigma=2.0, k=15)",p99,A724,22.511979410377908,37.564
"V3 (Gaussiano sigma=2.0, k=15)",p99,A725,21.465920812021814,24.752999999999997
"V3 (Gaussiano sigma=2.0, k=15)",p99,A726,18.898031891441107,26.256
"V3 (Gaussiano sigma=2.0, k=15)",p99,A727,20.295839002535672,24.729
"V3 (Gaussiano sigma=2.0, k=15)",p99,A728,20.805092925522004,24.681
"V3 (Gaussiano sigma=2.0, k=15)",p99,A729,19.5428403084135,23.483999999999998
"V3 (Gaussiano sigma=2.0, k=15)",p99,A730,20.549810025929176,24.391
"V3 (Gaussiano sigma=2.0, k=15)",p99,A731,24.740500488497492,23.63
"V3 (Gaussiano sigma=2.0, k=15)",p99,A732,20.788790633274214,25.0
"V3 (Gaussiano sigma=2.0, k=15)",p99,A733,22.118263382791554,24.856
"V3 (Gaussiano sigma=2.0, k=15)",p99,A734,21.650227399578114,28.240000000000002
"V3 (Gaussiano sigma=2.0, k=15)",p99,A735,20.011084554449237,24.564
"V3 (Gaussiano sigma=2.0, k=15)",p99,A736,20.394883122642856,24.81
"V3 (Gaussiano sigma=2.0, k=15)",p99,A737,21.41886394109934,24.674
"V3 (Gaussiano sigma=2.0, k=15)",p99,A738,19.18851183564635,24.394
"V3 (Gaussiano sigma=2.0, k=15)",p99,A739,19.14342729097418,24.188
"V3 (Gaussiano sigma=2.0, k=15)",p99,A740,21.387899040717304,27.323999999999995
"V3 (Gaussiano sigma=2.0, k=15)",p99,A741,21.644889786186216,24.556
"V3 (Gaussiano sigma=2.0, k=15)",p99,A742,20.951844993422963,24.783
"V3 (Gaussiano sigma=2.0, k=15)",p99,A743,23.39005424349551,30.656
"V3 (Gaussiano sigma=2.0, k=15)",p99,A744,22.488299069078302,41.964
"V3 (Gaussiano sigma=2.0, k=15)",p99,A745,19.58167648404652,24.125
"V3 (Gaussiano sigma=2.0, k=15)",p99,A746,23.05223214220307,20.25
"V3 (Gaussiano sigma=2.0, k=15)",p99,A747,21.346939149480857,26.063999999999997
"V3 (Gaussiano sigma=2.0, k=15)",p99,A748,19.60134471721173,22.715
"V3 (Gaussiano sigma=2.0, k=15)",p99,A749,24.694543877558935,23.24
"V3 (Gaussiano sigma=2.0, k=15)",p99,A750,24.436781039077026,24.386
"V3 (Gaussiano sigma=2.0, k=15)",p99,A751,22.090227800096372,24.983
"V3 (Gaussiano sigma=2.0, k=15)",p99,A752,23.568748352567567,24.884
"V3 (Gaussiano sigma=2.0, k=15)",p99,A753,18.20254598263945,24.898
"V3 (Gaussiano sigma=2.0, k=15)",p99,A754,23.795661622412503,39.13499999999998
"V3 (Gaussiano sigma=2.0, k=15)",p99,A755,23.337073258720267,29.057
"V3 (Gaussiano sigma=2.0, k=15)",p99,A756,24.913986975601084,24.740000000000002
"V3 (Gaussiano sigma=2.0, k=15)",p99,A757,22.326239295598338,24.16
"V3 (Gaussiano sigma=2.0, k=15)",p99,A758,22.803151223843944,23.886
"V3 (Gaussiano sigma=2.0, k=15)",p99,A759,21.83132929812175,25.82
"V3 (Gaussiano sigma=2.0, k=15)",p99,A760,19.762771578404546,24.948
"V3 (Gaussiano sigma=2.0, k=15)",p99,A761,20.189026015681577,24.663999999999998
"V3 (Gaussiano sigma=2.0, k=15)",p99,A762,23.498562837589475,40.346
"V3 (Gaussiano sigma=2.0, k=15)",p99,A763,20.815448604668198,33.016
"V3 (Gaussiano sigma=2.0, k=15)",p99,A764,21.642307273285834,24.969
"V3 (Gaussiano sigma=2.0, k=15)",p99,A765,24.947210825854796,27.192
"V3 (Gaussiano sigma=2.0, k=15)",p99,A766,18.265075,37.12
"V3 (Gaussiano sigma=2.0, k=15)",p99,A767,20.632707676952627,28.323999999999998
"V3 (Gaussiano sigma=2.0, k=15)",p99,A768,20.945122693048596,26.292
"V3 (Gaussiano sigma=2.0, k=15)",p99,A769,17.754002052260187,27.794999999999998
"V3 (Gaussiano sigma=2.0, k=15)",p99,A770,18.86852089018803,22.68
"V3 (Gaussiano sigma=2.0, k=15)",p99,A771,23.752617772098642,29.325999999999997
"V3 (Gaussiano sigma=2.0, k=15)",p99,A801,25.506983850955443,32.35
"V3 (Gaussiano sigma=2.0, k=15)",p99,A802,26.93919775825914,31.435999999999996
"V3 (Gaussiano sigma=2.0, k=15)",p99,A803,25.038426673627782,26.228
"V3 (Gaussiano sigma=2.0, k=15)",p99,A804,23.40828888678324,32.036
"V3 (Gaussiano sigma=2.0, k=15)",p99,A805,25.64072004542096,38.56799999999999
"V3 (Gaussiano sigma=2.0, k=15)",p99,A806,23.58773642192075,33.114000000000004
"V3 (Gaussiano sigma=2.0, k=15)",p99,A807,25.90935617638753,26.384999999999998
"V3 (Gaussiano sigma=2.0, k=15)",p99,A808,24.102757101727207,30.246000000000002
"V3 (Gaussiano sigma=2.0, k=15)",p99,A809,25.99019727692226,28.133999999999997
"V3 (Gaussiano sigma=2.0, k=15)",p99,A810,24.365810741640693,36.03
"V3 (Gaussiano sigma=2.0, k=15)",p99,A811,27.06742155098534,36.2
"V3 (Gaussiano sigma=2.0, k=15)",p99,A814,23.17733501696104,31.484999999999985
"V3 (Gaussiano sigma=2.0, k=15)",p99,A815,30.495080310989234,29.725999999999996
"V3 (Gaussiano sigma=2.0, k=15)",p99,A816,24.870832903447813,37.445
"V3 (Gaussiano sigma=2.0, k=15)",p99,A817,22.08344195463388,34.815
"V3 (Gaussiano sigma=2.0, k=15)",p99,A818,20.699516010419323,24.747999999999998
"V3 (Gaussiano sigma=2.0, k=15)",p99,A819,23.742176641061032,25.456000000000003
"V3 (Gaussiano sigma=2.0, k=15)",p99,A820,21.439047274885944,34.334
"V3 (Gaussiano sigma=2.0, k=15)",p99,A821,20.634103707069944,28.315999999999995
"V3 (Gaussiano sigma=2.0, k=15)",p99,A822,20.13930519620103,29.032
"V3 (Gaussiano sigma=2.0, k=15)",p99,A823,24.447254715374655,33.306999999999995
"V3 (Gaussiano sigma=2.0, k=15)",p99,A824,23.020806813079766,31.82
"V3 (Gaussiano sigma=2.0, k=15)",p99,A825,23.79420916673401,32.650000000000006
"V3 (Gaussiano sigma=2.0, k=15)",p99,A826,28.1113287104061,26.142999999999997
"V3 (Gaussiano sigma=2.0, k=15)",p99,A827,23.384859304846227,38.182
"V3 (Gaussiano sigma=2.0, k=15)",p99,A828,22.704812847907657,33.812999999999995
"V3 (Gaussiano sigma=2.0, k=15)",p99,A829,33.160050537232365,41.701999999999984
"V3 (Gaussiano sigma=2.0, k=15)",p99,A830,24.197676555732798,31.838
"V3 (Gaussiano sigma=2.0, k=15)",p99,A831,24.69965422873894,33.312000000000005
"V3 (Gaussiano sigma=2.0, k=15)",p99,A832,24.636866990103726,30.32
"V3 (Gaussiano sigma=2.0, k=15)",p99,A833,25.216027429776226,41.480000000000004
"V3 (Gaussiano sigma=2.0, k=15)",p99,A834,30.07739978029003,36.192
"V3 (Gaussiano sigma=2.0, k=15)",p99,A835,21.12269808818,29.630999999999993
"V3 (Gaussiano sigma=2.0, k=15)",p99,A836,25.60901665880548,34.214000000000006
"V3 (Gaussiano sigma=2.0, k=15)",p99,A837,25.10324829227698,39.212999999999994
"V3 (Gaussiano sigma=2.0, k=15)",p99,A839,23.6859563876649,32.734
"V3 (Gaussiano sigma=2.0, k=15)",p99,A840,24.052381366529392,29.276999999999997
"V3 (Gaussiano sigma=2.0, k=15)",p99,A841,23.174551851681766,30.291999999999998
"V3 (Gaussiano sigma=2.0, k=15)",p99,A842,20.584481917384924,29.288
"V3 (Gaussiano sigma=2.0, k=15)",p99,A843,22.245483717243694,39.76
"V3 (Gaussiano sigma=2.0, k=15)",p99,A844,27.627871613950695,41.366
"V3 (Gaussiano sigma=2.0, k=15)",p99,A845,31.057891457712653,41.332
"V3 (Gaussiano sigma=2.0, k=15)",p99,A846,22.324773813531714,31.874999999999993
"V3 (Gaussiano sigma=2.0, k=15)",p99,A847,22.711767634450634,34.63300000000001
"V3 (Gaussiano sigma=2.0, k=15)",p99,A848,26.79109143745463,32.504
"V3 (Gaussiano sigma=2.0, k=15)",p99,A849,21.11077034795,32.95799999999999
"V3 (Gaussiano sigma=2.0, k=15)",p99,A850,19.8072491779388,34.651999999999994
"V3 (Gaussiano sigma=2.0, k=15)",p99,A851,22.829860211753516,27.782
"V3 (Gaussiano sigma=2.0, k=15)",p99,A852,25.669176401155354,28.138
"V3 (Gaussiano sigma=2.0, k=15)",p99,A853,23.90035175810391,42.098
"V3 (Gaussiano sigma=2.0, k=15)",p99,A854,24.574377258528827,30.356
"V3 (Gaussiano sigma=2.0, k=15)",p99,A855,23.46019517952657,34.804
"V3 (Gaussiano sigma=2.0, k=15)",p99,A856,22.928684939322665,37.38899999999998
"V3 (Gaussiano sigma=2.0, k=15)",p99,A857,24.49214806165527,35.071999999999996
"V3 (Gaussiano sigma=2.0, k=15)",p99,A858,27.01965998424086,32.57899999999999
"V3 (Gaussiano sigma=2.0, k=15)",p99,A859,25.603233985493222,31.116
"V3 (Gaussiano sigma=2.0, k=15)",p99,A860,23.863741683979953,42.21199999999999
"V3 (Gaussiano sigma=2.0, k=15)",p99,A861,24.237717549605733,30.596
"V3 (Gaussiano sigma=2.0, k=15)",p99,A862,27.719713658412417,29.821999999999992
"V3 (Gaussiano sigma=2.0, k=15)",p99,A863,23.486353486049165,30.845
"V3 (Gaussiano sigma=2.0, k=15)",p99,A864,22.833409647375976,33.168
"V3 (Gaussiano sigma=2.0, k=15)",p99,A865,24.74449844603509,24.701
"V3 (Gaussiano sigma=2.0, k=15)",p99,A866,26.952266486282856,43.588
"V3 (Gaussiano sigma=2.0, k=15)",p99,A867,23.517565024826766,29.346999999999998
"V3 (Gaussiano sigma=2.0, k=15)",p99,A868,23.02965079713469,32.654999999999994
"V3 (Gaussiano sigma=2.0, k=15)",p99,A869,20.7935995925058,27.255999999999997
"V3 (Gaussiano sigma=2.0, k=15)",p99,A870,26.99867434297985,24.008
"V3 (Gaussiano sigma=2.0, k=15)",p99,A871,20.289426397363748,31.349999999999994
"V3 (Gaussiano sigma=2.0, k=15)",p99,A872,20.349635775165197,27.866
"V3 (Gaussiano sigma=2.0, k=15)",p99,A873,22.99071053493016,33.89099999999999
"V3 (Gaussiano sigma=2.0, k=15)",p99,A874,23.939511022436925,30.991999999999997
"V3 (Gaussiano sigma=2.0, k=15)",p99,A875,25.15228708437293,23.546999999999997
"V3 (Gaussiano sigma=2.0, k=15)",p99,A876,24.205132452119905,32.839999999999996
"V3 (Gaussiano sigma=2.0, k=15)",p99,A878,32.71895389356997,40.62
"V3 (Gaussiano sigma=2.0, k=15)",p99,A879,27.021754399385216,47.26999999999998
"V3 (Gaussiano sigma=2.0, k=15)",p99,A880,24.139413213385932,44.732
"V3 (Gaussiano sigma=2.0, k=15)",p99,A881,22.44834140139051,34.105
"V3 (Gaussiano sigma=2.0, k=15)",p99,A882,23.367142836649606,33.873999999999995
"V3 (Gaussiano sigma=2.0, k=15)",p99,A883,24.30839839924114,24.496
"V3 (Gaussiano sigma=2.0, k=15)",p99,A884,23.503490696424546,24.939999999999998
"V3 (Gaussiano sigma=2.0, k=15)",p99,A886,24.67307253319393,34.987
"V3 (Gaussiano sigma=2.0, k=15)",p99,A889,28.024607947310418,25.091
"V3 (Gaussiano sigma=2.0, k=15)",p99,A893,26.34732313412406,32.144000000000005
"V3 (Gaussiano sigma=2.0, k=15)",p99,A894,23.96319904303929,24.5
"V3 (Gaussiano sigma=2.0, k=15)",p99,A895,23.50302237819939,29.956
"V3 (Gaussiano sigma=2.0, k=15)",p99,A897,30.38484455041773,29.765
"V3 (Gaussiano sigma=2.0, k=15)",p99,A898,23.06263885728442,33.948
"V3 (Gaussiano sigma=2.0, k=15)",p99,A901,17.861614062496912,24.293
"V3 (Gaussiano sigma=2.0, k=15)",p99,A902,17.956812471004433,24.978
"V3 (Gaussiano sigma=2.0, k=15)",p99,A903,18.101126447065745,21.94
"V3 (Gaussiano sigma=2.0, k=15)",p99,A904,16.06619752938914,22.657999999999998
"V3 (Gaussiano sigma=2.0, k=15)",p99,A905,18.635162594989048,24.474
"V3 (Gaussiano sigma=2.0, k=15)",p99,A906,15.718832010008956,24.76
"V3 (Gaussiano sigma=2.0, k=15)",p99,A907,16.740663349831046,24.778000000000002
"V3 (Gaussiano sigma=2.0, k=15)",p99,A908,15.30882884602479,24.781
"V3 (Gaussiano sigma=2.0, k=15)",p99,A909,17.55596002424621,23.706
"V3 (Gaussiano sigma=2.0, k=15)",p99,A910,14.205261915463028,22.163999999999998
"V3 (Gaussiano sigma=2.0, k=15)",p99,A911,16.772397021081424,39.344
"V3 (Gaussiano sigma=2.0, k=15)",p99,A912,17.96474636487348,24.381
"V3 (Gaussiano sigma=2.0, k=15)",p99,A913,17.420503979250068,23.11
"V3 (Gaussiano sigma=2.0, k=15)",p99,A914,13.96278947595155,22.068
"V3 (Gaussiano sigma=2.0, k=15)",p99,A915,15.707014853835657,24.42
"V3 (Gaussiano sigma=2.0, k=15)",p99,A916,16.11888348266097,24.283
"V3 (Gaussiano sigma=2.0, k=15)",p99,A917,16.344414962865134,23.858
"V3 (Gaussiano sigma=2.0, k=15)",p99,A918,14.26775,23.728
"V3 (Gaussiano sigma=2.0, k=15)",p99,A919,13.950503497993981,24.615
"V3 (Gaussiano sigma=2.0, k=15)",p99,A920,14.34871822606585,24.448
"V3 (Gaussiano sigma=2.0, k=15)",p99,A921,15.172309084182649,24.612
"V3 (Gaussiano sigma=2.0, k=15)",p99,A922,17.460560765862443,23.610999999999997
"V3 (Gaussiano sigma=2.0, k=15)",p99,A923,18.237413798500402,45.41499999999999
"V3 (Gaussiano sigma=2.0, k=15)",p99,A924,18.75564488706983,22.81
"V3 (Gaussiano sigma=2.0, k=15)",p99,A925,15.584463012059762,24.983
"V3 (Gaussiano sigma=2.0, k=15)",p99,A926,16.201919158537464,23.996
"V3 (Gaussiano sigma=2.0, k=15)",p99,A927,14.993707682573392,22.684
"V3 (Gaussiano sigma=2.0, k=15)",p99,A928,15.457653595078499,23.761999999999997
"V3 (Gaussiano sigma=2.0, k=15)",p99,A929,15.592994776554304,24.784
"V3 (Gaussiano sigma=2.0, k=15)",p99,A930,16.859850078134,22.2
"V3 (Gaussiano sigma=2.0, k=15)",p99,A931,17.21098367149494,24.532
"V3 (Gaussiano sigma=2.0, k=15)",p99,A932,17.4584411924869,22.983
"V3 (Gaussiano sigma=2.0, k=15)",p99,A933,18.408209166386296,24.38
"V3 (Gaussiano sigma=2.0, k=15)",p99,A934,18.39594856221793,24.966
"V3 (Gaussiano sigma=2.0, k=15)",p99,A935,17.478450886211498,22.564999999999998
"V3 (Gaussiano sigma=2.0, k=15)",p99,A936,18.971925689176537,22.698
"V3 (Gaussiano sigma=2.0, k=15)",p99,A937,19.53868844633037,23.983999999999998
"V3 (Gaussiano sigma=2.0, k=15)",p99,A938,15.406462399449602,22.68
"V3 (Gaussiano sigma=2.0, k=15)",p99,A939,16.007176200719787,24.314999999999998
"V3 (Gaussiano sigma=2.0, k=15)",p99,A940,15.882368211756159,24.986
"V3 (Gaussiano sigma=2.0, k=15)",p99,A941,19.384749660134936,22.219
"V3 (Gaussiano sigma=2.0, k=15)",p99,A942,14.314735623384939,33.524
"V3 (Gaussiano sigma=2.0, k=15)",p99,A943,15.134432824440394,27.43
"V3 (Gaussiano sigma=2.0, k=15)",p99,A944,16.49093771721982,19.886
"V3 (Gaussiano sigma=2.0, k=15)",p99,B803,23.68477403885987,34.516
"V3 (Gaussiano sigma=2.0, k=15)",p99,B804,24.15705450899845,35.116
"V3 (Gaussiano sigma=2.0, k=15)",p99,B806,25.97214809255169,23.573999999999998
"V3 (Gaussiano sigma=2.0, k=15)",p99,B807,25.346006891425876,29.843999999999998
"V3 (Gaussiano sigma=2.0, k=15)",p99,B808,24.317290203978956,12.8
"V3 (Gaussiano sigma=2.0, k=15)",p99,B809,21.65380562043106,16.0
"V3 (Gaussiano sigma=2.0, k=15)",p99,B810,22.31418474413834,15.0
"V3 (Gaussiano sigma=2.0, k=15)",p99,B811,24.88878440117766,15.7
"V3 (Gaussiano sigma=2.0, k=15)",p99,B812,22.521822204305508,13.1
"V3 (Gaussiano sigma=2.0, k=15)",p99,B813,22.37669088179996,10.4
"V3 (Gaussiano sigma=2.0, k=15)",p99,B814,21.85276507898113,10.6
"V3 (Gaussiano sigma=2.0, k=15)",p99,B816,23.28515756772991,9.3
"V3 (Gaussiano sigma=2.0, k=15)",p99,B817,24.852830479597507,11.7
"V3 (Gaussiano sigma=2.0, k=15)",p99,B818,24.729482769645863,12.2
"V3 (Gaussiano sigma=2.0, k=15)",p99,B819,25.52209883745936,16.4
"V3 (Gaussiano sigma=2.0, k=15)",p99,B820,26.615656967388666,14.9
"V3 (Gaussiano sigma=2.0, k=15)",p99,B821,24.484332265476592,8.6
"V3 (Gaussiano sigma=2.0, k=15)",p99,B822,23.048298710393542,12.6
"V3 (Gaussiano sigma=2.0, k=15)",p99,B823,25.2547862714867,11.1
"V3 (Gaussiano sigma=2.0, k=15)",p99,B825,25.34601974221684,13.5
"V3 (Gaussiano sigma=2.0, k=15)",p99,B827,23.731014329854045,11.5
"V3 (Gaussiano sigma=2.0, k=15)",p99,B828,23.509189903913725,14.9
"V3 (Gaussiano sigma=2.0, k=15)",p99,B829,27.496615116053086,18.7
"V3 (Gaussiano sigma=2.0, k=15)",p99,F501,16.807895115842157,28.978
V4 (Brown-Resnick calibrado),p95,A001,15.854787110119975,24.1
V4 (Brown-Resnick calibrado),p95,A002,15.678396920596663,22.3
V4 (Brown-Resnick calibrado),p95,A003,16.460858659542787,23.88
V4 (Brown-Resnick calibrado),p95,A004,14.524376340950424,23.305
V4 (Brown-Resnick calibrado),p95,A005,15.241858027706057,22.2
V4 (Brown-Resnick calibrado),p95,A006,15.71496044993913,17.125
V4 (Brown-Resnick calibrado),p95,A007,15.461639466530764,23.235
V4 (Brown-Resnick calibrado),p95,A008,15.535209203180834,23.6
V4 (Brown-Resnick calibrado),p95,A009,14.81532836270457,23.09
V4 (Brown-Resnick calibrado),p95,A010,15.284367079092547,22.2
V4 (Brown-Resnick calibrado),p95,A011,17.30889983526012,24.72
V4 (Brown-Resnick calibrado),p95,A012,15.203405817465072,23.835
V4 (Brown-Resnick calibrado),p95,A013,15.907529451661286,22.509999999999994
V4 (Brown-Resnick calibrado),p95,A014,14.944081929189384,23.91
V4 (Brown-Resnick calibrado),p95,A015,14.068672925782252,23.88
V4 (Brown-Resnick calibrado),p95,A016,19.265895423233616,24.23
V4 (Brown-Resnick calibrado),p95,A017,15.908778748692017,23.23
V4 (Brown-Resnick calibrado),p95,A018,14.92844021673627,24.71
V4 (Brown-Resnick calibrado),p95,A019,14.854536397913508,22.459999999999994
V4 (Brown-Resnick calibrado),p95,A020,15.138465338267602,23.43
V4 (Brown-Resnick calibrado),p95,A021,14.969123255268418,17.889999999999997
V4 (Brown-Resnick calibrado),p95,A022,14.280225678334713,24.15
V4 (Brown-Resnick calibrado),p95,A023,16.395775198717203,23.65
V4 (Brown-Resnick calibrado),p95,A024,17.06081261816486,22.119999999999997
V4 (Brown-Resnick calibrado),p95,A025,18.44278597880939,24.959999999999997
V4 (Brown-Resnick calibrado),p95,A026,17.923805954237693,24.81
V4 (Brown-Resnick calibrado),p95,A027,16.88294769525028,23.86
V4 (Brown-Resnick calibrado),p95,A028,15.46346947045021,24.38
V4 (Brown-Resnick calibrado),p95,A029,16.23112649903475,37.12
V4 (Brown-Resnick calibrado),p95,A031,15.070933841364106,28.78
V4 (Brown-Resnick calibrado),p95,A032,14.794668466559997,24.64
V4 (Brown-Resnick calibrado),p95,A033,15.766151579165538,23.5
V4 (Brown-Resnick calibrado),p95,A034,15.722067718570859,21.759999999999998
V4 (Brown-Resnick calibrado),p95,A035,17.500195803567074,24.36
V4 (Brown-Resnick calibrado),p95,A036,15.714260411415083,24.66
V4 (Brown-Resnick calibrado),p95,A037,15.379738893993318,21.7
V4 (Brown-Resnick calibrado),p95,A038,16.776135846676603,24.415
V4 (Brown-Resnick calibrado),p95,A039,15.754150963154975,23.709999999999997
V4 (Brown-Resnick calibrado),p95,A040,16.50189843351362,24.2
V4 (Brown-Resnick calibrado),p95,A041,15.071544002650338,24.67
V4 (Brown-Resnick calibrado),p95,A042,15.225060225920787,28.279999999999998
V4 (Brown-Resnick calibrado),p95,A043,14.672102163687912,19.14
V4 (Brown-Resnick calibrado),p95,A044,13.8986,24.175
V4 (Brown-Resnick calibrado),p95,A045,15.98837252748217,21.544999999999998
V4 (Brown-Resnick calibrado),p95,A046,15.821328225704967,25.72
V4 (Brown-Resnick calibrado),p95,A047,15.206711219919928,23.1
V4 (Brown-Resnick calibrado),p95,A048,13.473699844005107,33.249999999999986
V4 (Brown-Resnick calibrado),p95,A049,14.294401191781638,33.234999999999985
V4 (Brown-Resnick calibrado),p95,A050,16.355646498461603,27.46999999999999
V4 (Brown-Resnick calibrado),p95,A051,15.285100340214548,21.38
V4 (Brown-Resnick calibrado),p95,A052,14.865796465870389,22.2
V4 (Brown-Resnick calibrado),p95,A053,16.26611251060444,24.099999999999998
V4 (Brown-Resnick calibrado),p95,A054,15.029950133170317,23.6
V4 (Brown-Resnick calibrado),p95,A055,14.679958851223768,25.18499999999999
V4 (Brown-Resnick calibrado),p95,A056,15.465200121416448,41.72
V4 (Brown-Resnick calibrado),p95,A101,14.360206887017318,38.375
V4 (Brown-Resnick calibrado),p95,A102,16.254850821402723,22.349999999999998
V4 (Brown-Resnick calibrado),p95,A104,15.655378605165236,23.759999999999998
V4 (Brown-Resnick calibrado),p95,A108,16.196830284582603,19.14
V4 (Brown-Resnick calibrado),p95,A109,14.857226013921823,21.735
V4 (Brown-Resnick calibrado),p95,A110,15.409038762602652,22.68
V4 (Brown-Resnick calibrado),p95,A111,14.988714695139695,19.93
V4 (Brown-Resnick calibrado),p95,A112,13.759068493924778,24.259999999999998
V4 (Brown-Resnick calibrado),p95,A113,12.980447852682008,23.625
V4 (Brown-Resnick calibrado),p95,A117,11.92404096190578,21.53
V4 (Brown-Resnick calibrado),p95,A119,15.842626547426189,22.055
V4 (Brown-Resnick calibrado),p95,A121,13.395358588275158,20.199999999999996
V4 (Brown-Resnick calibrado),p95,A122,13.210702254374574,19.275
V4 (Brown-Resnick calibrado),p95,A123,12.661153429660498,18.825
V4 (Brown-Resnick calibrado),p95,A124,13.022755093248538,17.0
V4 (Brown-Resnick calibrado),p95,A125,15.901797979632114,21.964999999999996
V4 (Brown-Resnick calibrado),p95,A126,13.862338643153656,20.5
V4 (Brown-Resnick calibrado),p95,A127,14.690200949066458,14.8
V4 (Brown-Resnick calibrado),p95,A128,14.334387576522591,19.48
V4 (Brown-Resnick calibrado),p95,A133,12.73030379672445,23.04
V4 (Brown-Resnick calibrado),p95,A134,13.08692861460417,19.259999999999998
V4 (Brown-Resnick calibrado),p95,A135,15.273197933800827,23.15
V4 (Brown-Resnick calibrado),p95,A136,15.211575629740008,19.89
V4 (Brown-Resnick calibrado),p95,A137,17.458404670741118,24.92
V4 (Brown-Resnick calibrado),p95,A138,15.419372440455335,23.95
V4 (Brown-Resnick calibrado),p95,A140,17.313539329646506,20.459999999999997
V4 (Brown-Resnick calibrado),p95,A144,14.422101266951337,21.525
V4 (Brown-Resnick calibrado),p95,A201,13.554434287098314,19.57
V4 (Brown-Resnick calibrado),p95,A202,15.003187064833156,20.839999999999996
V4 (Brown-Resnick calibrado),p95,A203,13.626166438997446,17.58
V4 (Brown-Resnick calibrado),p95,A204,14.419959531793898,23.619999999999997
V4 (Brown-Resnick calibrado),p95,A205,14.320328977139672,20.999999999999996
V4 (Brown-Resnick calibrado),p95,A206,14.837825,23.58
V4 (Brown-Resnick calibrado),p95,A207,14.055660239596637,20.374999999999993
V4 (Brown-Resnick calibrado),p95,A208,13.95275760866289,18.36
V4 (Brown-Resnick calibrado),p95,A209,14.584108730235005,17.729999999999997
V4 (Brown-Resnick calibrado),p95,A210,14.61759563520014,20.979999999999997
V4 (Brown-Resnick calibrado),p95,A211,13.708087935405556,21.34
V4 (Brown-Resnick calibrado),p95,A212,14.683859452898847,23.889999999999997
V4 (Brown-Resnick calibrado),p95,A213,14.387825,19.515
V4 (Brown-Resnick calibrado),p95,A214,14.553526318219578,21.34
V4 (Brown-Resnick calibrado),p95,A215,15.945546104033898,17.455
V4 (Brown-Resnick calibrado),p95,A216,13.966834952290558,31.999999999999993
V4 (Brown-Resnick calibrado),p95,A217,15.935762647294927,23.035
V4 (Brown-Resnick calibrado),p95,A218,17.194572762586784,18.75
V4 (Brown-Resnick calibrado),p95,A219,16.11352560466014,19.06
V4 (Brown-Resnick calibrado),p95,A220,13.954425,22.36
V4 (Brown-Resnick calibrado),p95,A221,13.536153536061562,21.479999999999997
V4 (Brown-Resnick calibrado),p95,A222,15.302959278376665,23.534999999999997
V4 (Brown-Resnick calibrado),p95,A223,15.127500000000001,22.16
V4 (Brown-Resnick calibrado),p95,A224,13.876116027469239,24.19
V4 (Brown-Resnick calibrado),p95,A225,13.73185,24.9
V4 (Brown-Resnick calibrado),p95,A226,16.932236345939277,24.915
V4 (Brown-Resnick calibrado),p95,A227,14.597722997649035,20.199999999999996
V4 (Brown-Resnick calibrado),p95,A228,13.285412221501428,30.4
V4 (Brown-Resnick calibrado),p95,A229,13.520043978788426,23.025
V4 (Brown-Resnick calibrado),p95,A230,15.853241970029796,23.439999999999998
V4 (Brown-Resnick calibrado),p95,A231,13.516244444424014,21.405
V4 (Brown-Resnick calibrado),p95,A232,13.206095171796877,23.679999999999996
V4 (Brown-Resnick calibrado),p95,A233,14.62430170237005,24.625
V4 (Brown-Resnick calibrado),p95,A234,14.863226707174263,22.75
V4 (Brown-Resnick calibrado),p95,A235,14.311067354523653,23.95
V4 (Brown-Resnick calibrado),p95,A236,13.043762560599967,19.56
V4 (Brown-Resnick calibrado),p95,A237,14.721823569737296,23.88
V4 (Brown-Resnick calibrado),p95,A238,14.61145805195072,21.99
V4 (Brown-Resnick calibrado),p95,A239,13.8238,23.779999999999998
V4 (Brown-Resnick calibrado),p95,A240,13.428849999999999,22.499999999999996
V4 (Brown-Resnick calibrado),p95,A241,14.016037132217164,24.345
V4 (Brown-Resnick calibrado),p95,A242,14.607982268353947,18.775
V4 (Brown-Resnick calibrado),p95,A243,14.361439921508655,23.549999999999997
V4 (Brown-Resnick calibrado),p95,A244,16.20630068364088,23.779999999999998
V4 (Brown-Resnick calibrado),p95,A245,14.212056386967088,17.77
V4 (Brown-Resnick calibrado),p95,A246,13.510917218119399,22.05
V4 (Brown-Resnick calibrado),p95,A247,12.874975000000001,45.69999999999999
V4 (Brown-Resnick calibrado),p95,A248,15.194437178545805,21.029999999999998
V4 (Brown-Resnick calibrado),p95,A249,14.867330038343379,23.599999999999998
V4 (Brown-Resnick calibrado),p95,A250,12.88294805836582,21.519999999999992
V4 (Brown-Resnick calibrado),p95,A251,14.951785057632929,35.22
V4 (Brown-Resnick calibrado),p95,A252,15.00345,40.68
V4 (Brown-Resnick calibrado),p95,A253,13.5667,35.099999999999994
V4 (Brown-Resnick calibrado),p95,A254,13.556306643239676,22.869999999999997
V4 (Brown-Resnick calibrado),p95,A255,15.413892461067249,35.48
V4 (Brown-Resnick calibrado),p95,A256,14.619806690327476,41.04
V4 (Brown-Resnick calibrado),p95,A301,15.208443833882848,21.48
V4 (Brown-Resnick calibrado),p95,A302,16.230485146777628,23.485
V4 (Brown-Resnick calibrado),p95,A303,14.280568751386777,24.525
V4 (Brown-Resnick calibrado),p95,A304,16.19361784669558,21.179999999999996
V4 (Brown-Resnick calibrado),p95,A305,16.287801207563074,15.88
V4 (Brown-Resnick calibrado),p95,A306,15.346821791119883,22.575000000000003
V4 (Brown-Resnick calibrado),p95,A307,17.721959864004578,24.189999999999998
V4 (Brown-Resnick calibrado),p95,A308,16.7186853650604,21.53
V4 (Brown-Resnick calibrado),p95,A309,15.69426777536713,24.51
V4 (Brown-Resnick calibrado),p95,A310,15.099306475391435,18.0
V4 (Brown-Resnick calibrado),p95,A311,15.662014919025207,22.0
V4 (Brown-Resnick calibrado),p95,A312,14.56505,22.515
V4 (Brown-Resnick calibrado),p95,A313,16.077873660456813,19.060000000000002
V4 (Brown-Resnick calibrado),p95,A314,16.472649444300977,18.209999999999997
V4 (Brown-Resnick calibrado),p95,A315,16.60326742787307,21.4
V4 (Brown-Resnick calibrado),p95,A316,15.969956236571095,24.53
V4 (Brown-Resnick calibrado),p95,A317,16.187877782330943,24.019999999999996
V4 (Brown-Resnick calibrado),p95,A318,15.831298160125199,21.944999999999997
V4 (Brown-Resnick calibrado),p95,A319,15.568608156476932,23.24
V4 (Brown-Resnick calibrado),p95,A320,15.046371686452728,20.379999999999992
V4 (Brown-Resnick calibrado),p95,A321,16.571373300801802,23.93
V4 (Brown-Resnick calibrado),p95,A322,15.13207091191169,18.689999999999998
V4 (Brown-Resnick calibrado),p95,A323,14.956166546946065,21.49
V4 (Brown-Resnick calibrado),p95,A324,16.43903234835511,22.0
V4 (Brown-Resnick calibrado),p95,A325,15.053523013696818,23.16
V4 (Brown-Resnick calibrado),p95,A326,14.900125000000001,24.63
V4 (Brown-Resnick calibrado),p95,A327,14.37485462859199,20.11
V4 (Brown-Resnick calibrado),p95,A328,15.085631313978496,17.69
V4 (Brown-Resnick calibrado),p95,A329,17.32365038028109,23.419999999999998
V4 (Brown-Resnick calibrado),p95,A330,18.576670510278138,26.21999999999997
V4 (Brown-Resnick calibrado),p95,A331,16.333999481994084,23.264999999999993
V4 (Brown-Resnick calibrado),p95,A332,15.168784365281185,23.979999999999997
V4 (Brown-Resnick calibrado),p95,A333,17.07784209748883,21.79
V4 (Brown-Resnick calibrado),p95,A334,15.602656052662443,21.939999999999998
V4 (Brown-Resnick calibrado),p95,A335,15.101503071779147,23.12
V4 (Brown-Resnick calibrado),p95,A336,15.47594964289623,23.74
V4 (Brown-Resnick calibrado),p95,A337,15.753874999999999,22.389999999999997
V4 (Brown-Resnick calibrado),p95,A338,14.425020024857748,23.259999999999998
V4 (Brown-Resnick calibrado),p95,A339,16.01042432099498,21.579999999999995
V4 (Brown-Resnick calibrado),p95,A340,15.6785,22.255
V4 (Brown-Resnick calibrado),p95,A341,15.887025378794313,19.619999999999997
V4 (Brown-Resnick calibrado),p95,A342,16.78795638694345,24.034999999999997
V4 (Brown-Resnick calibrado),p95,A343,16.146637520799594,22.084999999999997
V4 (Brown-Resnick calibrado),p95,A344,17.112904946073883,22.599999999999998
V4 (Brown-Resnick calibrado),p95,A345,15.765298431329068,20.73
V4 (Brown-Resnick calibrado),p95,A346,16.836401512926557,15.909999999999995
V4 (Brown-Resnick calibrado),p95,A347,16.466496029908086,23.029999999999998
V4 (Brown-Resnick calibrado),p95,A348,16.22301775434739,23.39
V4 (Brown-Resnick calibrado),p95,A349,16.59237124820337,23.505
V4 (Brown-Resnick calibrado),p95,A350,16.09788550184942,22.939999999999998
V4 (Brown-Resnick calibrado),p95,A351,16.60270099832876,22.465
V4 (Brown-Resnick calibrado),p95,A352,16.166072647507402,17.619999999999997
V4 (Brown-Resnick calibrado),p95,A353,14.69260741685414,19.465
V4 (Brown-Resnick calibrado),p95,A354,16.3779,22.919999999999998
V4 (Brown-Resnick calibrado),p95,A355,15.095893372075718,18.019999999999996
V4 (Brown-Resnick calibrado),p95,A356,13.513492226570019,16.14
V4 (Brown-Resnick calibrado),p95,A357,12.970063567137215,19.09999999999999
V4 (Brown-Resnick calibrado),p95,A358,14.988353923428255,23.38
V4 (Brown-Resnick calibrado),p95,A359,16.40858509142228,22.599999999999994
V4 (Brown-Resnick calibrado),p95,A360,17.005214794667765,19.0
V4 (Brown-Resnick calibrado),p95,A361,16.32330838012113,20.154999999999998
V4 (Brown-Resnick calibrado),p95,A362,17.31055376085982,24.3
V4 (Brown-Resnick calibrado),p95,A363,15.924967877381224,24.14
V4 (Brown-Resnick calibrado),p95,A364,16.25346126989122,23.18
V4 (Brown-Resnick calibrado),p95,A365,16.260749999999998,22.4
V4 (Brown-Resnick calibrado),p95,A366,16.310422209010433,21.475
V4 (Brown-Resnick calibrado),p95,A367,16.71967904975016,18.145
V4 (Brown-Resnick calibrado),p95,A368,16.881616150137145,19.99
V4 (Brown-Resnick calibrado),p95,A369,15.880242500791416,18.45
V4 (Brown-Resnick calibrado),p95,A370,17.53944912485676,25.9
V4 (Brown-Resnick calibrado),p95,A371,16.159865588389746,26.699999999999996
V4 (Brown-Resnick calibrado),p95,A372,16.25201359788837,35.4
V4 (Brown-Resnick calibrado),p95,A373,16.3261007602372,20.975
V4 (Brown-Resnick calibrado),p95,A374,15.521680314447819,24.914999999999996
V4 (Brown-Resnick calibrado),p95,A375,15.774288503939587,27.009999999999994
V4 (Brown-Resnick calibrado),p95,A376,14.897523585322421,21.94
V4 (Brown-Resnick calibrado),p95,A377,15.034910849496523,45.8
V4 (Brown-Resnick calibrado),p95,A401,19.011867915090743,44.975
V4 (Brown-Resnick calibrado),p95,A402,15.268922663702172,23.4
V4 (Brown-Resnick calibrado),p95,A403,17.759963252475252,24.55
V4 (Brown-Resnick calibrado),p95,A404,15.886958009862115,23.704999999999995
V4 (Brown-Resnick calibrado),p95,A405,19.339088602224937,19.77
V4 (Brown-Resnick calibrado),p95,A406,14.893256851878224,18.069999999999997
V4 (Brown-Resnick calibrado),p95,A407,14.906645401176014,18.0
V4 (Brown-Resnick calibrado),p95,A408,14.943371615959773,23.09
V4 (Brown-Resnick calibrado),p95,A409,15.370943393960728,35.59999999999997
V4 (Brown-Resnick calibrado),p95,A410,14.820424519636056,25.479999999999993
V4 (Brown-Resnick calibrado),p95,A411,16.389409346176073,20.84
V4 (Brown-Resnick calibrado),p95,A412,15.895114304844801,24.3
V4 (Brown-Resnick calibrado),p95,A413,15.653134726376855,22.644999999999996
V4 (Brown-Resnick calibrado),p95,A414,16.299844991013718,20.09999999999999
V4 (Brown-Resnick calibrado),p95,A415,14.264403543786148,21.7
V4 (Brown-Resnick calibrado),p95,A416,14.965343169614272,23.74
V4 (Brown-Resnick calibrado),p95,A417,14.76350586070833,21.979999999999993
V4 (Brown-Resnick calibrado),p95,A418,14.72750973536369,19.935
V4 (Brown-Resnick calibrado),p95,A419,15.120679894968875,21.08
V4 (Brown-Resnick calibrado),p95,A420,15.091250075739959,23.595
V4 (Brown-Resnick calibrado),p95,A421,16.022912819720247,16.459999999999997
V4 (Brown-Resnick calibrado),p95,A422,20.651616092874438,24.52
V4 (Brown-Resnick calibrado),p95,A423,14.195069228662195,24.19
V4 (Brown-Resnick calibrado),p95,A424,17.801418162957297,21.109999999999996
V4 (Brown-Resnick calibrado),p95,A425,16.464575069459414,19.359999999999996
V4 (Brown-Resnick calibrado),p95,A426,17.676606243321636,23.16
V4 (Brown-Resnick calibrado),p95,A427,15.780985385703767,23.56
V4 (Brown-Resnick calibrado),p95,A428,15.819739566274443,20.654999999999998
V4 (Brown-Resnick calibrado),p95,A429,14.528244704567477,24.729999999999997
V4 (Brown-Resnick calibrado),p95,A430,16.427357993224394,21.18
V4 (Brown-Resnick calibrado),p95,A431,15.114955092452734,18.435
V4 (Brown-Resnick calibrado),p95,A432,15.200322167899532,24.525
V4 (Brown-Resnick calibrado),p95,A433,14.765391103128811,22.419999999999995
V4 (Brown-Resnick calibrado),p95,A434,16.653714165344326,18.639999999999997
V4 (Brown-Resnick calibrado),p95,A435,16.97649057137628,24.080000000000002
V4 (Brown-Resnick calibrado),p95,A436,15.571938997962818,23.465
V4 (Brown-Resnick calibrado),p95,A437,16.049678225918534,16.064999999999998
V4 (Brown-Resnick calibrado),p95,A438,15.987701015804086,18.979999999999993
V4 (Brown-Resnick calibrado),p95,A439,14.527850017425722,24.415
V4 (Brown-Resnick calibrado),p95,A440,15.790725805591151,23.15
V4 (Brown-Resnick calibrado),p95,A441,16.484322437054285,21.705000000000002
V4 (Brown-Resnick calibrado),p95,A442,15.280142515459232,25.0
V4 (Brown-Resnick calibrado),p95,A443,17.166092901391877,22.06
V4 (Brown-Resnick calibrado),p95,A444,15.132078684560202,19.075
V4 (Brown-Resnick calibrado),p95,A445,14.301704649302632,21.199999999999996
V4 (Brown-Resnick calibrado),p95,A446,13.620510234322197,25.15
V4 (Brown-Resnick calibrado),p95,A447,15.502689063841908,21.36
V4 (Brown-Resnick calibrado),p95,A448,16.0054371889445,20.200000000000003
V4 (Brown-Resnick calibrado),p95,A449,15.076847325008353,18.925
V4 (Brown-Resnick calibrado),p95,A450,15.337629932421407,21.275
V4 (Brown-Resnick calibrado),p95,A451,15.431271731872107,20.44
V4 (Brown-Resnick calibrado),p95,A452,15.302853812706545,20.064999999999998
V4 (Brown-Resnick calibrado),p95,A453,15.081350269102439,16.09
V4 (Brown-Resnick calibrado),p95,A454,14.363090643202806,20.94
V4 (Brown-Resnick calibrado),p95,A455,15.990649787568785,23.485
V4 (Brown-Resnick calibrado),p95,A456,18.672944946829695,17.005
V4 (Brown-Resnick calibrado),p95,A458,15.657569467689434,36.425
V4 (Brown-Resnick calibrado),p95,A501,18.007206998093253,21.36
V4 (Brown-Resnick calibrado),p95,A502,19.46392066152032,24.615000000000002
V4 (Brown-Resnick calibrado),p95,A503,16.973086085811275,25.0
V4 (Brown-Resnick calibrado),p95,A504,17.224602781288027,20.27
V4 (Brown-Resnick calibrado),p95,A505,17.974546142771757,23.995
V4 (Brown-Resnick calibrado),p95,A506,15.151272545963446,22.07
V4 (Brown-Resnick calibrado),p95,A507,18.300709684247295,22.4
V4 (Brown-Resnick calibrado),p95,A508,15.050105713042976,22.204999999999995
V4 (Brown-Resnick calibrado),p95,A509,21.495634360116213,23.455
V4 (Brown-Resnick calibrado),p95,A510,17.858990371320424,21.4
V4 (Brown-Resnick calibrado),p95,A511,16.41529815108705,17.545
V4 (Brown-Resnick calibrado),p95,A512,20.646798228041593,25.06500000000001
V4 (Brown-Resnick calibrado),p95,A513,17.955075190477935,24.6
V4 (Brown-Resnick calibrado),p95,A514,18.198947117519154,27.890000000000004
V4 (Brown-Resnick calibrado),p95,A515,17.369025795532636,22.080000000000002
V4 (Brown-Resnick calibrado),p95,A516,16.859355933988553,24.525
V4 (Brown-Resnick calibrado),p95,A517,17.569552396683477,24.05
V4 (Brown-Resnick calibrado),p95,A518,17.48866464885978,27.419999999999998
V4 (Brown-Resnick calibrado),p95,A519,21.22879051881531,24.515
V4 (Brown-Resnick calibrado),p95,A520,16.70957914295757,24.735
V4 (Brown-Resnick calibrado),p95,A521,17.085332841480138,24.24
V4 (Brown-Resnick calibrado),p95,A522,16.09518323421297,22.439999999999998
V4 (Brown-Resnick calibrado),p95,A523,17.944155171162343,22.2
V4 (Brown-Resnick calibrado),p95,A524,17.636097901621728,23.155
V4 (Brown-Resnick calibrado),p95,A525,17.52883487015539,23.810000000000002
V4 (Brown-Resnick calibrado),p95,A526,15.054210881617333,21.639999999999993
V4 (Brown-Resnick calibrado),p95,A527,17.160849584259626,24.01
V4 (Brown-Resnick calibrado),p95,A528,16.329979117118253,21.5
V4 (Brown-Resnick calibrado),p95,A529,18.89205064316179,24.53
V4 (Brown-Resnick calibrado),p95,A530,19.25044259646257,21.585
V4 (Brown-Resnick calibrado),p95,A531,19.570805975574057,22.115000000000002
V4 (Brown-Resnick calibrado),p95,A532,15.742960352242914,28.069999999999997
V4 (Brown-Resnick calibrado),p95,A533,16.804875000000003,24.35
V4 (Brown-Resnick calibrado),p95,A534,15.242002092541107,24.375
V4 (Brown-Resnick calibrado),p95,A535,17.97314263360187,20.205000000000002
V4 (Brown-Resnick calibrado),p95,A536,16.121463398627544,24.82
V4 (Brown-Resnick calibrado),p95,A537,17.361493017414887,23.330000000000002
V4 (Brown-Resnick calibrado),p95,A538,16.35092555634767,22.660000000000004
V4 (Brown-Resnick calibrado),p95,A539,14.750082116373324,22.86
V4 (Brown-Resnick calibrado),p95,A540,16.986969074129536,22.029999999999998
V4 (Brown-Resnick calibrado),p95,A541,18.633892665330883,24.0
V4 (Brown-Resnick calibrado),p95,A542,14.678346856785005,23.61
V4 (Brown-Resnick calibrado),p95,A543,17.439806534708072,23.0
V4 (Brown-Resnick calibrado),p95,A544,15.197163314410478,24.199999999999996
V4 (Brown-Resnick calibrado),p95,A545,15.79371687037886,21.62
V4 (Brown-Resnick calibrado),p95,A546,16.31412919316932,23.759999999999998
V4 (Brown-Resnick calibrado),p95,A547,15.545081642528583,24.969999999999995
V4 (Brown-Resnick calibrado),p95,A548,16.003695823049974,24.04
V4 (Brown-Resnick calibrado),p95,A549,14.455586902114874,22.929999999999996
V4 (Brown-Resnick calibrado),p95,A550,15.693679724607138,22.989999999999995
V4 (Brown-Resnick calibrado),p95,A551,15.224443330425057,22.709999999999997
V4 (Brown-Resnick calibrado),p95,A552,14.531639667937329,22.25
V4 (Brown-Resnick calibrado),p95,A553,16.36073656976822,23.999999999999996
V4 (Brown-Resnick calibrado),p95,A554,15.155681911734717,23.43
V4 (Brown-Resnick calibrado),p95,A555,17.910719018348814,24.615000000000002
V4 (Brown-Resnick calibrado),p95,A556,17.321419472158578,24.075
V4 (Brown-Resnick calibrado),p95,A557,18.27877933852121,23.63
V4 (Brown-Resnick calibrado),p95,A559,14.99655699430588,19.1
V4 (Brown-Resnick calibrado),p95,A560,16.85115095006251,21.314999999999998
V4 (Brown-Resnick calibrado),p95,A561,17.804373642168454,24.0
V4 (Brown-Resnick calibrado),p95,A562,16.435192444099627,24.98
V4 (Brown-Resnick calibrado),p95,A563,14.96310637841474,21.42
V4 (Brown-Resnick calibrado),p95,A564,16.787540047808875,24.16
V4 (Brown-Resnick calibrado),p95,A565,16.13905237191726,30.26999999999999
V4 (Brown-Resnick calibrado),p95,A566,15.618804857642218,21.5
V4 (Brown-Resnick calibrado),p95,A567,17.042832984345303,41.199999999999996
V4 (Brown-Resnick calibrado),p95,A568,19.324261332142942,24.46
V4 (Brown-Resnick calibrado),p95,A569,15.514951762315324,23.71
V4 (Brown-Resnick calibrado),p95,A570,17.939900052033742,34.46
V4 (Brown-Resnick calibrado),p95,A571,16.00730082052395,25.644999999999996
V4 (Brown-Resnick calibrado),p95,A572,18.84898612940723,19.9
V4 (Brown-Resnick calibrado),p95,A601,17.525868192503907,27.025
V4 (Brown-Resnick calibrado),p95,A602,20.192062724126636,28.049999999999997
V4 (Brown-Resnick calibrado),p95,A603,18.323789874018498,25.525
V4 (Brown-Resnick calibrado),p95,A604,15.523625000000001,19.830000000000002
V4 (Brown-Resnick calibrado),p95,A605,19.738275097415418,20.94
V4 (Brown-Resnick calibrado),p95,A606,20.422865456355844,30.290000000000003
V4 (Brown-Resnick calibrado),p95,A607,18.66339732096173,32.025000000000006
V4 (Brown-Resnick calibrado),p95,A608,19.367604000087987,32.9
V4 (Brown-Resnick calibrado),p95,A609,17.61502950903607,35.87500000000001
V4 (Brown-Resnick calibrado),p95,A610,17.261463199298607,39.58
V4 (Brown-Resnick calibrado),p95,A611,18.810835262885345,26.475
V4 (Brown-Resnick calibrado),p95,A612,18.432021026681014,22.745
V4 (Brown-Resnick calibrado),p95,A613,18.1098357168618,21.449999999999996
V4 (Brown-Resnick calibrado),p95,A614,17.67225,26.53999999999997
V4 (Brown-Resnick calibrado),p95,A615,18.231076878002625,24.620000000000005
V4 (Brown-Resnick calibrado),p95,A616,18.90107561778691,21.51
V4 (Brown-Resnick calibrado),p95,A617,16.811148216256495,24.335
V4 (Brown-Resnick calibrado),p95,A618,18.042796825251337,20.7
V4 (Brown-Resnick calibrado),p95,A619,20.176939290226073,23.135
V4 (Brown-Resnick calibrado),p95,A620,21.097618158621717,21.514999999999997
V4 (Brown-Resnick calibrado),p95,A621,18.412870781195707,29.989999999999995
V4 (Brown-Resnick calibrado),p95,A622,15.899516514938496,25.33
V4 (Brown-Resnick calibrado),p95,A623,16.605642180564402,24.6
V4 (Brown-Resnick calibrado),p95,A624,20.109625742588424,23.65
V4 (Brown-Resnick calibrado),p95,A625,16.626101537514486,20.435
V4 (Brown-Resnick calibrado),p95,A626,17.155498892699853,23.04
V4 (Brown-Resnick calibrado),p95,A627,17.164032399932452,18.919999999999998
V4 (Brown-Resnick calibrado),p95,A628,18.209202260808354,25.479999999999997
V4 (Brown-Resnick calibrado),p95,A629,17.797431404020713,21.224999999999998
V4 (Brown-Resnick calibrado),p95,A630,19.145519631981955,17.72
V4 (Brown-Resnick calibrado),p95,A631,17.289149856030576,41.559999999999995
V4 (Brown-Resnick calibrado),p95,A632,17.11478939502948,35.37999999999999
V4 (Brown-Resnick calibrado),p95,A633,18.096175855589838,16.56
V4 (Brown-Resnick calibrado),p95,A634,17.968562378636967,19.3
V4 (Brown-Resnick calibrado),p95,A635,24.73496911068633,29.8
V4 (Brown-Resnick calibrado),p95,A636,20.458651959073734,26.119999999999997
V4 (Brown-Resnick calibrado),p95,A637,17.404932664231197,18.925
V4 (Brown-Resnick calibrado),p95,A651,19.759776230306706,19.6
V4 (Brown-Resnick calibrado),p95,A652,19.62898554352562,32.3
V4 (Brown-Resnick calibrado),p95,A653,20.01523767381203,20.9
V4 (Brown-Resnick calibrado),p95,A654,19.84186110663958,25.639999999999997
V4 (Brown-Resnick calibrado),p95,A655,19.756834864562503,16.4
V4 (Brown-Resnick calibrado),p95,A656,19.763820246964535,14.9
V4 (Brown-Resnick calibrado),p95,A657,18.402333134666716,28.939999999999984
V4 (Brown-Resnick calibrado),p95,A659,17.776404894517427,23.6
V4 (Brown-Resnick calibrado),p95,A667,17.08893415327961,25.0
V4 (Brown-Resnick calibrado),p95,A701,22.633182221504374,26.680000000000003
V4 (Brown-Resnick calibrado),p95,A702,21.871860521361917,25.619999999999994
V4 (Brown-Resnick calibrado),p95,A703,23.086709332447686,22.29
V4 (Brown-Resnick calibrado),p95,A704,21.581882564070867,24.889999999999997
V4 (Brown-Resnick calibrado),p95,A705,20.691430989066603,23.519999999999996
V4 (Brown-Resnick calibrado),p95,A706,19.07675031136636,18.805
V4 (Brown-Resnick calibrado),p95,A707,20.942296368422372,23.83
V4 (Brown-Resnick calibrado),p95,A708,18.26421992362801,21.354999999999997
V4 (Brown-Resnick calibrado),p95,A709,20.382421677432035,24.9
V4 (Brown-Resnick calibrado),p95,A710,20.53731187077436,24.279999999999983
V4 (Brown-Resnick calibrado),p95,A711,19.93894645155379,24.3
V4 (Brown-Resnick calibrado),p95,A712,19.360950641754016,24.035
V4 (Brown-Resnick calibrado),p95,A713,21.159010282805014,25.02
V4 (Brown-Resnick calibrado),p95,A714,19.79292021677924,24.415
V4 (Brown-Resnick calibrado),p95,A715,22.317467019242496,24.415
V4 (Brown-Resnick calibrado),p95,A716,20.861816689852596,31.34499999999999
V4 (Brown-Resnick calibrado),p95,A717,19.516143349829107,24.4
V4 (Brown-Resnick calibrado),p95,A718,21.57131392816956,24.04
V4 (Brown-Resnick calibrado),p95,A719,21.6466968284589,22.4
V4 (Brown-Resnick calibrado),p95,A720,18.716672169518716,23.635
V4 (Brown-Resnick calibrado),p95,A721,22.71326158890268,25.035000000000004
V4 (Brown-Resnick calibrado),p95,A722,22.56335159468005,24.01
V4 (Brown-Resnick calibrado),p95,A723,23.02511961746154,23.34
V4 (Brown-Resnick calibrado),p95,A724,21.313802257805758,26.61999999999997
V4 (Brown-Resnick calibrado),p95,A725,20.29582173190142,23.765
V4 (Brown-Resnick calibrado),p95,A726,18.588855501906412,25.68
V4 (Brown-Resnick calibrado),p95,A727,19.290800933777057,24.045
V4 (Brown-Resnick calibrado),p95,A728,19.066198798468726,24.605
V4 (Brown-Resnick calibrado),p95,A729,19.529587408916683,23.419999999999998
V4 (Brown-Resnick calibrado),p95,A730,19.46645493659913,23.555
V4 (Brown-Resnick calibrado),p95,A731,24.256283640303053,22.55
V4 (Brown-Resnick calibrado),p95,A732,19.667156626475304,25.0
V4 (Brown-Resnick calibrado),p95,A733,20.690881718698204,24.279999999999998
V4 (Brown-Resnick calibrado),p95,A734,20.75758997506403,26.799999999999997
V4 (Brown-Resnick calibrado),p95,A735,19.433732493000146,24.419999999999998
V4 (Brown-Resnick calibrado),p95,A736,19.602728129523346,24.449999999999996
V4 (Brown-Resnick calibrado),p95,A737,19.964470055948233,24.169999999999998
V4 (Brown-Resnick calibrado),p95,A738,17.9689949787435,23.169999999999995
V4 (Brown-Resnick calibrado),p95,A739,17.84445210659381,22.139999999999997
V4 (Brown-Resnick calibrado),p95,A740,20.024486443256656,25.419999999999995
V4 (Brown-Resnick calibrado),p95,A741,20.584111028649495,23.98
V4 (Brown-Resnick calibrado),p95,A742,19.166155059702252,24.715
V4 (Brown-Resnick calibrado),p95,A743,23.16549495630368,30.08
V4 (Brown-Resnick calibrado),p95,A744,21.745065619303944,40.62
V4 (Brown-Resnick calibrado),p95,A745,19.71163632549519,23.825
V4 (Brown-Resnick calibrado),p95,A746,22.199719925429566,19.65
V4 (Brown-Resnick calibrado),p95,A747,19.115864180715757,25.519999999999996
V4 (Brown-Resnick calibrado),p95,A748,18.198474912669617,21.575000000000003
V4 (Brown-Resnick calibrado),p95,A749,22.910155057549666,22.599999999999998
V4 (Brown-Resnick calibrado),p95,A750,23.512467948699108,24.33
V4 (Brown-Resnick calibrado),p95,A751,22.019195415447975,24.915
V4 (Brown-Resnick calibrado),p95,A752,22.93373164551938,24.82
V4 (Brown-Resnick calibrado),p95,A753,17.613126243169223,24.49
V4 (Brown-Resnick calibrado),p95,A754,21.892021902201975,29.27499999999998
V4 (Brown-Resnick calibrado),p95,A755,22.200003386132448,28.485
V4 (Brown-Resnick calibrado),p95,A756,21.581042514051845,24.5
V4 (Brown-Resnick calibrado),p95,A757,20.505941996537185,24.0
V4 (Brown-Resnick calibrado),p95,A758,21.923825519947904,23.83
V4 (Brown-Resnick calibrado),p95,A759,20.67255557693378,25.099999999999998
V4 (Brown-Resnick calibrado),p95,A760,19.647056808166298,24.740000000000002
V4 (Brown-Resnick calibrado),p95,A761,18.728018481230464,24.52
V4 (Brown-Resnick calibrado),p95,A762,21.319129364222846,36.52999999999999
V4 (Brown-Resnick calibrado),p95,A763,20.250725085903206,29.879999999999995
V4 (Brown-Resnick calibrado),p95,A764,19.680533349176965,22.844999999999995
V4 (Brown-Resnick calibrado),p95,A765,24.59675303311982,27.16
V4 (Brown-Resnick calibrado),p95,A766,18.030863182211284,31.999999999999993
V4 (Brown-Resnick calibrado),p95,A767,18.90474276928427,28.02
V4 (Brown-Resnick calibrado),p95,A768,20.27996750820765,26.26
V4 (Brown-Resnick calibrado),p95,A769,17.555486729949184,27.374999999999996
V4 (Brown-Resnick calibrado),p95,A770,18.533978107151807,22.2
V4 (Brown-Resnick calibrado),p95,A771,23.143138875440503,27.029999999999994
V4 (Brown-Resnick calibrado),p95,A801,24.075674838091853,28.775
V4 (Brown-Resnick calibrado),p95,A802,26.64659654350023,30.48
V4 (Brown-Resnick calibrado),p95,A803,24.203181012423403,25.88
V4 (Brown-Resnick calibrado),p95,A804,23.39589955004995,31.09
V4 (Brown-Resnick calibrado),p95,A805,22.82884901360475,35.059999999999995
V4 (Brown-Resnick calibrado),p95,A806,22.65321176554326,27.939999999999994
V4 (Brown-Resnick calibrado),p95,A807,21.86785006819277,25.169999999999998
V4 (Brown-Resnick calibrado),p95,A808,23.17978701419993,26.42999999999999
V4 (Brown-Resnick calibrado),p95,A809,24.016249613630016,27.07
V4 (Brown-Resnick calibrado),p95,A810,23.172547182112826,33.75
V4 (Brown-Resnick calibrado),p95,A811,24.603644268036597,32.599999999999994
V4 (Brown-Resnick calibrado),p95,A814,24.023205869348573,25.024999999999988
V4 (Brown-Resnick calibrado),p95,A815,30.563349245164183,28.229999999999997
V4 (Brown-Resnick calibrado),p95,A816,24.67285,36.425
V4 (Brown-Resnick calibrado),p95,A817,21.264634113286974,33.675000000000004
V4 (Brown-Resnick calibrado),p95,A818,20.30004751266965,24.14
V4 (Brown-Resnick calibrado),p95,A819,22.801157295850942,24.88
V4 (Brown-Resnick calibrado),p95,A820,21.554420118572093,33.27
V4 (Brown-Resnick calibrado),p95,A821,20.124917039042934,25.580000000000002
V4 (Brown-Resnick calibrado),p95,A822,19.05968566551647,28.36
V4 (Brown-Resnick calibrado),p95,A823,21.094174941301105,29.735000000000003
V4 (Brown-Resnick calibrado),p95,A824,20.9380817895326,31.1
V4 (Brown-Resnick calibrado),p95,A825,21.38580483976638,30.849999999999994
V4 (Brown-Resnick calibrado),p95,A826,24.77559598072678,25.915
V4 (Brown-Resnick calibrado),p95,A827,23.06361546944932,30.90999999999998
V4 (Brown-Resnick calibrado),p95,A828,22.454863240134152,28.265000000000004
V4 (Brown-Resnick calibrado),p95,A829,32.14974787487782,30.91000000000001
V4 (Brown-Resnick calibrado),p95,A830,23.393926875683327,31.189999999999998
V4 (Brown-Resnick calibrado),p95,A831,22.351706952042765,32.16
V4 (Brown-Resnick calibrado),p95,A832,23.02198847271182,29.599999999999998
V4 (Brown-Resnick calibrado),p95,A833,23.89386225050292,37.0
V4 (Brown-Resnick calibrado),p95,A834,28.864150115208744,33.76
V4 (Brown-Resnick calibrado),p95,A835,20.5477215423532,25.755000000000003
V4 (Brown-Resnick calibrado),p95,A836,25.12481377636877,32.269999999999996
V4 (Brown-Resnick calibrado),p95,A837,23.839086289566254,38.464999999999996
V4 (Brown-Resnick calibrado),p95,A839,23.434960742663804,31.67
V4 (Brown-Resnick calibrado),p95,A840,23.248064735589097,27.985
V4 (Brown-Resnick calibrado),p95,A841,21.815667537077243,29.86
V4 (Brown-Resnick calibrado),p95,A842,20.01079788995981,27.24
V4 (Brown-Resnick calibrado),p95,A843,21.67256800582406,37.599999999999994
V4 (Brown-Resnick calibrado),p95,A844,23.880805456024497,36.82999999999999
V4 (Brown-Resnick calibrado),p95,A845,26.6354834867726,41.06
V4 (Brown-Resnick calibrado),p95,A846,22.759506892802676,30.174999999999997
V4 (Brown-Resnick calibrado),p95,A847,20.709600214993216,30.364999999999995
V4 (Brown-Resnick calibrado),p95,A848,25.31014986294576,32.12
V4 (Brown-Resnick calibrado),p95,A849,19.72866733200394,31.189999999999998
V4 (Brown-Resnick calibrado),p95,A850,19.670252959587646,31.659999999999993
V4 (Brown-Resnick calibrado),p95,A851,22.64885292694953,27.71
V4 (Brown-Resnick calibrado),p95,A852,22.65661815757437,27.49
V4 (Brown-Resnick calibrado),p95,A853,23.796018150471433,39.28999999999999
V4 (Brown-Resnick calibrado),p95,A854,22.694040020199154,26.17999999999999
V4 (Brown-Resnick calibrado),p95,A855,23.590171640290343,33.22
V4 (Brown-Resnick calibrado),p95,A856,22.455127899051412,31.744999999999987
V4 (Brown-Resnick calibrado),p95,A857,24.44704080626472,31.359999999999996
V4 (Brown-Resnick calibrado),p95,A858,25.556836383533675,31.694999999999997
V4 (Brown-Resnick calibrado),p95,A859,22.59813577930392,27.979999999999997
V4 (Brown-Resnick calibrado),p95,A860,23.040777674401124,37.85999999999999
V4 (Brown-Resnick calibrado),p95,A861,23.91037399057996,29.78
V4 (Brown-Resnick calibrado),p95,A862,23.522631700132813,27.509999999999994
V4 (Brown-Resnick calibrado),p95,A863,22.86165154811909,29.825
V4 (Brown-Resnick calibrado),p95,A864,22.004617254049304,31.439999999999998
V4 (Brown-Resnick calibrado),p95,A865,23.2935344828908,24.305
V4 (Brown-Resnick calibrado),p95,A866,24.817170869500288,38.339999999999996
V4 (Brown-Resnick calibrado),p95,A867,22.14316638811791,28.735
V4 (Brown-Resnick calibrado),p95,A868,21.801182240755644,27.675
V4 (Brown-Resnick calibrado),p95,A869,20.889306515186455,25.08
V4 (Brown-Resnick calibrado),p95,A870,24.753226007311554,23.24
V4 (Brown-Resnick calibrado),p95,A871,20.353403444517518,27.949999999999992
V4 (Brown-Resnick calibrado),p95,A872,20.301023814836434,26.93
V4 (Brown-Resnick calibrado),p95,A873,20.06735,28.65499999999999
V4 (Brown-Resnick calibrado),p95,A874,22.64053621166521,24.15999999999999
V4 (Brown-Resnick calibrado),p95,A875,24.752652169532745,22.935
V4 (Brown-Resnick calibrado),p95,A876,24.17602346280483,30.599999999999994
V4 (Brown-Resnick calibrado),p95,A878,31.37608634041564,38.7
V4 (Brown-Resnick calibrado),p95,A879,25.844832602484907,41.149999999999984
V4 (Brown-Resnick calibrado),p95,A880,23.820341551472886,44.46
V4 (Brown-Resnick calibrado),p95,A881,22.03980268844593,30.925
V4 (Brown-Resnick calibrado),p95,A882,22.184963343761513,28.569999999999997
V4 (Brown-Resnick calibrado),p95,A883,24.121959332712326,23.679999999999996
V4 (Brown-Resnick calibrado),p95,A884,22.859937131098395,24.7
V4 (Brown-Resnick calibrado),p95,A886,24.55973399537519,32.934999999999995
V4 (Brown-Resnick calibrado),p95,A889,22.193929655297197,25.055
V4 (Brown-Resnick calibrado),p95,A893,24.124566140642337,31.92
V4 (Brown-Resnick calibrado),p95,A894,22.929290511086798,24.5
V4 (Brown-Resnick calibrado),p95,A895,22.94343381442919,29.38
V4 (Brown-Resnick calibrado),p95,A897,29.012756968742796,29.224999999999998
V4 (Brown-Resnick calibrado),p95,A898,22.76480189935858,32.94
V4 (Brown-Resnick calibrado),p95,A901,16.968886989684943,23.525
V4 (Brown-Resnick calibrado),p95,A902,16.722193136647096,24.889999999999997
V4 (Brown-Resnick calibrado),p95,A903,16.979175790133397,21.7
V4 (Brown-Resnick calibrado),p95,A904,15.95430929603099,22.445
V4 (Brown-Resnick calibrado),p95,A905,18.461748675266847,23.96
V4 (Brown-Resnick calibrado),p95,A906,16.03990654359579,24.6
V4 (Brown-Resnick calibrado),p95,A907,16.829532795274073,24.639999999999997
V4 (Brown-Resnick calibrado),p95,A908,15.234649181943016,24.705
V4 (Brown-Resnick calibrado),p95,A909,18.27369375551575,22.529999999999998
V4 (Brown-Resnick calibrado),p95,A910,14.137106439486857,22.02
V4 (Brown-Resnick calibrado),p95,A911,16.383995718203423,36.72
V4 (Brown-Resnick calibrado),p95,A912,17.48460917676887,24.305
V4 (Brown-Resnick calibrado),p95,A913,16.87797071424614,22.75
V4 (Brown-Resnick calibrado),p95,A914,13.684183563057335,21.939999999999998
V4 (Brown-Resnick calibrado),p95,A915,16.231305062301928,24.1
V4 (Brown-Resnick calibrado),p95,A916,15.751125445223714,24.215
V4 (Brown-Resnick calibrado),p95,A917,16.950799667925644,22.489999999999995
V4 (Brown-Resnick calibrado),p95,A918,14.298276587610157,23.44
V4 (Brown-Resnick calibrado),p95,A919,14.227996692771127,24.275
V4 (Brown-Resnick calibrado),p95,A920,14.140297052164003,23.84
V4 (Brown-Resnick calibrado),p95,A921,14.875785005704568,23.46
V4 (Brown-Resnick calibrado),p95,A922,17.384074839290967,22.455
V4 (Brown-Resnick calibrado),p95,A923,17.453296710416076,41.07499999999999
V4 (Brown-Resnick calibrado),p95,A924,17.43616395276773,22.45
V4 (Brown-Resnick calibrado),p95,A925,15.785131711156126,24.915
V4 (Brown-Resnick calibrado),p95,A926,16.121710122971628,22.779999999999998
V4 (Brown-Resnick calibrado),p95,A927,14.942971286129886,22.62
V4 (Brown-Resnick calibrado),p95,A928,14.514181920223383,22.81
V4 (Brown-Resnick calibrado),p95,A929,15.623462415545859,24.72
V4 (Brown-Resnick calibrado),p95,A930,15.540904926117989,22.2
V4 (Brown-Resnick calibrado),p95,A931,17.382614507661128,24.259999999999998
V4 (Brown-Resnick calibrado),p95,A932,16.434625,22.915
V4 (Brown-Resnick calibrado),p95,A933,18.641196478390786,23.9
V4 (Brown-Resnick calibrado),p95,A934,18.101086584049575,24.830000000000002
V4 (Brown-Resnick calibrado),p95,A935,16.592669842202547,22.025
V4 (Brown-Resnick calibrado),p95,A936,18.035280902321578,22.29
V4 (Brown-Resnick calibrado),p95,A937,18.52420019497319,22.319999999999997
V4 (Brown-Resnick calibrado),p95,A938,14.823859012678305,22.2
V4 (Brown-Resnick calibrado),p95,A939,15.318491838257199,23.974999999999998
V4 (Brown-Resnick calibrado),p95,A940,15.745796549456644,24.93
V4 (Brown-Resnick calibrado),p95,A941,18.10967945769324,21.895
V4 (Brown-Resnick calibrado),p95,A942,14.937655319771974,32.82
V4 (Brown-Resnick calibrado),p95,A943,15.263363387216096,26.35
V4 (Brown-Resnick calibrado),p95,A944,16.523947311975245,19.43
V4 (Brown-Resnick calibrado),p95,B803,21.95310424372447,32.98
V4 (Brown-Resnick calibrado),p95,B804,23.824674059485716,34.379999999999995
V4 (Brown-Resnick calibrado),p95,B806,22.44407415345195,23.069999999999997
V4 (Brown-Resnick calibrado),p95,B807,24.80472465213954,29.22
V4 (Brown-Resnick calibrado),p95,B808,22.91067387624112,12.8
V4 (Brown-Resnick calibrado),p95,B809,20.976634100308267,16.0
V4 (Brown-Resnick calibrado),p95,B810,22.217737181159027,15.0
V4 (Brown-Resnick calibrado),p95,B811,23.688760982897914,15.7
V4 (Brown-Resnick calibrado),p95,B812,22.210054912982244,13.1
V4 (Brown-Resnick calibrado),p95,B813,22.424141081677334,10.4
V4 (Brown-Resnick calibrado),p95,B814,20.372242462437246,10.6
V4 (Brown-Resnick calibrado),p95,B816,22.466410011932602,9.3
V4 (Brown-Resnick calibrado),p95,B817,24.489422695247832,11.7
V4 (Brown-Resnick calibrado),p95,B818,24.616529251449712,12.2
V4 (Brown-Resnick calibrado),p95,B819,25.017895985740633,16.4
V4 (Brown-Resnick calibrado),p95,B820,24.938067249178328,14.9
V4 (Brown-Resnick calibrado),p95,B821,22.125682917053165,8.6
V4 (Brown-Resnick calibrado),p95,B822,22.7564858528598,12.6
V4 (Brown-Resnick calibrado),p95,B823,24.500445886919767,11.1
V4 (Brown-Resnick calibrado),p95,B825,24.804810777502183,13.5
V4 (Brown-Resnick calibrado),p95,B827,25.1473952789045,11.5
V4 (Brown-Resnick calibrado),p95,B828,23.948467284304634,14.9
V4 (Brown-Resnick calibrado),p95,B829,27.59361311629945,18.7
V4 (Brown-Resnick calibrado),p95,F501,16.39692067695568,28.89
V4 (Brown-Resnick calibrado),p99,A001,16.312232469757458,25.875
V4 (Brown-Resnick calibrado),p99,A002,15.801174423676297,22.983999999999998
V4 (Brown-Resnick calibrado),p99,A003,16.65145279109705,24.77
V4 (Brown-Resnick calibrado),p99,A004,15.964476386141179,23.781
V4 (Brown-Resnick calibrado),p99,A005,16.25295356312012,23.24
V4 (Brown-Resnick calibrado),p99,A006,17.09998627185858,17.345
V4 (Brown-Resnick calibrado),p99,A007,15.974294560514952,23.447
V4 (Brown-Resnick calibrado),p99,A008,16.456121298914354,24.08
V4 (Brown-Resnick calibrado),p99,A009,15.166359454685242,23.337
V4 (Brown-Resnick calibrado),p99,A010,15.511248916606876,24.200000000000003
V4 (Brown-Resnick calibrado),p99,A011,17.57709229851629,24.863999999999997
V4 (Brown-Resnick calibrado),p99,A012,15.807326140485797,24.367
V4 (Brown-Resnick calibrado),p99,A013,17.178975,24.022
V4 (Brown-Resnick calibrado),p99,A014,15.027744975420667,23.982
V4 (Brown-Resnick calibrado),p99,A015,14.122151569354163,24.456
V4 (Brown-Resnick calibrado),p99,A016,19.86118049585267,24.446
V4 (Brown-Resnick calibrado),p99,A017,16.249887087930365,23.446
V4 (Brown-Resnick calibrado),p99,A018,15.647393156895756,24.782
V4 (Brown-Resnick calibrado),p99,A019,15.089920060312972,24.332
V4 (Brown-Resnick calibrado),p99,A020,15.674287802863311,23.646
V4 (Brown-Resnick calibrado),p99,A021,15.919767868592567,18.538
V4 (Brown-Resnick calibrado),p99,A022,14.438527514459336,24.51
V4 (Brown-Resnick calibrado),p99,A023,16.885076852044072,24.01
V4 (Brown-Resnick calibrado),p99,A024,17.306682764533,23.784
V4 (Brown-Resnick calibrado),p99,A025,18.8136544921747,25.392
V4 (Brown-Resnick calibrado),p99,A026,18.784992694737515,24.881999999999998
V4 (Brown-Resnick calibrado),p99,A027,17.43247059905358,24.131999999999998
V4 (Brown-Resnick calibrado),p99,A028,16.440303423671153,24.716
V4 (Brown-Resnick calibrado),p99,A029,17.041214162565588,40.544
V4 (Brown-Resnick calibrado),p99,A031,15.107652199217808,29.036
V4 (Brown-Resnick calibrado),p99,A032,16.00620563053596,24.928
V4 (Brown-Resnick calibrado),p99,A033,16.076925093257675,23.5
V4 (Brown-Resnick calibrado),p99,A034,16.05046487396897,22.032
V4 (Brown-Resnick calibrado),p99,A035,17.66696522771468,24.791999999999998
V4 (Brown-Resnick calibrado),p99,A036,16.463687619434715,24.932
V4 (Brown-Resnick calibrado),p99,A037,15.757414605845028,23.62
V4 (Brown-Resnick calibrado),p99,A038,17.09813395681578,24.483
V4 (Brown-Resnick calibrado),p99,A039,16.237976692869776,24.661999999999995
V4 (Brown-Resnick calibrado),p99,A040,16.701135405750346,24.2
V4 (Brown-Resnick calibrado),p99,A041,15.148217708716881,24.774
V4 (Brown-Resnick calibrado),p99,A042,15.301465116366286,29.976
V4 (Brown-Resnick calibrado),p99,A043,15.03442564006139,19.428
V4 (Brown-Resnick calibrado),p99,A044,14.821687856695231,24.355
V4 (Brown-Resnick calibrado),p99,A045,16.154165477783245,21.749
V4 (Brown-Resnick calibrado),p99,A046,15.99932120149574,26.424000000000003
V4 (Brown-Resnick calibrado),p99,A047,15.313678670440572,23.26
V4 (Brown-Resnick calibrado),p99,A048,13.601500655235085,36.49
V4 (Brown-Resnick calibrado),p99,A049,14.502688676920755,38.167
V4 (Brown-Resnick calibrado),p99,A050,16.539897483849956,29.413999999999998
V4 (Brown-Resnick calibrado),p99,A051,15.720054211870007,21.476
V4 (Brown-Resnick calibrado),p99,A052,15.23931549712918,23.16
V4 (Brown-Resnick calibrado),p99,A053,17.516933007007324,24.82
V4 (Brown-Resnick calibrado),p99,A054,15.09845623723357,23.84
V4 (Brown-Resnick calibrado),p99,A055,15.439127081419713,28.317000000000004
V4 (Brown-Resnick calibrado),p99,A056,15.89351976964565,42.504000000000005
V4 (Brown-Resnick calibrado),p99,A101,14.78784829828871,40.575
V4 (Brown-Resnick calibrado),p99,A102,16.367815507949786,22.63
V4 (Brown-Resnick calibrado),p99,A104,16.50571165895842,23.951999999999998
V4 (Brown-Resnick calibrado),p99,A108,16.60496514366507,19.588
V4 (Brown-Resnick calibrado),p99,A109,15.356384195664415,22.267
V4 (Brown-Resnick calibrado),p99,A110,15.795383456561211,23.256
V4 (Brown-Resnick calibrado),p99,A111,15.651812604388464,20.066
V4 (Brown-Resnick calibrado),p99,A112,14.101531042793995,24.451999999999998
V4 (Brown-Resnick calibrado),p99,A113,14.230028101141086,23.685
V4 (Brown-Resnick calibrado),p99,A117,12.217442339509176,21.666
V4 (Brown-Resnick calibrado),p99,A119,16.685762438214976,23.211
V4 (Brown-Resnick calibrado),p99,A121,14.39635303879499,21.559999999999995
V4 (Brown-Resnick calibrado),p99,A122,13.887259581590476,19.455
V4 (Brown-Resnick calibrado),p99,A123,13.67629261716738,20.325
V4 (Brown-Resnick calibrado),p99,A124,13.377379963238885,17.32
V4 (Brown-Resnick calibrado),p99,A125,16.878239065523697,24.072999999999997
V4 (Brown-Resnick calibrado),p99,A126,14.275781980053146,24.099999999999998
V4 (Brown-Resnick calibrado),p99,A127,15.540341742273895,14.8
V4 (Brown-Resnick calibrado),p99,A128,14.399543265754517,20.696
V4 (Brown-Resnick calibrado),p99,A133,13.037031172931808,24.608
V4 (Brown-Resnick calibrado),p99,A134,13.191426520164288,19.372
V4 (Brown-Resnick calibrado),p99,A135,15.991774643935365,24.23
V4 (Brown-Resnick calibrado),p99,A136,16.145431867718095,19.978
V4 (Brown-Resnick calibrado),p99,A137,18.185511645712666,24.984
V4 (Brown-Resnick calibrado),p99,A138,15.552464354054944,24.07
V4 (Brown-Resnick calibrado),p99,A140,17.389072363492115,21.692
V4 (Brown-Resnick calibrado),p99,A144,16.91511989687872,23.265
V4 (Brown-Resnick calibrado),p99,A201,14.679017157953817,20.068
V4 (Brown-Resnick calibrado),p99,A202,15.453907709473476,21.156
V4 (Brown-Resnick calibrado),p99,A203,14.244568578377864,18.246
V4 (Brown-Resnick calibrado),p99,A204,14.578999999999999,24.163999999999998
V4 (Brown-Resnick calibrado),p99,A205,14.507999689113705,21.72
V4 (Brown-Resnick calibrado),p99,A206,15.526808869628269,24.476
V4 (Brown-Resnick calibrado),p99,A207,14.507236153760644,22.715000000000003
V4 (Brown-Resnick calibrado),p99,A208,16.718354258013328,18.472
V4 (Brown-Resnick calibrado),p99,A209,18.561430269939272,18.346
V4 (Brown-Resnick calibrado),p99,A210,15.418400063815941,21.555999999999997
V4 (Brown-Resnick calibrado),p99,A211,14.240579311801852,23.708000000000002
V4 (Brown-Resnick calibrado),p99,A212,14.743651120918148,24.538
V4 (Brown-Resnick calibrado),p99,A213,14.542425,19.583000000000002
V4 (Brown-Resnick calibrado),p99,A214,14.579225,22.108
V4 (Brown-Resnick calibrado),p99,A215,16.429085431157276,18.610999999999997
V4 (Brown-Resnick calibrado),p99,A216,14.692424426585287,35.519999999999996
V4 (Brown-Resnick calibrado),p99,A217,16.40666123209401,24.047
V4 (Brown-Resnick calibrado),p99,A218,17.468537883321986,19.27
V4 (Brown-Resnick calibrado),p99,A219,16.494264606113337,19.252
V4 (Brown-Resnick calibrado),p99,A220,14.390711434462279,22.552
V4 (Brown-Resnick calibrado),p99,A221,13.946652767236799,23.656
V4 (Brown-Resnick calibrado),p99,A222,15.587685734327671,24.147
V4 (Brown-Resnick calibrado),p99,A223,15.716761969078139,22.432
V4 (Brown-Resnick calibrado),p99,A224,14.42029915862576,24.598
V4 (Brown-Resnick calibrado),p99,A225,14.396125000000001,24.9
V4 (Brown-Resnick calibrado),p99,A226,17.515357352565168,24.983
V4 (Brown-Resnick calibrado),p99,A227,14.935697583064307,22.999999999999996
V4 (Brown-Resnick calibrado),p99,A228,13.611287407167143,30.88
V4 (Brown-Resnick calibrado),p99,A229,14.588592775348335,23.085
V4 (Brown-Resnick calibrado),p99,A230,16.526748744947753,24.447999999999997
V4 (Brown-Resnick calibrado),p99,A231,14.523047014498568,22.600999999999996
V4 (Brown-Resnick calibrado),p99,A232,13.235977157417395,24.255999999999997
V4 (Brown-Resnick calibrado),p99,A233,14.7899241921298,24.685
V4 (Brown-Resnick calibrado),p99,A234,15.811851498208409,23.669999999999998
V4 (Brown-Resnick calibrado),p99,A235,15.006711384274885,24.07
V4 (Brown-Resnick calibrado),p99,A236,13.281254186866654,20.231999999999996
V4 (Brown-Resnick calibrado),p99,A237,16.4145817847487,24.136
V4 (Brown-Resnick calibrado),p99,A238,14.94186284558914,22.717999999999996
V4 (Brown-Resnick calibrado),p99,A239,13.972660268430378,23.875999999999998
V4 (Brown-Resnick calibrado),p99,A240,15.434423983864203,23.22
V4 (Brown-Resnick calibrado),p99,A241,14.769665381809585,24.549
V4 (Brown-Resnick calibrado),p99,A242,15.546621561966067,18.955
V4 (Brown-Resnick calibrado),p99,A243,16.885492951014424,24.47
V4 (Brown-Resnick calibrado),p99,A244,16.770934620186722,24.676
V4 (Brown-Resnick calibrado),p99,A245,14.452210847422409,17.794
V4 (Brown-Resnick calibrado),p99,A246,13.669447787446172,22.25
V4 (Brown-Resnick calibrado),p99,A247,13.262925000000001,47.86
V4 (Brown-Resnick calibrado),p99,A248,15.916884576098372,21.646
V4 (Brown-Resnick calibrado),p99,A249,18.1207294398119,24.32
V4 (Brown-Resnick calibrado),p99,A250,14.302399151999936,23.823999999999998
V4 (Brown-Resnick calibrado),p99,A251,15.541870501387642,38.804
V4 (Brown-Resnick calibrado),p99,A252,15.418075,41.016
V4 (Brown-Resnick calibrado),p99,A253,14.08668642405485,38.21999999999999
V4 (Brown-Resnick calibrado),p99,A254,13.66328871785159,23.614
V4 (Brown-Resnick calibrado),p99,A255,16.430029399593433,38.776
V4 (Brown-Resnick calibrado),p99,A256,14.983329777065762,42.688
V4 (Brown-Resnick calibrado),p99,A301,15.47260709427117,22.296
V4 (Brown-Resnick calibrado),p99,A302,16.548682243913063,24.297
V4 (Brown-Resnick calibrado),p99,A303,14.598510454178479,24.857999999999997
V4 (Brown-Resnick calibrado),p99,A304,16.31038925109064,23.116000000000003
V4 (Brown-Resnick calibrado),p99,A305,16.48210512718142,21.90600000000001
V4 (Brown-Resnick calibrado),p99,A306,15.646267287908417,23.863999999999997
V4 (Brown-Resnick calibrado),p99,A307,18.2332,25.858999999999998
V4 (Brown-Resnick calibrado),p99,A308,16.82113239733954,23.496
V4 (Brown-Resnick calibrado),p99,A309,15.890253374548717,24.679
V4 (Brown-Resnick calibrado),p99,A310,15.202052158463811,18.552999999999997
V4 (Brown-Resnick calibrado),p99,A311,16.309179610208645,22.72
V4 (Brown-Resnick calibrado),p99,A312,14.829489465543368,22.743
V4 (Brown-Resnick calibrado),p99,A313,16.234008796012738,19.971999999999998
V4 (Brown-Resnick calibrado),p99,A314,17.174277854066098,19.161999999999995
V4 (Brown-Resnick calibrado),p99,A315,17.157792555452968,23.0
V4 (Brown-Resnick calibrado),p99,A316,16.187618745523697,24.746000000000002
V4 (Brown-Resnick calibrado),p99,A317,17.978777422045056,24.563999999999997
V4 (Brown-Resnick calibrado),p99,A318,16.605835421637842,22.148999999999997
V4 (Brown-Resnick calibrado),p99,A319,16.012949061890133,24.248
V4 (Brown-Resnick calibrado),p99,A320,15.653150946253124,23.116000000000003
V4 (Brown-Resnick calibrado),p99,A321,17.308658808283717,24.146
V4 (Brown-Resnick calibrado),p99,A322,15.167640315334388,19.338
V4 (Brown-Resnick calibrado),p99,A323,15.412797243291823,23.257999999999996
V4 (Brown-Resnick calibrado),p99,A324,16.6176,23.2
V4 (Brown-Resnick calibrado),p99,A325,15.244329167769695,23.592
V4 (Brown-Resnick calibrado),p99,A326,15.215223790099241,24.846
V4 (Brown-Resnick calibrado),p99,A327,14.603516984697393,20.902
V4 (Brown-Resnick calibrado),p99,A328,15.477407466947525,18.098
V4 (Brown-Resnick calibrado),p99,A329,17.618252729467443,23.564
V4 (Brown-Resnick calibrado),p99,A330,18.835941494668305,35.724000000000004
V4 (Brown-Resnick calibrado),p99,A331,16.91731830124575,26.732999999999993
V4 (Brown-Resnick calibrado),p99,A332,15.323586714545549,24.556
V4 (Brown-Resnick calibrado),p99,A333,17.869347454959343,22.438000000000002
V4 (Brown-Resnick calibrado),p99,A334,18.28449943540417,22.228
V4 (Brown-Resnick calibrado),p99,A335,15.483398038397798,23.264
V4 (Brown-Resnick calibrado),p99,A336,15.57444466626754,23.868
V4 (Brown-Resnick calibrado),p99,A337,15.963075,24.157999999999998
V4 (Brown-Resnick calibrado),p99,A338,14.60898580873436,24.492
V4 (Brown-Resnick calibrado),p99,A339,16.066928689925376,22.876
V4 (Brown-Resnick calibrado),p99,A340,15.741775,23.410999999999998
V4 (Brown-Resnick calibrado),p99,A341,16.006356956604293,20.483999999999998
V4 (Brown-Resnick calibrado),p99,A342,16.952772225943797,24.647
V4 (Brown-Resnick calibrado),p99,A343,16.42685,23.376999999999995
V4 (Brown-Resnick calibrado),p99,A344,17.498574625310507,22.839999999999996
V4 (Brown-Resnick calibrado),p99,A345,15.878341819139777,20.866
V4 (Brown-Resnick calibrado),p99,A346,17.028857692807414,18.221999999999994
V4 (Brown-Resnick calibrado),p99,A347,17.281692872063964,23.646
V4 (Brown-Resnick calibrado),p99,A348,16.57612042554772,23.798
V4 (Brown-Resnick calibrado),p99,A349,16.859860051699748,23.980999999999998
V4 (Brown-Resnick calibrado),p99,A350,17.795208957473015,23.708
V4 (Brown-Resnick calibrado),p99,A351,17.376684424730023,23.212999999999997
V4 (Brown-Resnick calibrado),p99,A352,16.708937822791242,19.604
V4 (Brown-Resnick calibrado),p99,A353,14.840875135986572,20.212999999999997
V4 (Brown-Resnick calibrado),p99,A354,16.55536903800411,22.983999999999998
V4 (Brown-Resnick calibrado),p99,A355,15.468203099545477,20.964
V4 (Brown-Resnick calibrado),p99,A356,13.835333523460212,16.588
V4 (Brown-Resnick calibrado),p99,A357,13.784989044310862,23.17999999999999
V4 (Brown-Resnick calibrado),p99,A358,15.525582613126844,23.956
V4 (Brown-Resnick calibrado),p99,A359,16.98981622637081,24.279999999999998
V4 (Brown-Resnick calibrado),p99,A360,17.16791096247119,19.0
V4 (Brown-Resnick calibrado),p99,A361,16.59548514346236,20.831
V4 (Brown-Resnick calibrado),p99,A362,21.858482859715068,24.540000000000003
V4 (Brown-Resnick calibrado),p99,A363,16.054055959127073,24.268
V4 (Brown-Resnick calibrado),p99,A364,16.724177427117247,23.756
V4 (Brown-Resnick calibrado),p99,A365,16.396616424857555,22.4
V4 (Brown-Resnick calibrado),p99,A366,16.4809063992173,22.375
V4 (Brown-Resnick calibrado),p99,A367,16.828688851254643,18.509
V4 (Brown-Resnick calibrado),p99,A368,17.033625,20.398
V4 (Brown-Resnick calibrado),p99,A369,16.24057651099844,18.49
V4 (Brown-Resnick calibrado),p99,A370,17.86280239987243,26.86
V4 (Brown-Resnick calibrado),p99,A371,16.46712374320778,28.459999999999997
V4 (Brown-Resnick calibrado),p99,A372,16.273465312645705,40.36
V4 (Brown-Resnick calibrado),p99,A373,16.689762609639708,21.155
V4 (Brown-Resnick calibrado),p99,A374,15.688897640915929,27.462999999999997
V4 (Brown-Resnick calibrado),p99,A375,16.552384338534587,29.642
V4 (Brown-Resnick calibrado),p99,A376,15.28064397457945,22.228
V4 (Brown-Resnick calibrado),p99,A377,15.283397742278881,46.99999999999999
V4 (Brown-Resnick calibrado),p99,A401,19.23193009738157,46.574999999999996
V4 (Brown-Resnick calibrado),p99,A402,16.283981379131966,23.634
V4 (Brown-Resnick calibrado),p99,A403,17.983062866371817,24.91
V4 (Brown-Resnick calibrado),p99,A404,15.998108883479105,24.284999999999997
V4 (Brown-Resnick calibrado),p99,A405,19.56912821990849,21.282
V4 (Brown-Resnick calibrado),p99,A406,15.218089506617586,18.434
V4 (Brown-Resnick calibrado),p99,A407,15.684962058236891,19.76
V4 (Brown-Resnick calibrado),p99,A408,15.353718036630186,23.646
V4 (Brown-Resnick calibrado),p99,A409,16.140533587399403,40.96600000000001
V4 (Brown-Resnick calibrado),p99,A410,15.922031882265017,28.743999999999996
V4 (Brown-Resnick calibrado),p99,A411,17.145635733924696,21.288
V4 (Brown-Resnick calibrado),p99,A412,16.200496741371452,24.38
V4 (Brown-Resnick calibrado),p99,A413,15.900557412382561,24.208999999999996
V4 (Brown-Resnick calibrado),p99,A414,18.302591057759777,22.98
V4 (Brown-Resnick calibrado),p99,A415,14.359169325915502,21.7
V4 (Brown-Resnick calibrado),p99,A416,15.436073223128083,24.748
V4 (Brown-Resnick calibrado),p99,A417,16.030493511590215,23.996000000000002
V4 (Brown-Resnick calibrado),p99,A418,15.922518445724275,20.546999999999997
V4 (Brown-Resnick calibrado),p99,A419,16.30469036028518,21.896
V4 (Brown-Resnick calibrado),p99,A420,15.581457787346006,24.479
V4 (Brown-Resnick calibrado),p99,A421,16.081695490334887,18.252
V4 (Brown-Resnick calibrado),p99,A422,21.163774999999998,24.663999999999998
V4 (Brown-Resnick calibrado),p99,A423,14.658497125065308,24.598
V4 (Brown-Resnick calibrado),p99,A424,18.545618008817826,22.061999999999998
V4 (Brown-Resnick calibrado),p99,A425,16.780430214625458,22.112
V4 (Brown-Resnick calibrado),p99,A426,17.837046436801394,23.432
V4 (Brown-Resnick calibrado),p99,A427,15.90268441246921,23.752
V4 (Brown-Resnick calibrado),p99,A428,16.22580226285719,23.170999999999996
V4 (Brown-Resnick calibrado),p99,A429,14.581377294245682,26.225999999999996
V4 (Brown-Resnick calibrado),p99,A430,16.889846339584537,21.436
V4 (Brown-Resnick calibrado),p99,A431,15.383843135799074,19.046999999999997
V4 (Brown-Resnick calibrado),p99,A432,15.637585027052237,24.825
V4 (Brown-Resnick calibrado),p99,A433,15.882777060877768,24.323999999999995
V4 (Brown-Resnick calibrado),p99,A434,17.505319893097674,21.087999999999994
V4 (Brown-Resnick calibrado),p99,A435,17.250107252143337,24.496000000000002
V4 (Brown-Resnick calibrado),p99,A436,15.867684234496565,24.212999999999997
V4 (Brown-Resnick calibrado),p99,A437,16.957470823992786,16.813
V4 (Brown-Resnick calibrado),p99,A438,16.930027327449697,23.715999999999998
V4 (Brown-Resnick calibrado),p99,A439,14.854605196417369,24.483
V4 (Brown-Resnick calibrado),p99,A440,16.722393536525995,23.75
V4 (Brown-Resnick calibrado),p99,A441,17.400226436437123,22.181
V4 (Brown-Resnick calibrado),p99,A442,15.381523672660474,25.0
V4 (Brown-Resnick calibrado),p99,A443,17.726099351910435,23.852
V4 (Brown-Resnick calibrado),p99,A444,15.263301476370454,19.974999999999998
V4 (Brown-Resnick calibrado),p99,A445,14.74204883060962,23.840000000000003
V4 (Brown-Resnick calibrado),p99,A446,13.987571579833102,25.75
V4 (Brown-Resnick calibrado),p99,A447,15.817693775373272,22.512
V4 (Brown-Resnick calibrado),p99,A448,17.30822276196968,20.520000000000003
V4 (Brown-Resnick calibrado),p99,A449,15.6263747262031,19.225
V4 (Brown-Resnick calibrado),p99,A450,15.502223285891528,21.455
V4 (Brown-Resnick calibrado),p99,A451,16.032781180078544,21.368000000000002
V4 (Brown-Resnick calibrado),p99,A452,15.875335202656135,20.173
V4 (Brown-Resnick calibrado),p99,A453,16.41284799421082,16.258
V4 (Brown-Resnick calibrado),p99,A454,17.507144442389524,21.228
V4 (Brown-Resnick calibrado),p99,A455,16.80780232495643,23.737000000000002
V4 (Brown-Resnick calibrado),p99,A456,18.91644076288383,17.481
V4 (Brown-Resnick calibrado),p99,A458,15.83226516808935,39.364999999999995
V4 (Brown-Resnick calibrado),p99,A501,18.28152047292735,21.552
V4 (Brown-Resnick calibrado),p99,A502,19.636180211938647,24.843
V4 (Brown-Resnick calibrado),p99,A503,17.431169602843685,25.0
V4 (Brown-Resnick calibrado),p99,A504,18.033153467602386,20.454
V4 (Brown-Resnick calibrado),p99,A505,18.70563934334003,24.793
V4 (Brown-Resnick calibrado),p99,A506,15.342209147261551,24.025
V4 (Brown-Resnick calibrado),p99,A507,19.185530850417265,22.868000000000002
V4 (Brown-Resnick calibrado),p99,A508,15.40489979730884,23.477999999999998
V4 (Brown-Resnick calibrado),p99,A509,22.833031628103186,23.737000000000002
V4 (Brown-Resnick calibrado),p99,A510,18.095925,22.6
V4 (Brown-Resnick calibrado),p99,A511,17.115443555306154,18.229
V4 (Brown-Resnick calibrado),p99,A512,20.858422656571015,32.13299999999999
V4 (Brown-Resnick calibrado),p99,A513,19.270109738475014,24.6
V4 (Brown-Resnick calibrado),p99,A514,18.613664047960313,33.81799999999999
V4 (Brown-Resnick calibrado),p99,A515,17.56691831293369,23.296
V4 (Brown-Resnick calibrado),p99,A516,18.106043323181524,24.905
V4 (Brown-Resnick calibrado),p99,A517,18.569375,24.81
V4 (Brown-Resnick calibrado),p99,A518,17.627053076772086,27.564
V4 (Brown-Resnick calibrado),p99,A519,21.51336388712585,24.743
V4 (Brown-Resnick calibrado),p99,A520,18.668665083970723,25.267
V4 (Brown-Resnick calibrado),p99,A521,18.18213479469737,24.848
V4 (Brown-Resnick calibrado),p99,A522,20.03097946586712,22.728
V4 (Brown-Resnick calibrado),p99,A523,18.164148846843453,22.2
V4 (Brown-Resnick calibrado),p99,A524,18.388548100180277,23.991
V4 (Brown-Resnick calibrado),p99,A525,18.030782834965954,23.962
V4 (Brown-Resnick calibrado),p99,A526,15.918716044884784,24.088
V4 (Brown-Resnick calibrado),p99,A527,17.78671208399994,24.162
V4 (Brown-Resnick calibrado),p99,A528,16.48307907809416,23.019999999999996
V4 (Brown-Resnick calibrado),p99,A529,19.089951933235394,24.746000000000002
V4 (Brown-Resnick calibrado),p99,A530,20.49092244605412,22.877
V4 (Brown-Resnick calibrado),p99,A531,22.585864917574874,22.343
V4 (Brown-Resnick calibrado),p99,A532,16.108111925565144,28.573999999999998
V4 (Brown-Resnick calibrado),p99,A533,18.337235204818576,24.71
V4 (Brown-Resnick calibrado),p99,A534,15.718133654855809,24.794999999999998
V4 (Brown-Resnick calibrado),p99,A535,18.399252597927948,20.681
V4 (Brown-Resnick calibrado),p99,A536,17.12022376667704,24.964
V4 (Brown-Resnick calibrado),p99,A537,18.662921359744267,23.546000000000003
V4 (Brown-Resnick calibrado),p99,A538,16.79519076773677,23.572
V4 (Brown-Resnick calibrado),p99,A539,14.865284735085764,23.291999999999998
V4 (Brown-Resnick calibrado),p99,A540,19.03092459327496,23.686000000000003
V4 (Brown-Resnick calibrado),p99,A541,20.806789093888902,24.0
V4 (Brown-Resnick calibrado),p99,A542,15.638556450944344,24.402
V4 (Brown-Resnick calibrado),p99,A543,17.72494384490269,23.48
V4 (Brown-Resnick calibrado),p99,A544,15.250412556514057,26.919999999999995
V4 (Brown-Resnick calibrado),p99,A545,17.643868642642225,21.764
V4 (Brown-Resnick calibrado),p99,A546,16.819902370578852,24.192
V4 (Brown-Resnick calibrado),p99,A547,17.307482515835275,26.194
V4 (Brown-Resnick calibrado),p99,A548,16.17398130455882,24.328
V4 (Brown-Resnick calibrado),p99,A549,16.08781704434912,24.586000000000002
V4 (Brown-Resnick calibrado),p99,A550,16.503367347824163,24.358
V4 (Brown-Resnick calibrado),p99,A551,15.330933030180304,23.502
V4 (Brown-Resnick calibrado),p99,A552,15.347637594505304,22.61
V4 (Brown-Resnick calibrado),p99,A553,16.650127977594284,24.72
V4 (Brown-Resnick calibrado),p99,A554,16.59216037536777,24.366000000000003
V4 (Brown-Resnick calibrado),p99,A555,18.735946817851637,24.683
V4 (Brown-Resnick calibrado),p99,A556,18.471091230963694,24.735
V4 (Brown-Resnick calibrado),p99,A557,18.7296,24.566
V4 (Brown-Resnick calibrado),p99,A559,15.135080544749075,19.1
V4 (Brown-Resnick calibrado),p99,A560,17.288327855379396,21.622999999999998
V4 (Brown-Resnick calibrado),p99,A561,19.20336492138414,24.32
V4 (Brown-Resnick calibrado),p99,A562,17.849497393804143,26.036
V4 (Brown-Resnick calibrado),p99,A563,15.136548299836244,21.564
V4 (Brown-Resnick calibrado),p99,A564,16.895167219026163,24.832
V4 (Brown-Resnick calibrado),p99,A565,16.242409512618863,34.374
V4 (Brown-Resnick calibrado),p99,A566,15.727124062567562,22.46
V4 (Brown-Resnick calibrado),p99,A567,17.172863077466857,45.04
V4 (Brown-Resnick calibrado),p99,A568,20.94177223660387,24.652
V4 (Brown-Resnick calibrado),p99,A569,16.48576050295695,23.782
V4 (Brown-Resnick calibrado),p99,A570,19.38683712731322,37.372
V4 (Brown-Resnick calibrado),p99,A571,16.94346369934619,27.128999999999998
V4 (Brown-Resnick calibrado),p99,A572,19.049383747972986,19.9
V4 (Brown-Resnick calibrado),p99,A601,17.76492205483614,29.05
V4 (Brown-Resnick calibrado),p99,A602,21.568609571283574,31.28
V4 (Brown-Resnick calibrado),p99,A603,18.553961420209355,27.217
V4 (Brown-Resnick calibrado),p99,A604,16.408425,20.285999999999998
V4 (Brown-Resnick calibrado),p99,A605,21.559693841153337,21.228
V4 (Brown-Resnick calibrado),p99,A606,20.930705519287393,33.178
V4 (Brown-Resnick calibrado),p99,A607,18.860650046098783,35.44499999999999
V4 (Brown-Resnick calibrado),p99,A608,19.786846174285017,32.9
V4 (Brown-Resnick calibrado),p99,A609,19.016087399837538,41.57499999999999
V4 (Brown-Resnick calibrado),p99,A610,18.21199954122247,42.315999999999995
V4 (Brown-Resnick calibrado),p99,A611,19.350467576009958,27.614999999999995
V4 (Brown-Resnick calibrado),p99,A612,19.011331356685233,23.429
V4 (Brown-Resnick calibrado),p99,A613,18.786563872316002,21.81
V4 (Brown-Resnick calibrado),p99,A614,17.84504402058538,36.908
V4 (Brown-Resnick calibrado),p99,A615,19.169642633706417,29.48399999999999
V4 (Brown-Resnick calibrado),p99,A616,20.433154873917942,21.662
V4 (Brown-Resnick calibrado),p99,A617,16.845428655316816,24.867
V4 (Brown-Resnick calibrado),p99,A618,19.05738328538333,20.7
V4 (Brown-Resnick calibrado),p99,A619,20.226358559279284,23.667
V4 (Brown-Resnick calibrado),p99,A620,21.978278715691587,22.942999999999998
V4 (Brown-Resnick calibrado),p99,A621,18.803069941180333,32.078
V4 (Brown-Resnick calibrado),p99,A622,15.906577883961269,26.825999999999997
V4 (Brown-Resnick calibrado),p99,A623,19.041343669879375,24.84
V4 (Brown-Resnick calibrado),p99,A624,20.513468635140008,24.49
V4 (Brown-Resnick calibrado),p99,A625,17.754217089846456,21.047
V4 (Brown-Resnick calibrado),p99,A626,17.2981389137978,24.048
V4 (Brown-Resnick calibrado),p99,A627,17.418575650253523,19.144
V4 (Brown-Resnick calibrado),p99,A628,18.424537315650305,29.736
V4 (Brown-Resnick calibrado),p99,A629,18.510743801340237,23.044999999999998
V4 (Brown-Resnick calibrado),p99,A630,19.789925,18.503999999999998
V4 (Brown-Resnick calibrado),p99,A631,17.917953694353358,47.192
V4 (Brown-Resnick calibrado),p99,A632,17.451525,44.11599999999999
V4 (Brown-Resnick calibrado),p99,A633,19.904282736370064,18.032
V4 (Brown-Resnick calibrado),p99,A634,18.13700412621232,20.1
V4 (Brown-Resnick calibrado),p99,A635,27.170068165314262,30.76
V4 (Brown-Resnick calibrado),p99,A636,21.65728685147356,29.224
V4 (Brown-Resnick calibrado),p99,A637,18.009064837964207,19.225
V4 (Brown-Resnick calibrado),p99,A651,21.60920802775056,19.6
V4 (Brown-Resnick calibrado),p99,A652,20.57001580516578,33.74
V4 (Brown-Resnick calibrado),p99,A653,22.167130223712768,20.9
V4 (Brown-Resnick calibrado),p99,A654,21.60192589822467,26.887999999999998
V4 (Brown-Resnick calibrado),p99,A655,21.510455205896726,16.4
V4 (Brown-Resnick calibrado),p99,A656,21.618307793726437,14.9
V4 (Brown-Resnick calibrado),p99,A657,18.722171031825464,37.78799999999999
V4 (Brown-Resnick calibrado),p99,A659,18.348035780736843,23.6
V4 (Brown-Resnick calibrado),p99,A667,18.08445097796605,26.6
V4 (Brown-Resnick calibrado),p99,A701,23.303283492630584,27.895999999999997
V4 (Brown-Resnick calibrado),p99,A702,23.01319402934726,27.799999999999994
V4 (Brown-Resnick calibrado),p99,A703,24.618561365638982,22.537000000000003
V4 (Brown-Resnick calibrado),p99,A704,22.647675484368857,25.056
V4 (Brown-Resnick calibrado),p99,A705,21.601153626109266,24.483999999999998
V4 (Brown-Resnick calibrado),p99,A706,20.686126457589037,18.881
V4 (Brown-Resnick calibrado),p99,A707,24.140525941127002,23.978
V4 (Brown-Resnick calibrado),p99,A708,19.06758183612558,22.863
V4 (Brown-Resnick calibrado),p99,A709,21.009114771540148,33.86000000000001
V4 (Brown-Resnick calibrado),p99,A710,20.63778228669675,29.896000000000004
V4 (Brown-Resnick calibrado),p99,A711,22.80724391958191,24.3
V4 (Brown-Resnick calibrado),p99,A712,19.981733547251338,24.567
V4 (Brown-Resnick calibrado),p99,A713,21.239049770467172,25.323999999999998
V4 (Brown-Resnick calibrado),p99,A714,21.26213175455819,24.642999999999997
V4 (Brown-Resnick calibrado),p99,A715,23.081318465366067,24.642999999999997
V4 (Brown-Resnick calibrado),p99,A716,21.7943819249033,34.26899999999999
V4 (Brown-Resnick calibrado),p99,A717,23.863599991712736,24.4
V4 (Brown-Resnick calibrado),p99,A718,22.847343512958766,24.648
V4 (Brown-Resnick calibrado),p99,A719,23.42888349866065,22.4
V4 (Brown-Resnick calibrado),p99,A720,20.10801555497311,24.167
V4 (Brown-Resnick calibrado),p99,A721,23.497396936140618,28.606999999999996
V4 (Brown-Resnick calibrado),p99,A722,22.908213791505908,24.162
V4 (Brown-Resnick calibrado),p99,A723,23.241201376667217,23.948
V4 (Brown-Resnick calibrado),p99,A724,22.520455588577327,37.564
V4 (Brown-Resnick calibrado),p99,A725,21.710359098861556,24.752999999999997
V4 (Brown-Resnick calibrado),p99,A726,18.76664795950573,26.256
V4 (Brown-Resnick calibrado),p99,A727,20.467621969636184,24.729
V4 (Brown-Resnick calibrado),p99,A728,20.81782292116971,24.681
V4 (Brown-Resnick calibrado),p99,A729,19.662930278105573,23.483999999999998
V4 (Brown-Resnick calibrado),p99,A730,20.740010716256272,24.391
V4 (Brown-Resnick calibrado),p99,A731,25.01951267879229,23.63
V4 (Brown-Resnick calibrado),p99,A732,20.932464657133274,25.0
V4 (Brown-Resnick calibrado),p99,A733,21.91810014092688,24.856
V4 (Brown-Resnick calibrado),p99,A734,21.754947043982266,28.240000000000002
V4 (Brown-Resnick calibrado),p99,A735,20.199544812835057,24.564
V4 (Brown-Resnick calibrado),p99,A736,20.25188317245046,24.81
V4 (Brown-Resnick calibrado),p99,A737,21.466750198964142,24.674
V4 (Brown-Resnick calibrado),p99,A738,19.187998307704067,24.394
V4 (Brown-Resnick calibrado),p99,A739,18.951825250837835,24.188
V4 (Brown-Resnick calibrado),p99,A740,21.390363090334873,27.323999999999995
V4 (Brown-Resnick calibrado),p99,A741,21.592955565837258,24.556
V4 (Brown-Resnick calibrado),p99,A742,21.315712415670177,24.783
V4 (Brown-Resnick calibrado),p99,A743,23.602671981678917,30.656
V4 (Brown-Resnick calibrado),p99,A744,22.536950985947346,41.964
V4 (Brown-Resnick calibrado),p99,A745,20.059040146792924,24.125
V4 (Brown-Resnick calibrado),p99,A746,22.698778482915376,20.25
V4 (Brown-Resnick calibrado),p99,A747,21.15781829590811,26.063999999999997
V4 (Brown-Resnick calibrado),p99,A748,19.614028275114723,22.715
V4 (Brown-Resnick calibrado),p99,A749,24.35166134434789,23.24
V4 (Brown-Resnick calibrado),p99,A750,23.813229390740126,24.386
V4 (Brown-Resnick calibrado),p99,A751,22.463721955740738,24.983
V4 (Brown-Resnick calibrado),p99,A752,23.836147512316472,24.884
V4 (Brown-Resnick calibrado),p99,A753,18.26423374633385,24.898
V4 (Brown-Resnick calibrado),p99,A754,24.13041217084799,39.13499999999998
V4 (Brown-Resnick calibrado),p99,A755,23.200198402444347,29.057
V4 (Brown-Resnick calibrado),p99,A756,24.55122224430429,24.740000000000002
V4 (Brown-Resnick calibrado),p99,A757,22.262380879706644,24.16
V4 (Brown-Resnick calibrado),p99,A758,22.48186274810087,23.886
V4 (Brown-Resnick calibrado),p99,A759,22.022126902623743,25.82
V4 (Brown-Resnick calibrado),p99,A760,19.896942801100806,24.948
V4 (Brown-Resnick calibrado),p99,A761,20.28764727481342,24.663999999999998
V4 (Brown-Resnick calibrado),p99,A762,23.144753137933233,40.346
V4 (Brown-Resnick calibrado),p99,A763,21.184785563691605,33.016
V4 (Brown-Resnick calibrado),p99,A764,22.256193904836838,24.969
V4 (Brown-Resnick calibrado),p99,A765,24.941295844029433,27.192
V4 (Brown-Resnick calibrado),p99,A766,18.265075,37.12
V4 (Brown-Resnick calibrado),p99,A767,21.159728437901222,28.323999999999998
V4 (Brown-Resnick calibrado),p99,A768,21.257185400807813,26.292
V4 (Brown-Resnick calibrado),p99,A769,17.671426980502936,27.794999999999998
V4 (Brown-Resnick calibrado),p99,A770,18.885641758781247,22.68
V4 (Brown-Resnick calibrado),p99,A771,23.707759262460367,29.325999999999997
V4 (Brown-Resnick calibrado),p99,A801,25.65911001734239,32.35
V4 (Brown-Resnick calibrado),p99,A802,26.78852466818225,31.435999999999996
V4 (Brown-Resnick calibrado),p99,A803,24.9780436708078,26.228
V4 (Brown-Resnick calibrado),p99,A804,23.623971546474618,32.036
V4 (Brown-Resnick calibrado),p99,A805,24.196743789224072,38.56799999999999
V4 (Brown-Resnick calibrado),p99,A806,23.477170654226967,33.114000000000004
V4 (Brown-Resnick calibrado),p99,A807,25.256860275186682,26.384999999999998
V4 (Brown-Resnick calibrado),p99,A808,24.082289321536845,30.246000000000002
V4 (Brown-Resnick calibrado),p99,A809,26.294689463659825,28.133999999999997
V4 (Brown-Resnick calibrado),p99,A810,24.537803422172026,36.03
V4 (Brown-Resnick calibrado),p99,A811,27.110189344114485,36.2
V4 (Brown-Resnick calibrado),p99,A814,24.449879924914192,31.484999999999985
V4 (Brown-Resnick calibrado),p99,A815,30.90817395599691,29.725999999999996
V4 (Brown-Resnick calibrado),p99,A816,25.428750260222344,37.445
V4 (Brown-Resnick calibrado),p99,A817,22.046652386644425,34.815
V4 (Brown-Resnick calibrado),p99,A818,20.40331819167134,24.747999999999998
V4 (Brown-Resnick calibrado),p99,A819,23.607965237278783,25.456000000000003
V4 (Brown-Resnick calibrado),p99,A820,21.83017075133155,34.334
V4 (Brown-Resnick calibrado),p99,A821,20.299818371552288,28.315999999999995
V4 (Brown-Resnick calibrado),p99,A822,19.96535979303509,29.032
V4 (Brown-Resnick calibrado),p99,A823,23.590590404744837,33.306999999999995
V4 (Brown-Resnick calibrado),p99,A824,22.954906793599665,31.82
V4 (Brown-Resnick calibrado),p99,A825,22.916765745766426,32.650000000000006
V4 (Brown-Resnick calibrado),p99,A826,27.629741510487108,26.142999999999997
V4 (Brown-Resnick calibrado),p99,A827,23.685726401294737,38.182
V4 (Brown-Resnick calibrado),p99,A828,22.697074999999998,33.812999999999995
V4 (Brown-Resnick calibrado),p99,A829,32.93069160254727,41.701999999999984
V4 (Brown-Resnick calibrado),p99,A830,24.041841859025403,31.838
V4 (Brown-Resnick calibrado),p99,A831,24.40414680572981,33.312000000000005
V4 (Brown-Resnick calibrado),p99,A832,24.237959641533223,30.32
V4 (Brown-Resnick calibrado),p99,A833,24.231202402255683,41.480000000000004
V4 (Brown-Resnick calibrado),p99,A834,29.947567709220436,36.192
V4 (Brown-Resnick calibrado),p99,A835,20.75832707850842,29.630999999999993
V4 (Brown-Resnick calibrado),p99,A836,25.654842402300602,34.214000000000006
V4 (Brown-Resnick calibrado),p99,A837,25.122553039294544,39.212999999999994
V4 (Brown-Resnick calibrado),p99,A839,23.78309715134571,32.734
V4 (Brown-Resnick calibrado),p99,A840,23.987439348524063,29.276999999999997
V4 (Brown-Resnick calibrado),p99,A841,23.16290006938612,30.291999999999998
V4 (Brown-Resnick calibrado),p99,A842,20.962875046705594,29.288
V4 (Brown-Resnick calibrado),p99,A843,22.630580409049188,39.76
V4 (Brown-Resnick calibrado),p99,A844,27.49124767737639,41.366
V4 (Brown-Resnick calibrado),p99,A845,30.432088274524606,41.332
V4 (Brown-Resnick calibrado),p99,A846,24.07523354014089,31.874999999999993
V4 (Brown-Resnick calibrado),p99,A847,22.505838780168997,34.63300000000001
V4 (Brown-Resnick calibrado),p99,A848,26.616962273519363,32.504
V4 (Brown-Resnick calibrado),p99,A849,21.576917189263902,32.95799999999999
V4 (Brown-Resnick calibrado),p99,A850,20.559713004737226,34.651999999999994
V4 (Brown-Resnick calibrado),p99,A851,23.372623641527174,27.782
V4 (Brown-Resnick calibrado),p99,A852,26.14538601228666,28.138
V4 (Brown-Resnick calibrado),p99,A853,24.20494771682381,42.098
V4 (Brown-Resnick calibrado),p99,A854,23.046407848291956,30.356
V4 (Brown-Resnick calibrado),p99,A855,23.871656430102288,34.804
V4 (Brown-Resnick calibrado),p99,A856,23.125310349778612,37.38899999999998
V4 (Brown-Resnick calibrado),p99,A857,24.68694375534928,35.071999999999996
V4 (Brown-Resnick calibrado),p99,A858,28.06671829019426,32.57899999999999
V4 (Brown-Resnick calibrado),p99,A859,25.284473127184036,31.116
V4 (Brown-Resnick calibrado),p99,A860,23.47559693933711,42.21199999999999
V4 (Brown-Resnick calibrado),p99,A861,24.48525843799663,30.596
V4 (Brown-Resnick calibrado),p99,A862,27.783657605652053,29.821999999999992
V4 (Brown-Resnick calibrado),p99,A863,23.316113825085928,30.845
V4 (Brown-Resnick calibrado),p99,A864,22.701063493240593,33.168
V4 (Brown-Resnick calibrado),p99,A865,24.735969827630267,24.701
V4 (Brown-Resnick calibrado),p99,A866,26.754997236154544,43.588
V4 (Brown-Resnick calibrado),p99,A867,22.429240609562413,29.346999999999998
V4 (Brown-Resnick calibrado),p99,A868,22.89376979815622,32.654999999999994
V4 (Brown-Resnick calibrado),p99,A869,21.30838544059892,27.255999999999997
V4 (Brown-Resnick calibrado),p99,A870,27.19892727926824,24.008
V4 (Brown-Resnick calibrado),p99,A871,21.310281898687755,31.349999999999994
V4 (Brown-Resnick calibrado),p99,A872,21.257004663839073,27.866
V4 (Brown-Resnick calibrado),p99,A873,22.624880963524078,33.89099999999999
V4 (Brown-Resnick calibrado),p99,A874,23.57763570293422,30.991999999999997
V4 (Brown-Resnick calibrado),p99,A875,25.41695545239135,23.546999999999997
V4 (Brown-Resnick calibrado),p99,A876,24.676930167991205,32.839999999999996
V4 (Brown-Resnick calibrado),p99,A878,32.72110381333705,40.62
V4 (Brown-Resnick calibrado),p99,A879,26.448411154710037,47.26999999999998
V4 (Brown-Resnick calibrado),p99,A880,24.160286150481998,44.732
V4 (Brown-Resnick calibrado),p99,A881,22.335216557756322,34.105
V4 (Brown-Resnick calibrado),p99,A882,23.19050297152923,33.873999999999995
V4 (Brown-Resnick calibrado),p99,A883,25.354193170511692,24.496
V4 (Brown-Resnick calibrado),p99,A884,23.54179854103924,24.939999999999998
V4 (Brown-Resnick calibrado),p99,A886,25.315472346959236,34.987
V4 (Brown-Resnick calibrado),p99,A889,28.009075500657847,25.091
V4 (Brown-Resnick calibrado),p99,A893,26.4210018010512,32.144000000000005
V4 (Brown-Resnick calibrado),p99,A894,23.780726495925315,24.5
V4 (Brown-Resnick calibrado),p99,A895,23.31247976174388,29.956
V4 (Brown-Resnick calibrado),p99,A897,30.35509670233143,29.765
V4 (Brown-Resnick calibrado),p99,A898,23.18631146174598,33.948
V4 (Brown-Resnick calibrado),p99,A901,17.85584223906906,24.293
V4 (Brown-Resnick calibrado),p99,A902,18.47002844189478,24.978
V4 (Brown-Resnick calibrado),p99,A903,18.925509416225136,21.94
V4 (Brown-Resnick calibrado),p99,A904,17.691868894770536,22.657999999999998
V4 (Brown-Resnick calibrado),p99,A905,19.10564586248487,24.474
V4 (Brown-Resnick calibrado),p99,A906,16.670555019196435,24.76
V4 (Brown-Resnick calibrado),p99,A907,17.02324964020962,24.778000000000002
V4 (Brown-Resnick calibrado),p99,A908,15.591690486269545,24.781
V4 (Brown-Resnick calibrado),p99,A909,18.774150966152725,23.706
V4 (Brown-Resnick calibrado),p99,A910,14.340109597126535,22.163999999999998
V4 (Brown-Resnick calibrado),p99,A911,17.02929708535564,39.344
V4 (Brown-Resnick calibrado),p99,A912,18.128599235842984,24.381
V4 (Brown-Resnick calibrado),p99,A913,17.464251820227997,23.11
V4 (Brown-Resnick calibrado),p99,A914,14.06016325478334,22.068
V4 (Brown-Resnick calibrado),p99,A915,16.406267360470327,24.42
V4 (Brown-Resnick calibrado),p99,A916,16.80165873240513,24.283
V4 (Brown-Resnick calibrado),p99,A917,18.246566064454385,23.858
V4 (Brown-Resnick calibrado),p99,A918,14.552696449332444,23.728
V4 (Brown-Resnick calibrado),p99,A919,14.26950167140429,24.615
V4 (Brown-Resnick calibrado),p99,A920,14.496274364339325,24.448
V4 (Brown-Resnick calibrado),p99,A921,14.936574211299572,24.612
V4 (Brown-Resnick calibrado),p99,A922,17.523574684604277,23.610999999999997
V4 (Brown-Resnick calibrado),p99,A923,18.3582332596335,45.41499999999999
V4 (Brown-Resnick calibrado),p99,A924,19.8473832123011,22.81
V4 (Brown-Resnick calibrado),p99,A925,16.06511538701855,24.983
V4 (Brown-Resnick calibrado),p99,A926,16.919964679945586,23.996
V4 (Brown-Resnick calibrado),p99,A927,15.149069991392647,22.684
V4 (Brown-Resnick calibrado),p99,A928,15.035303092203208,23.761999999999997
V4 (Brown-Resnick calibrado),p99,A929,16.097048254640292,24.784
V4 (Brown-Resnick calibrado),p99,A930,16.902522784676307,22.2
V4 (Brown-Resnick calibrado),p99,A931,17.69019912661924,24.532
V4 (Brown-Resnick calibrado),p99,A932,18.025364902248178,22.983
V4 (Brown-Resnick calibrado),p99,A933,18.950109277974697,24.38
V4 (Brown-Resnick calibrado),p99,A934,18.81932549745935,24.966
V4 (Brown-Resnick calibrado),p99,A935,17.536198280734183,22.564999999999998
V4 (Brown-Resnick calibrado),p99,A936,19.111462322657758,22.698
V4 (Brown-Resnick calibrado),p99,A937,19.59850623792395,23.983999999999998
V4 (Brown-Resnick calibrado),p99,A938,15.302409107839857,22.68
V4 (Brown-Resnick calibrado),p99,A939,16.02297204421586,24.314999999999998
V4 (Brown-Resnick calibrado),p99,A940,16.470944434900954,24.986
V4 (Brown-Resnick calibrado),p99,A941,19.774842355717972,22.219
V4 (Brown-Resnick calibrado),p99,A942,15.159318553453637,33.524
V4 (Brown-Resnick calibrado),p99,A943,15.652971510290673,27.43
V4 (Brown-Resnick calibrado),p99,A944,16.580413251241833,19.886
V4 (Brown-Resnick calibrado),p99,B803,23.27137889238721,34.516
V4 (Brown-Resnick calibrado),p99,B804,25.099684316953148,35.116
V4 (Brown-Resnick calibrado),p99,B806,26.414987381909775,23.573999999999998
V4 (Brown-Resnick calibrado),p99,B807,25.334274731948334,29.843999999999998
V4 (Brown-Resnick calibrado),p99,B808,23.670150819735863,12.8
V4 (Brown-Resnick calibrado),p99,B809,21.210889036495335,16.0
V4 (Brown-Resnick calibrado),p99,B810,22.339254701220455,15.0
V4 (Brown-Resnick calibrado),p99,B811,24.83823813094479,15.7
V4 (Brown-Resnick calibrado),p99,B812,22.403580469776127,13.1
V4 (Brown-Resnick calibrado),p99,B813,22.562019213989696,10.4
V4 (Brown-Resnick calibrado),p99,B814,21.613972862381445,10.6
V4 (Brown-Resnick calibrado),p99,B816,23.16460903456276,9.3
V4 (Brown-Resnick calibrado),p99,B817,24.76700959204474,11.7
V4 (Brown-Resnick calibrado),p99,B818,24.837447544782485,12.2
V4 (Brown-Resnick calibrado),p99,B819,25.528863708979063,16.4
V4 (Brown-Resnick calibrado),p99,B820,26.68043910157055,14.9
V4 (Brown-Resnick calibrado),p99,B821,24.17639638816556,8.6
V4 (Brown-Resnick calibrado),p99,B822,23.20186529057061,12.6
V4 (Brown-Resnick calibrado),p99,B823,25.561663150369885,11.1
V4 (Brown-Resnick calibrado),p99,B825,25.334443667067802,13.5
V4 (Brown-Resnick calibrado),p99,B827,28.021595635670536,11.5
V4 (Brown-Resnick calibrado),p99,B828,24.132825591001193,14.9
V4 (Brown-Resnick calibrado),p99,B829,28.160265479549825,18.7
V4 (Brown-Resnick calibrado),p99,F501,16.70833594981329,28.978
MSP1 (F-madograma),p95,A001,20.132414239620587,24.1
MSP1 (F-madograma),p95,A002,19.943525247621793,22.3
MSP1 (F-madograma),p95,A003,23.465150816379474,23.88
MSP1 (F-madograma),p95,A004,22.914541456791397,23.305
MSP1 (F-madograma),p95,A005,21.76090678497652,22.2
MSP1 (F-madograma),p95,A006,22.991555805189503,17.125
MSP1 (F-madograma),p95,A007,22.426240280575346,23.235
MSP1 (F-madograma),p95,A008,22.811146904583453,23.6
MSP1 (F-madograma),p95,A009,21.898396201055437,23.09
MSP1 (F-madograma),p95,A010,23.31423670188967,22.2
MSP1 (F-madograma),p95,A011,22.689884345933205,24.72
MSP1 (F-madograma),p95,A012,22.32557874639094,23.835
MSP1 (F-madograma),p95,A013,22.56223780612649,22.509999999999994
MSP1 (F-madograma),p95,A014,22.02852808605779,23.91
MSP1 (F-madograma),p95,A015,23.113965352979253,23.88
MSP1 (F-madograma),p95,A016,23.65416512806074,24.23
MSP1 (F-madograma),p95,A017,23.394039392492232,23.23
MSP1 (F-madograma),p95,A018,21.377457245939443,24.71
MSP1 (F-madograma),p95,A019,22.344052872394986,22.459999999999994
MSP1 (F-madograma),p95,A020,21.850260259199118,23.43
MSP1 (F-madograma),p95,A021,20.239000647015413,17.889999999999997
MSP1 (F-madograma),p95,A022,23.00625295976735,24.15
MSP1 (F-madograma),p95,A023,23.641690407645804,23.65
MSP1 (F-madograma),p95,A024,21.91947952763448,22.119999999999997
MSP1 (F-madograma),p95,A025,23.57602051644226,24.959999999999997
MSP1 (F-madograma),p95,A026,21.537292835583184,24.81
MSP1 (F-madograma),p95,A027,23.478050749888713,23.86
MSP1 (F-madograma),p95,A028,22.70479097129004,24.38
MSP1 (F-madograma),p95,A029,22.390851991071244,37.12
MSP1 (F-madograma),p95,A031,21.897945116257073,28.78
MSP1 (F-madograma),p95,A032,21.667052169677127,24.64
MSP1 (F-madograma),p95,A033,19.81225964457917,23.5
MSP1 (F-madograma),p95,A034,20.5267835790536,21.759999999999998
MSP1 (F-madograma),p95,A035,23.35300368946082,24.36
MSP1 (F-madograma),p95,A036,22.77546598274018,24.66
MSP1 (F-madograma),p95,A037,21.47749266554118,21.7
MSP1 (F-madograma),p95,A038,22.346781395604687,24.415
MSP1 (F-madograma),p95,A039,21.378988287040027,23.709999999999997
MSP1 (F-madograma),p95,A040,21.50464517203393,24.2
MSP1 (F-madograma),p95,A041,23.560532973414773,24.67
MSP1 (F-madograma),p95,A042,22.687348062246688,28.279999999999998
MSP1 (F-madograma),p95,A043,20.410602429552718,19.14
MSP1 (F-madograma),p95,A044,21.351514664970203,24.175
MSP1 (F-madograma),p95,A045,22.538484095720463,21.544999999999998
MSP1 (F-madograma),p95,A046,22.740231874092558,25.72
MSP1 (F-madograma),p95,A047,22.41256150828228,23.1
MSP1 (F-madograma),p95,A048,17.237749265517877,33.249999999999986
MSP1 (F-madograma),p95,A049,22.365512237799813,33.234999999999985
MSP1 (F-madograma),p95,A050,21.840912953437424,27.46999999999999
MSP1 (F-madograma),p95,A051,21.805883796204366,21.38
MSP1 (F-madograma),p95,A052,23.4674448120666,22.2
MSP1 (F-madograma),p95,A053,23.18720466367692,24.099999999999998
MSP1 (F-madograma),p95,A054,22.212658980294222,23.6
MSP1 (F-madograma),p95,A055,21.94894099474276,25.18499999999999
MSP1 (F-madograma),p95,A056,23.012497874890897,41.72
MSP1 (F-madograma),p95,A101,20.393893460887725,38.375
MSP1 (F-madograma),p95,A102,22.57718582011015,22.349999999999998
MSP1 (F-madograma),p95,A104,20.678269642732246,23.759999999999998
MSP1 (F-madograma),p95,A108,22.38400232535506,19.14
MSP1 (F-madograma),p95,A109,22.513549104865742,21.735
MSP1 (F-madograma),p95,A110,21.334124254475,22.68
MSP1 (F-madograma),p95,A111,22.03924329204167,19.93
MSP1 (F-madograma),p95,A112,22.81518289418236,24.259999999999998
MSP1 (F-madograma),p95,A113,21.18065105201122,23.625
MSP1 (F-madograma),p95,A117,20.228377644138476,21.53
MSP1 (F-madograma),p95,A119,29.81798026926987,22.055
MSP1 (F-madograma),p95,A121,17.04022491423981,20.199999999999996
MSP1 (F-madograma),p95,A122,17.97452916463517,19.275
MSP1 (F-madograma),p95,A123,16.27942162528127,18.825
MSP1 (F-madograma),p95,A124,17.02540712971172,17.0
MSP1 (F-madograma),p95,A125,29.884109281075528,21.964999999999996
MSP1 (F-madograma),p95,A126,20.310962222158565,20.5
MSP1 (F-madograma),p95,A127,20.839418999060037,14.8
MSP1 (F-madograma),p95,A128,17.630599103702117,19.48
MSP1 (F-madograma),p95,A133,21.55200281034695,23.04
MSP1 (F-madograma),p95,A134,17.684183816067343,19.259999999999998
MSP1 (F-madograma),p95,A135,17.665544594025565,23.15
MSP1 (F-madograma),p95,A136,22.383105179242694,19.89
MSP1 (F-madograma),p95,A137,22.362861640556496,24.92
MSP1 (F-madograma),p95,A138,20.15270786050933,23.95
MSP1 (F-madograma),p95,A140,21.286691347132344,20.459999999999997
MSP1 (F-madograma),p95,A144,22.098871286380987,21.525
MSP1 (F-madograma),p95,A201,20.168000237156985,19.57
MSP1 (F-madograma),p95,A202,18.50650014250218,20.839999999999996
MSP1 (F-madograma),p95,A203,18.19857930039106,17.58
MSP1 (F-madograma),p95,A204,20.048245222197774,23.619999999999997
MSP1 (F-madograma),p95,A205,22.399020031150997,20.999999999999996
MSP1 (F-madograma),p95,A206,21.01727417242448,23.58
MSP1 (F-madograma),p95,A207,19.488673134744193,20.374999999999993
MSP1 (F-madograma),p95,A208,22.341124953749116,18.36
MSP1 (F-madograma),p95,A209,19.240084159747585,17.729999999999997
MSP1 (F-madograma),p95,A210,21.830827807483008,20.979999999999997
MSP1 (F-madograma),p95,A211,16.760940772496028,21.34
MSP1 (F-madograma),p95,A212,18.715438300094014,23.889999999999997
MSP1 (F-madograma),p95,A213,22.166715644535763,19.515
MSP1 (F-madograma),p95,A214,21.890970308120203,21.34
MSP1 (F-madograma),p95,A215,21.459694510151415,17.455
MSP1 (F-madograma),p95,A216,21.290666134416046,31.999999999999993
MSP1 (F-madograma),p95,A217,16.61986026189376,23.035
MSP1 (F-madograma),p95,A218,19.762851661777177,18.75
MSP1 (F-madograma),p95,A219,16.241624371732986,19.06
MSP1 (F-madograma),p95,A220,19.247857032986918,22.36
MSP1 (F-madograma),p95,A221,21.888428416052765,21.479999999999997
MSP1 (F-madograma),p95,A222,19.37740833494998,23.534999999999997
MSP1 (F-madograma),p95,A223,21.365550270982443,22.16
MSP1 (F-madograma),p95,A224,20.27314525861115,24.19
MSP1 (F-madograma),p95,A225,22.080349353943355,24.9
MSP1 (F-madograma),p95,A226,16.72113395281137,24.915
MSP1 (F-madograma),p95,A227,18.358283923852795,20.199999999999996
MSP1 (F-madograma),p95,A228,17.725463802611028,30.4
MSP1 (F-madograma),p95,A229,22.219229552714218,23.025
MSP1 (F-madograma),p95,A230,21.021610459269844,23.439999999999998
MSP1 (F-madograma),p95,A231,16.991789753587693,21.405
MSP1 (F-madograma),p95,A232,17.121701525992457,23.679999999999996
MSP1 (F-madograma),p95,A233,21.84919556976942,24.625
MSP1 (F-madograma),p95,A234,21.55893060521257,22.75
MSP1 (F-madograma),p95,A235,21.869931096311202,23.95
MSP1 (F-madograma),p95,A236,18.64794292065889,19.56
MSP1 (F-madograma),p95,A237,21.05402707938655,23.88
MSP1 (F-madograma),p95,A238,20.429622320848303,21.99
MSP1 (F-madograma),p95,A239,19.01748426449643,23.779999999999998
MSP1 (F-madograma),p95,A240,21.734503897360884,22.499999999999996
MSP1 (F-madograma),p95,A241,21.84201498872468,24.345
MSP1 (F-madograma),p95,A242,20.273790735131897,18.775
MSP1 (F-madograma),p95,A243,21.584563008185686,23.549999999999997
MSP1 (F-madograma),p95,A244,15.602871738539177,23.779999999999998
MSP1 (F-madograma),p95,A245,16.616031113568848,17.77
MSP1 (F-madograma),p95,A246,18.752025268285767,22.05
MSP1 (F-madograma),p95,A247,21.63116547563335,45.69999999999999
MSP1 (F-madograma),p95,A248,21.44156662015074,21.029999999999998
MSP1 (F-madograma),p95,A249,21.809854196239904,23.599999999999998
MSP1 (F-madograma),p95,A250,19.17211061385,21.519999999999992
MSP1 (F-madograma),p95,A251,21.981706082197917,35.22
MSP1 (F-madograma),p95,A252,20.20368173546776,40.68
MSP1 (F-madograma),p95,A253,17.01446502835131,35.099999999999994
MSP1 (F-madograma),p95,A254,22.427398699767956,22.869999999999997
MSP1 (F-madograma),p95,A255,20.397663249761894,35.48
MSP1 (F-madograma),p95,A256,22.48415956634192,41.04
MSP1 (F-madograma),p95,A301,17.151694098807724,21.48
MSP1 (F-madograma),p95,A302,17.893055428785832,23.485
MSP1 (F-madograma),p95,A303,15.432164738115294,24.525
MSP1 (F-madograma),p95,A304,17.007572437331124,21.179999999999996
MSP1 (F-madograma),p95,A305,17.648187046166743,15.88
MSP1 (F-madograma),p95,A306,18.49899902054963,22.575000000000003
MSP1 (F-madograma),p95,A307,18.931007571101205,24.189999999999998
MSP1 (F-madograma),p95,A308,21.95996936398206,21.53
MSP1 (F-madograma),p95,A309,20.616483534161873,24.51
MSP1 (F-madograma),p95,A310,18.361720198523344,18.0
MSP1 (F-madograma),p95,A311,21.988172592391187,22.0
MSP1 (F-madograma),p95,A312,21.595473148567883,22.515
MSP1 (F-madograma),p95,A313,17.503247553584668,19.060000000000002
MSP1 (F-madograma),p95,A314,16.15629588514154,18.209999999999997
MSP1 (F-madograma),p95,A315,21.70967290904305,21.4
MSP1 (F-madograma),p95,A316,22.587479764981147,24.53
MSP1 (F-madograma),p95,A317,19.77079142439833,24.019999999999996
MSP1 (F-madograma),p95,A318,20.404160091769462,21.944999999999997
MSP1 (F-madograma),p95,A319,21.875681625171318,23.24
MSP1 (F-madograma),p95,A320,17.01972319003983,20.379999999999992
MSP1 (F-madograma),p95,A321,21.366753568662368,23.93
MSP1 (F-madograma),p95,A322,19.018367084806822,18.689999999999998
MSP1 (F-madograma),p95,A323,17.90834430434856,21.49
MSP1 (F-madograma),p95,A324,21.921966460151918,22.0
MSP1 (F-madograma),p95,A325,21.06458611937481,23.16
MSP1 (F-madograma),p95,A326,21.59491626750404,24.63
MSP1 (F-madograma),p95,A327,18.304805233579344,20.11
MSP1 (F-madograma),p95,A328,18.76999366956172,17.69
MSP1 (F-madograma),p95,A329,21.067712207199428,23.419999999999998
MSP1 (F-madograma),p95,A330,20.215217992162195,26.21999999999997
MSP1 (F-madograma),p95,A331,20.957705917750282,23.264999999999993
MSP1 (F-madograma),p95,A332,20.039683469781515,23.979999999999997
MSP1 (F-madograma),p95,A333,21.762326371378073,21.79
MSP1 (F-madograma),p95,A334,21.541552419738785,21.939999999999998
MSP1 (F-madograma),p95,A335,19.68013993854622,23.12
MSP1 (F-madograma),p95,A336,23.575452194587974,23.74
MSP1 (F-madograma),p95,A337,19.643408048317884,22.389999999999997
MSP1 (F-madograma),p95,A338,22.26905411427213,23.259999999999998
MSP1 (F-madograma),p95,A339,20.437195163921388,21.579999999999995
MSP1 (F-madograma),p95,A340,21.235998952380854,22.255
MSP1 (F-madograma),p95,A341,17.003137630942128,19.619999999999997
MSP1 (F-madograma),p95,A342,20.81884824606025,24.034999999999997
MSP1 (F-madograma),p95,A343,22.342883859947644,22.084999999999997
MSP1 (F-madograma),p95,A344,19.560481765691314,22.599999999999998
MSP1 (F-madograma),p95,A345,20.87288037468735,20.73
MSP1 (F-madograma),p95,A346,21.428360903082645,15.909999999999995
MSP1 (F-madograma),p95,A347,20.32164367346193,23.029999999999998
MSP1 (F-madograma),p95,A348,18.234283655954172,23.39
MSP1 (F-madograma),p95,A349,21.332756941079662,23.505
MSP1 (F-madograma),p95,A350,21.08592538228583,22.939999999999998
MSP1 (F-madograma),p95,A351,21.82553329857848,22.465
MSP1 (F-madograma),p95,A352,18.431984925758243,17.619999999999997
MSP1 (F-madograma),p95,A353,19.157031881169065,19.465
MSP1 (F-madograma),p95,A354,22.398328712470217,22.919999999999998
MSP1 (F-madograma),p95,A355,15.79605870676904,18.019999999999996
MSP1 (F-madograma),p95,A356,20.759440383741772,16.14
MSP1 (F-madograma),p95,A357,18.78760808229435,19.09999999999999
MSP1 (F-madograma),p95,A358,21.78119442605611,23.38
MSP1 (F-madograma),p95,A359,18.522397142388392,22.599999999999994
MSP1 (F-madograma),p95,A360,20.370426058474333,19.0
MSP1 (F-madograma),p95,A361,21.979889808732153,20.154999999999998
MSP1 (F-madograma),p95,A362,20.776019306502086,24.3
MSP1 (F-madograma),p95,A363,22.097298993572206,24.14
MSP1 (F-madograma),p95,A364,20.923685099373724,23.18
MSP1 (F-madograma),p95,A365,20.718801791700677,22.4
MSP1 (F-madograma),p95,A366,21.43250584879474,21.475
MSP1 (F-madograma),p95,A367,17.267492208653593,18.145
MSP1 (F-madograma),p95,A368,21.128804875767223,19.99
MSP1 (F-madograma),p95,A369,21.931865137014185,18.45
MSP1 (F-madograma),p95,A370,22.472402631319007,25.9
MSP1 (F-madograma),p95,A371,19.78663868922857,26.699999999999996
MSP1 (F-madograma),p95,A372,21.74896549115283,35.4
MSP1 (F-madograma),p95,A373,20.1463679339734,20.975
MSP1 (F-madograma),p95,A374,21.72103982574412,24.914999999999996
MSP1 (F-madograma),p95,A375,23.463886684371786,27.009999999999994
MSP1 (F-madograma),p95,A376,20.957707056821427,21.94
MSP1 (F-madograma),p95,A377,20.43014188594853,45.8
MSP1 (F-madograma),p95,A401,17.363566550710388,44.975
MSP1 (F-madograma),p95,A402,22.55384417977322,23.4
MSP1 (F-madograma),p95,A403,33.78713508117687,24.55
MSP1 (F-madograma),p95,A404,21.43380487566412,23.704999999999995
MSP1 (F-madograma),p95,A405,21.075148864464158,19.77
MSP1 (F-madograma),p95,A406,19.46723467340942,18.069999999999997
MSP1 (F-madograma),p95,A407,17.47285077871304,18.0
MSP1 (F-madograma),p95,A408,22.251907193636768,23.09
MSP1 (F-madograma),p95,A409,15.64458719457178,35.59999999999997
MSP1 (F-madograma),p95,A410,15.594722105775483,25.479999999999993
MSP1 (F-madograma),p95,A411,20.97767771542673,20.84
MSP1 (F-madograma),p95,A412,21.943499864049127,24.3
MSP1 (F-madograma),p95,A413,17.448246942733345,22.644999999999996
MSP1 (F-madograma),p95,A414,22.711322524977344,20.09999999999999
MSP1 (F-madograma),p95,A415,22.892210386008173,21.7
MSP1 (F-madograma),p95,A416,19.39946278344627,23.74
MSP1 (F-madograma),p95,A417,16.88174856579023,21.979999999999993
MSP1 (F-madograma),p95,A418,23.50231353542442,19.935
MSP1 (F-madograma),p95,A419,18.664856514001013,21.08
MSP1 (F-madograma),p95,A420,19.309722948103904,23.595
MSP1 (F-madograma),p95,A421,16.48100397014311,16.459999999999997
MSP1 (F-madograma),p95,A422,18.955911002951627,24.52
MSP1 (F-madograma),p95,A423,19.54070060230438,24.19
MSP1 (F-madograma),p95,A424,19.941211611000977,21.109999999999996
MSP1 (F-madograma),p95,A425,20.38923504023536,19.359999999999996
MSP1 (F-madograma),p95,A426,22.01373237444467,23.16
MSP1 (F-madograma),p95,A427,19.395074593512938,23.56
MSP1 (F-madograma),p95,A428,21.870942749145822,20.654999999999998
MSP1 (F-madograma),p95,A429,23.144488571557055,24.729999999999997
MSP1 (F-madograma),p95,A430,18.053577356516183,21.18
MSP1 (F-madograma),p95,A431,18.41432252510708,18.435
MSP1 (F-madograma),p95,A432,21.847647995055837,24.525
MSP1 (F-madograma),p95,A433,20.249084441965927,22.419999999999995
MSP1 (F-madograma),p95,A434,16.877651957171135,18.639999999999997
MSP1 (F-madograma),p95,A435,22.789616131965232,24.080000000000002
MSP1 (F-madograma),p95,A436,19.132644137084974,23.465
MSP1 (F-madograma),p95,A437,22.141401841207085,16.064999999999998
MSP1 (F-madograma),p95,A438,16.877281277591095,18.979999999999993
MSP1 (F-madograma),p95,A439,18.910737502357048,24.415
MSP1 (F-madograma),p95,A440,19.08768859604558,23.15
MSP1 (F-madograma),p95,A441,19.386120399149462,21.705000000000002
MSP1 (F-madograma),p95,A442,21.868314443128092,25.0
MSP1 (F-madograma),p95,A443,18.967538212910046,22.06
MSP1 (F-madograma),p95,A444,17.550943084856055,19.075
MSP1 (F-madograma),p95,A445,21.99384097504661,21.199999999999996
MSP1 (F-madograma),p95,A446,18.24102995801239,25.15
MSP1 (F-madograma),p95,A447,20.67870713113568,21.36
MSP1 (F-madograma),p95,A448,21.375638089499937,20.200000000000003
MSP1 (F-madograma),p95,A449,22.59233381460735,18.925
MSP1 (F-madograma),p95,A450,20.057890700733754,21.275
MSP1 (F-madograma),p95,A451,27.30977337787853,20.44
MSP1 (F-madograma),p95,A452,20.437693741434718,20.064999999999998
MSP1 (F-madograma),p95,A453,19.622032894355257,16.09
MSP1 (F-madograma),p95,A454,19.025930494933192,20.94
MSP1 (F-madograma),p95,A455,19.65052567211461,23.485
MSP1 (F-madograma),p95,A456,36.4645849175953,17.005
MSP1 (F-madograma),p95,A458,18.569671001089,36.425
MSP1 (F-madograma),p95,A501,24.316012130107545,21.36
MSP1 (F-madograma),p95,A502,26.262869909811226,24.615000000000002
MSP1 (F-madograma),p95,A503,23.32671623337907,25.0
MSP1 (F-madograma),p95,A504,21.32563946793082,20.27
MSP1 (F-madograma),p95,A505,22.828421486592678,23.995
MSP1 (F-madograma),p95,A506,20.341040649917343,22.07
MSP1 (F-madograma),p95,A507,20.805250515822344,22.4
MSP1 (F-madograma),p95,A508,21.462635881381633,22.204999999999995
MSP1 (F-madograma),p95,A509,20.04229881241058,23.455
MSP1 (F-madograma),p95,A510,23.281694310125193,21.4
MSP1 (F-madograma),p95,A511,22.09102909969777,17.545
MSP1 (F-madograma),p95,A512,23.57798042584228,25.06500000000001
MSP1 (F-madograma),p95,A513,24.027336633916747,24.6
MSP1 (F-madograma),p95,A514,23.67925921547937,27.890000000000004
MSP1 (F-madograma),p95,A515,21.11987412467405,22.080000000000002
MSP1 (F-madograma),p95,A516,20.065793364280474,24.525
MSP1 (F-madograma),p95,A517,20.361590316111773,24.05
MSP1 (F-madograma),p95,A518,23.51642111764376,27.419999999999998
MSP1 (F-madograma),p95,A519,23.388611841929496,24.515
MSP1 (F-madograma),p95,A520,23.546944265888907,24.735
MSP1 (F-madograma),p95,A521,24.266635969548474,24.24
MSP1 (F-madograma),p95,A522,22.553773271537224,22.439999999999998
MSP1 (F-madograma),p95,A523,22.933519118922376,22.2
MSP1 (F-madograma),p95,A524,24.183768130309073,23.155
MSP1 (F-madograma),p95,A525,22.989573771130154,23.810000000000002
MSP1 (F-madograma),p95,A526,20.972231996526748,21.639999999999993
MSP1 (F-madograma),p95,A527,22.17323909753134,24.01
MSP1 (F-madograma),p95,A528,22.838219866057976,21.5
MSP1 (F-madograma),p95,A529,21.440515180834637,24.53
MSP1 (F-madograma),p95,A530,21.269439023092943,21.585
MSP1 (F-madograma),p95,A531,23.92930986849863,22.115000000000002
MSP1 (F-madograma),p95,A532,23.18371874515893,28.069999999999997
MSP1 (F-madograma),p95,A533,16.59680508766358,24.35
MSP1 (F-madograma),p95,A534,25.198827799830266,24.375
MSP1 (F-madograma),p95,A535,24.09855013171031,20.205000000000002
MSP1 (F-madograma),p95,A536,21.652525355016415,24.82
MSP1 (F-madograma),p95,A537,23.201219591802154,23.330000000000002
MSP1 (F-madograma),p95,A538,22.277040994159194,22.660000000000004
MSP1 (F-madograma),p95,A539,19.654031218933284,22.86
MSP1 (F-madograma),p95,A540,22.926417312294557,22.029999999999998
MSP1 (F-madograma),p95,A541,22.70034282583076,24.0
MSP1 (F-madograma),p95,A542,22.724010190814933,23.61
MSP1 (F-madograma),p95,A543,22.103887645188024,23.0
MSP1 (F-madograma),p95,A544,22.74243742260481,24.199999999999996
MSP1 (F-madograma),p95,A545,22.40806209115222,21.62
MSP1 (F-madograma),p95,A546,22.5938287881297,23.759999999999998
MSP1 (F-madograma),p95,A547,20.432771160710974,24.969999999999995
MSP1 (F-madograma),p95,A548,22.774135262012432,24.04
MSP1 (F-madograma),p95,A549,21.133487771595014,22.929999999999996
MSP1 (F-madograma),p95,A550,21.478114797707377,22.989999999999995
MSP1 (F-madograma),p95,A551,21.44733298723088,22.709999999999997
MSP1 (F-madograma),p95,A552,21.39800717863198,22.25
MSP1 (F-madograma),p95,A553,20.434987255971265,23.999999999999996
MSP1 (F-madograma),p95,A554,16.79463543058026,23.43
MSP1 (F-madograma),p95,A555,23.669129096744,24.615000000000002
MSP1 (F-madograma),p95,A556,22.040979414539233,24.075
MSP1 (F-madograma),p95,A557,26.95475960441847,23.63
MSP1 (F-madograma),p95,A559,21.302482630043976,19.1
MSP1 (F-madograma),p95,A560,24.265313409823076,21.314999999999998
MSP1 (F-madograma),p95,A561,20.319789489557472,24.0
MSP1 (F-madograma),p95,A562,21.166508740438967,24.98
MSP1 (F-madograma),p95,A563,21.03957773838328,21.42
MSP1 (F-madograma),p95,A564,19.565421677802256,24.16
MSP1 (F-madograma),p95,A565,21.868920150062895,30.26999999999999
MSP1 (F-madograma),p95,A566,21.36332611667786,21.5
MSP1 (F-madograma),p95,A567,21.865200572824893,41.199999999999996
MSP1 (F-madograma),p95,A568,24.33651327375701,24.46
MSP1 (F-madograma),p95,A569,23.290645449484288,23.71
MSP1 (F-madograma),p95,A570,21.919548175897933,34.46
MSP1 (F-madograma),p95,A571,22.11983402604795,25.644999999999996
MSP1 (F-madograma),p95,A572,23.89055980354982,19.9
MSP1 (F-madograma),p95,A601,27.346486494558,27.025
MSP1 (F-madograma),p95,A602,27.420781658838365,28.049999999999997
MSP1 (F-madograma),p95,A603,37.10615475338513,25.525
MSP1 (F-madograma),p95,A604,27.643437729169634,19.830000000000002
MSP1 (F-madograma),p95,A605,30.785397234381946,20.94
MSP1 (F-madograma),p95,A606,26.30451425582886,30.290000000000003
MSP1 (F-madograma),p95,A607,20.76772453306376,32.025000000000006
MSP1 (F-madograma),p95,A608,27.784799162118066,32.9
MSP1 (F-madograma),p95,A609,23.878823262964403,35.87500000000001
MSP1 (F-madograma),p95,A610,23.773365257159938,39.58
MSP1 (F-madograma),p95,A611,35.626652268046314,26.475
MSP1 (F-madograma),p95,A612,20.56099951233085,22.745
MSP1 (F-madograma),p95,A613,21.14062050612192,21.449999999999996
MSP1 (F-madograma),p95,A614,20.16000082507233,26.53999999999997
MSP1 (F-madograma),p95,A615,24.34528782017187,24.620000000000005
MSP1 (F-madograma),p95,A616,23.022997324415186,21.51
MSP1 (F-madograma),p95,A617,24.341456591662475,24.335
MSP1 (F-madograma),p95,A618,36.10690131901677,20.7
MSP1 (F-madograma),p95,A619,24.259418471760632,23.135
MSP1 (F-madograma),p95,A620,28.122549424811275,21.514999999999997
MSP1 (F-madograma),p95,A621,30.116656976987606,29.989999999999995
MSP1 (F-madograma),p95,A622,22.70987780636637,25.33
MSP1 (F-madograma),p95,A623,20.342675218139487,24.6
MSP1 (F-madograma),p95,A624,20.14930546332667,23.65
MSP1 (F-madograma),p95,A625,26.85608997167323,20.435
MSP1 (F-madograma),p95,A626,25.38779615668547,23.04
MSP1 (F-madograma),p95,A627,30.510742423185288,18.919999999999998
MSP1 (F-madograma),p95,A628,22.353059905346807,25.479999999999997
MSP1 (F-madograma),p95,A629,22.10915664375587,21.224999999999998
MSP1 (F-madograma),p95,A630,19.04618229123277,17.72
MSP1 (F-madograma),p95,A631,22.993639738201633,41.559999999999995
MSP1 (F-madograma),p95,A632,23.116130482921463,35.37999999999999
MSP1 (F-madograma),p95,A633,25.97837914945662,16.56
MSP1 (F-madograma),p95,A634,21.47451706770608,19.3
MSP1 (F-madograma),p95,A635,24.03285291243868,29.8
MSP1 (F-madograma),p95,A636,28.414666364584143,26.119999999999997
MSP1 (F-madograma),p95,A637,36.79454724755627,18.925
MSP1 (F-madograma),p95,A651,30.91260528814545,19.6
MSP1 (F-madograma),p95,A652,27.47965560734914,32.3
MSP1 (F-madograma),p95,A653,31.40088418230165,20.9
MSP1 (F-madograma),p95,A654,28.03485032661808,25.639999999999997
MSP1 (F-madograma),p95,A655,28.13778557870321,16.4
MSP1 (F-madograma),p95,A656,30.87458936021892,14.9
MSP1 (F-madograma),p95,A657,20.448120690939657,28.939999999999984
MSP1 (F-madograma),p95,A659,22.12204851145023,23.6
MSP1 (F-madograma),p95,A667,21.926109890989558,25.0
MSP1 (F-madograma),p95,A701,22.213500473965325,26.680000000000003
MSP1 (F-madograma),p95,A702,26.139321523193082,25.619999999999994
MSP1 (F-madograma),p95,A703,23.670711839426605,22.29
MSP1 (F-madograma),p95,A704,25.420174377708225,24.889999999999997
MSP1 (F-madograma),p95,A705,23.130850825037765,23.519999999999996
MSP1 (F-madograma),p95,A706,24.055665006682993,18.805
MSP1 (F-madograma),p95,A707,24.160621236849106,23.83
MSP1 (F-madograma),p95,A708,23.619440490767253,21.354999999999997
MSP1 (F-madograma),p95,A709,26.59977165597216,24.9
MSP1 (F-madograma),p95,A710,23.60210845798327,24.279999999999983
MSP1 (F-madograma),p95,A711,24.657908905123104,24.3
MSP1 (F-madograma),p95,A712,22.014397889253985,24.035
MSP1 (F-madograma),p95,A713,24.07407405179836,25.02
MSP1 (F-madograma),p95,A714,23.987800604153236,24.415
MSP1 (F-madograma),p95,A715,24.23323304911441,24.415
MSP1 (F-madograma),p95,A716,24.21561943548132,31.34499999999999
MSP1 (F-madograma),p95,A717,24.098594306501596,24.4
MSP1 (F-madograma),p95,A718,22.95179225033863,24.04
MSP1 (F-madograma),p95,A719,22.547081552880208,22.4
MSP1 (F-madograma),p95,A720,23.99590256537685,23.635
MSP1 (F-madograma),p95,A721,27.050166360712687,25.035000000000004
MSP1 (F-madograma),p95,A722,21.786319897767385,24.01
MSP1 (F-madograma),p95,A723,22.728204108377753,23.34
MSP1 (F-madograma),p95,A724,23.50079310678726,26.61999999999997
MSP1 (F-madograma),p95,A725,22.973624450729055,23.765
MSP1 (F-madograma),p95,A726,24.174502713854384,25.68
MSP1 (F-madograma),p95,A727,23.443037851543522,24.045
MSP1 (F-madograma),p95,A728,24.66064534528353,24.605
MSP1 (F-madograma),p95,A729,23.63229831308049,23.419999999999998
MSP1 (F-madograma),p95,A730,23.51115513854863,23.555
MSP1 (F-madograma),p95,A731,26.914639114939725,22.55
MSP1 (F-madograma),p95,A732,22.41651108058999,25.0
MSP1 (F-madograma),p95,A733,22.623218030926424,24.279999999999998
MSP1 (F-madograma),p95,A734,23.450649060370875,26.799999999999997
MSP1 (F-madograma),p95,A735,23.094107465526605,24.419999999999998
MSP1 (F-madograma),p95,A736,18.771844617646906,24.449999999999996
MSP1 (F-madograma),p95,A737,22.48555590779963,24.169999999999998
MSP1 (F-madograma),p95,A738,21.750862835065412,23.169999999999995
MSP1 (F-madograma),p95,A739,21.76483685390486,22.139999999999997
MSP1 (F-madograma),p95,A740,24.117234365335094,25.419999999999995
MSP1 (F-madograma),p95,A741,22.587187855246842,23.98
MSP1 (F-madograma),p95,A742,22.755466665642142,24.715
MSP1 (F-madograma),p95,A743,24.06163324431824,30.08
MSP1 (F-madograma),p95,A744,22.497974683706666,40.62
MSP1 (F-madograma),p95,A745,25.149982557650183,23.825
MSP1 (F-madograma),p95,A746,25.785809302188273,19.65
MSP1 (F-madograma),p95,A747,23.206858019096767,25.519999999999996
MSP1 (F-madograma),p95,A748,23.430086547953017,21.575000000000003
MSP1 (F-madograma),p95,A749,23.626762614536105,22.599999999999998
MSP1 (F-madograma),p95,A750,22.372614867113455,24.33
MSP1 (F-madograma),p95,A751,24.18802860170244,24.915
MSP1 (F-madograma),p95,A752,29.458246267366547,24.82
MSP1 (F-madograma),p95,A753,20.2995478976096,24.49
MSP1 (F-madograma),p95,A754,24.495157202345258,29.27499999999998
MSP1 (F-madograma),p95,A755,25.68065220088198,28.485
MSP1 (F-madograma),p95,A756,23.33940654169146,24.5
MSP1 (F-madograma),p95,A757,23.049333258972165,24.0
MSP1 (F-madograma),p95,A758,23.01894865263293,23.83
MSP1 (F-madograma),p95,A759,28.077073299473128,25.099999999999998
MSP1 (F-madograma),p95,A760,22.747748413654968,24.740000000000002
MSP1 (F-madograma),p95,A761,22.80018353118301,24.52
MSP1 (F-madograma),p95,A762,25.63564270543399,36.52999999999999
MSP1 (F-madograma),p95,A763,23.092469660857837,29.879999999999995
MSP1 (F-madograma),p95,A764,23.625397328901155,22.844999999999995
MSP1 (F-madograma),p95,A765,25.232074570390665,27.16
MSP1 (F-madograma),p95,A766,23.1916917142914,31.999999999999993
MSP1 (F-madograma),p95,A767,24.294164524596184,28.02
MSP1 (F-madograma),p95,A768,24.068572925589898,26.26
MSP1 (F-madograma),p95,A769,23.989982183341663,27.374999999999996
MSP1 (F-madograma),p95,A770,24.754523211823017,22.2
MSP1 (F-madograma),p95,A771,25.673559915306214,27.029999999999994
MSP1 (F-madograma),p95,A801,35.300851595960644,28.775
MSP1 (F-madograma),p95,A802,28.738301483721745,30.48
MSP1 (F-madograma),p95,A803,27.407142500993626,25.88
MSP1 (F-madograma),p95,A804,28.638604973597214,31.09
MSP1 (F-madograma),p95,A805,29.231955093713722,35.059999999999995
MSP1 (F-madograma),p95,A806,24.16302510568905,27.939999999999994
MSP1 (F-madograma),p95,A807,26.28514766726386,25.169999999999998
MSP1 (F-madograma),p95,A808,27.469389627800545,26.42999999999999
MSP1 (F-madograma),p95,A809,29.521614763933105,27.07
MSP1 (F-madograma),p95,A810,30.24951509681657,33.75
MSP1 (F-madograma),p95,A811,28.477030163860704,32.599999999999994
MSP1 (F-madograma),p95,A814,27.516009852084174,25.024999999999988
MSP1 (F-madograma),p95,A815,39.663226032823935,28.229999999999997
MSP1 (F-madograma),p95,A816,27.875737328755676,36.425
MSP1 (F-madograma),p95,A817,24.60043397245942,33.675000000000004
MSP1 (F-madograma),p95,A818,27.07450230434828,24.14
MSP1 (F-madograma),p95,A819,22.85645341815169,24.88
MSP1 (F-madograma),p95,A820,27.874136737318594,33.27
MSP1 (F-madograma),p95,A821,26.357053456364763,25.580000000000002
MSP1 (F-madograma),p95,A822,27.774616260011904,28.36
MSP1 (F-madograma),p95,A823,22.98151452880756,29.735000000000003
MSP1 (F-madograma),p95,A824,24.331519963503254,31.1
MSP1 (F-madograma),p95,A825,23.76255753372194,30.849999999999994
MSP1 (F-madograma),p95,A826,31.96410634212313,25.915
MSP1 (F-madograma),p95,A827,28.753497810460804,30.90999999999998
MSP1 (F-madograma),p95,A828,29.837304488218958,28.265000000000004
MSP1 (F-madograma),p95,A829,27.505812672532223,30.91000000000001
MSP1 (F-madograma),p95,A830,26.168314604894313,31.189999999999998
MSP1 (F-madograma),p95,A831,25.76655529962401,32.16
MSP1 (F-madograma),p95,A832,28.645426185841757,29.599999999999998
MSP1 (F-madograma),p95,A833,24.06774732099851,37.0
MSP1 (F-madograma),p95,A834,24.641826117320306,33.76
MSP1 (F-madograma),p95,A835,28.34425325033897,25.755000000000003
MSP1 (F-madograma),p95,A836,28.180177698222828,32.269999999999996
MSP1 (F-madograma),p95,A837,29.742897472055695,38.464999999999996
MSP1 (F-madograma),p95,A839,25.5636694291528,31.67
MSP1 (F-madograma),p95,A840,35.59504162150866,27.985
MSP1 (F-madograma),p95,A841,25.670234466104095,29.86
MSP1 (F-madograma),p95,A842,26.082557962200255,27.24
MSP1 (F-madograma),p95,A843,31.1585397290523,37.599999999999994
MSP1 (F-madograma),p95,A844,34.88351409367429,36.82999999999999
MSP1 (F-madograma),p95,A845,27.566731127738958,41.06
MSP1 (F-madograma),p95,A846,31.02778813967574,30.174999999999997
MSP1 (F-madograma),p95,A847,26.174314362499032,30.364999999999995
MSP1 (F-madograma),p95,A848,27.84183657576033,32.12
MSP1 (F-madograma),p95,A849,28.459030521710734,31.189999999999998
MSP1 (F-madograma),p95,A850,28.595945131265292,31.659999999999993
MSP1 (F-madograma),p95,A851,25.88121208455872,27.71
MSP1 (F-madograma),p95,A852,28.343156317104665,27.49
MSP1 (F-madograma),p95,A853,28.671661553870223,39.28999999999999
MSP1 (F-madograma),p95,A854,29.012703110879563,26.17999999999999
MSP1 (F-madograma),p95,A855,28.51263641167093,33.22
MSP1 (F-madograma),p95,A856,30.816561268327984,31.744999999999987
MSP1 (F-madograma),p95,A857,28.657009916659387,31.359999999999996
MSP1 (F-madograma),p95,A858,27.72491955557678,31.694999999999997
MSP1 (F-madograma),p95,A859,23.533246117702937,27.979999999999997
MSP1 (F-madograma),p95,A860,27.640266072962277,37.85999999999999
MSP1 (F-madograma),p95,A861,32.84974203583393,29.78
MSP1 (F-madograma),p95,A862,30.27906971511703,27.509999999999994
MSP1 (F-madograma),p95,A863,30.521684443337676,29.825
MSP1 (F-madograma),p95,A864,25.337714802951737,31.439999999999998
MSP1 (F-madograma),p95,A865,32.752647670884414,24.305
MSP1 (F-madograma),p95,A866,23.809458091995186,38.339999999999996
MSP1 (F-madograma),p95,A867,23.834487724284394,28.735
MSP1 (F-madograma),p95,A868,30.90479237058635,27.675
MSP1 (F-madograma),p95,A869,29.32131834441425,25.08
MSP1 (F-madograma),p95,A870,25.065348233098394,23.24
MSP1 (F-madograma),p95,A871,24.401538429801974,27.949999999999992
MSP1 (F-madograma),p95,A872,26.086638222798392,26.93
MSP1 (F-madograma),p95,A873,24.22091737260859,28.65499999999999
MSP1 (F-madograma),p95,A874,29.3706065392006,24.15999999999999
MSP1 (F-madograma),p95,A875,25.788316767740476,22.935
MSP1 (F-madograma),p95,A876,34.1111609293787,30.599999999999994
MSP1 (F-madograma),p95,A878,24.94199134139622,38.7
MSP1 (F-madograma),p95,A879,26.787331867302136,41.149999999999984
MSP1 (F-madograma),p95,A880,30.74704347827665,44.46
MSP1 (F-madograma),p95,A881,28.024938140422943,30.925
MSP1 (F-madograma),p95,A882,27.032402100641516,28.569999999999997
MSP1 (F-madograma),p95,A883,35.122662790184926,23.679999999999996
MSP1 (F-madograma),p95,A884,36.67938567472618,24.7
MSP1 (F-madograma),p95,A886,35.09409693420245,32.934999999999995
MSP1 (F-madograma),p95,A889,32.5694393150872,25.055
MSP1 (F-madograma),p95,A893,28.65624953949977,31.92
MSP1 (F-madograma),p95,A894,26.871987851746518,24.5
MSP1 (F-madograma),p95,A895,29.077719087920848,29.38
MSP1 (F-madograma),p95,A897,29.017924504109324,29.224999999999998
MSP1 (F-madograma),p95,A898,28.762492700516013,32.94
MSP1 (F-madograma),p95,A901,23.412046002486015,23.525
MSP1 (F-madograma),p95,A902,21.098611455319272,24.889999999999997
MSP1 (F-madograma),p95,A903,21.776804400379294,21.7
MSP1 (F-madograma),p95,A904,21.24355294300495,22.445
MSP1 (F-madograma),p95,A905,23.806397356329686,23.96
MSP1 (F-madograma),p95,A906,21.47121130261728,24.6
MSP1 (F-madograma),p95,A907,22.645829422861887,24.639999999999997
MSP1 (F-madograma),p95,A908,20.76434405366345,24.705
MSP1 (F-madograma),p95,A909,23.644547291212795,22.529999999999998
MSP1 (F-madograma),p95,A910,21.912844740183402,22.02
MSP1 (F-madograma),p95,A911,21.520312483703073,36.72
MSP1 (F-madograma),p95,A912,21.574162354119004,24.305
MSP1 (F-madograma),p95,A913,20.855160754051727,22.75
MSP1 (F-madograma),p95,A914,21.61563256381568,21.939999999999998
MSP1 (F-madograma),p95,A915,23.09259942208017,24.1
MSP1 (F-madograma),p95,A916,20.810467092958813,24.215
MSP1 (F-madograma),p95,A917,20.984458234620583,22.489999999999995
MSP1 (F-madograma),p95,A918,22.064403791580915,23.44
MSP1 (F-madograma),p95,A919,20.420899613836664,24.275
MSP1 (F-madograma),p95,A920,19.93600975773542,23.84
MSP1 (F-madograma),p95,A921,21.923138207122726,23.46
MSP1 (F-madograma),p95,A922,21.11143764898275,22.455
MSP1 (F-madograma),p95,A923,23.43970021194417,41.07499999999999
MSP1 (F-madograma),p95,A924,21.823306267622733,22.45
MSP1 (F-madograma),p95,A925,22.78872954539335,24.915
MSP1 (F-madograma),p95,A926,21.13069116042577,22.779999999999998
MSP1 (F-madograma),p95,A927,21.42758255171266,22.62
MSP1 (F-madograma),p95,A928,20.613524326448754,22.81
MSP1 (F-madograma),p95,A929,22.52861489902272,24.72
MSP1 (F-madograma),p95,A930,21.858042512738088,22.2
MSP1 (F-madograma),p95,A931,22.863706606243888,24.259999999999998
MSP1 (F-madograma),p95,A932,23.650782549097688,22.915
MSP1 (F-madograma),p95,A933,23.695993902033656,23.9
MSP1 (F-madograma),p95,A934,21.603997951121734,24.830000000000002
MSP1 (F-madograma),p95,A935,23.901976813321628,22.025
MSP1 (F-madograma),p95,A936,23.852465612053848,22.29
MSP1 (F-madograma),p95,A937,21.372670039926707,22.319999999999997
MSP1 (F-madograma),p95,A938,21.233457241256747,22.2
MSP1 (F-madograma),p95,A939,20.48165747005784,23.974999999999998
MSP1 (F-madograma),p95,A940,22.818870684065278,24.93
MSP1 (F-madograma),p95,A941,21.036567084651598,21.895
MSP1 (F-madograma),p95,A942,21.839056417572092,32.82
MSP1 (F-madograma),p95,A943,22.306732111997047,26.35
MSP1 (F-madograma),p95,A944,21.564894353753903,19.43
MSP1 (F-madograma),p95,B803,28.70228087496597,32.98
MSP1 (F-madograma),p95,B804,34.25489740277942,34.379999999999995
MSP1 (F-madograma),p95,B806,24.578445104110788,23.069999999999997
MSP1 (F-madograma),p95,B807,27.243884977230948,29.22
MSP1 (F-madograma),p95,B808,27.37340500684396,12.8
MSP1 (F-madograma),p95,B809,26.745160046950012,16.0
MSP1 (F-madograma),p95,B810,26.154639696236387,15.0
MSP1 (F-madograma),p95,B811,25.775940286145715,15.7
MSP1 (F-madograma),p95,B812,26.24115973284902,13.1
MSP1 (F-madograma),p95,B813,25.51612243287164,10.4
MSP1 (F-madograma),p95,B814,26.317855731167075,10.6
MSP1 (F-madograma),p95,B816,37.68785931046521,9.3
MSP1 (F-madograma),p95,B817,36.399193563222155,11.7
MSP1 (F-madograma),p95,B818,27.11981019926447,12.2
MSP1 (F-madograma),p95,B819,36.82088206903151,16.4
MSP1 (F-madograma),p95,B820,37.363017582282424,14.9
MSP1 (F-madograma),p95,B821,28.962170161516873,8.6
MSP1 (F-madograma),p95,B822,24.766517862755855,12.6
MSP1 (F-madograma),p95,B823,28.090931642797823,11.1
MSP1 (F-madograma),p95,B825,27.243862294671178,13.5
MSP1 (F-madograma),p95,B827,29.872939496936645,11.5
MSP1 (F-madograma),p95,B828,28.164414808172594,14.9
MSP1 (F-madograma),p95,B829,29.63288234126151,18.7
MSP1 (F-madograma),p95,F501,24.362568867837165,28.89
MSP1 (F-madograma),p99,A001,20.300135841425796,25.875
MSP1 (F-madograma),p99,A002,21.60198194055633,22.983999999999998
MSP1 (F-madograma),p99,A003,23.885470889019125,24.77
MSP1 (F-madograma),p99,A004,23.302686734258053,23.781
MSP1 (F-madograma),p99,A005,22.265162928639867,23.24
MSP1 (F-madograma),p99,A006,23.588976243269745,17.345
MSP1 (F-madograma),p99,A007,22.48531056872717,23.447
MSP1 (F-madograma),p99,A008,24.553845631762993,24.08
MSP1 (F-madograma),p99,A009,22.19838862723806,23.337
MSP1 (F-madograma),p99,A010,23.3974489843052,24.200000000000003
MSP1 (F-madograma),p99,A011,27.528312244479096,24.863999999999997
MSP1 (F-madograma),p99,A012,24.014607797801244,24.367
MSP1 (F-madograma),p99,A013,23.0413389142631,24.022
MSP1 (F-madograma),p99,A014,22.28469170738152,23.982
MSP1 (F-madograma),p99,A015,23.513222209601068,24.456
MSP1 (F-madograma),p99,A016,24.162187526860926,24.446
MSP1 (F-madograma),p99,A017,23.734744246071504,23.446
MSP1 (F-madograma),p99,A018,23.40285439356028,24.782
MSP1 (F-madograma),p99,A019,23.285618909311268,24.332
MSP1 (F-madograma),p99,A020,22.037609422211837,23.646
MSP1 (F-madograma),p99,A021,20.980633499315953,18.538
MSP1 (F-madograma),p99,A022,23.605506152154682,24.51
MSP1 (F-madograma),p99,A023,23.73582846294275,24.01
MSP1 (F-madograma),p99,A024,22.440272407974945,23.784
MSP1 (F-madograma),p99,A025,23.85347557781811,25.392
MSP1 (F-madograma),p99,A026,22.69711924546883,24.881999999999998
MSP1 (F-madograma),p99,A027,23.9831323467812,24.131999999999998
MSP1 (F-madograma),p99,A028,23.181318521375545,24.716
MSP1 (F-madograma),p99,A029,22.661867331846704,40.544
MSP1 (F-madograma),p99,A031,22.76797886640319,29.036
MSP1 (F-madograma),p99,A032,21.851840780871775,24.928
MSP1 (F-madograma),p99,A033,21.431134768959435,23.5
MSP1 (F-madograma),p99,A034,20.874395745549563,22.032
MSP1 (F-madograma),p99,A035,28.350120951512206,24.791999999999998
MSP1 (F-madograma),p99,A036,23.39317772129692,24.932
MSP1 (F-madograma),p99,A037,22.301776475247458,23.62
MSP1 (F-madograma),p99,A038,23.047202547572944,24.483
MSP1 (F-madograma),p99,A039,23.404614070152718,24.661999999999995
MSP1 (F-madograma),p99,A040,22.105735272797506,24.2
MSP1 (F-madograma),p99,A041,23.61950694685943,24.774
MSP1 (F-madograma),p99,A042,24.419113149409636,29.976
MSP1 (F-madograma),p99,A043,20.779355436325396,19.428
MSP1 (F-madograma),p99,A044,21.351514664970203,24.355
MSP1 (F-madograma),p99,A045,24.25461041555898,21.749
MSP1 (F-madograma),p99,A046,24.47684575971546,26.424000000000003
MSP1 (F-madograma),p99,A047,24.11327110205995,23.26
MSP1 (F-madograma),p99,A048,17.709518970499467,36.49
MSP1 (F-madograma),p99,A049,22.563278919161732,38.167
MSP1 (F-madograma),p99,A050,22.02712187278413,29.413999999999998
MSP1 (F-madograma),p99,A051,21.987744271891213,21.476
MSP1 (F-madograma),p99,A052,23.55130912749332,23.16
MSP1 (F-madograma),p99,A053,23.236031202796823,24.82
MSP1 (F-madograma),p99,A054,23.137455596002905,23.84
MSP1 (F-madograma),p99,A055,22.82926208180254,28.317000000000004
MSP1 (F-madograma),p99,A056,23.625781823182194,42.504000000000005
MSP1 (F-madograma),p99,A101,22.51509358493262,40.575
MSP1 (F-madograma),p99,A102,22.64505839980338,22.63
MSP1 (F-madograma),p99,A104,21.28783899935496,23.951999999999998
MSP1 (F-madograma),p99,A108,22.438318153727877,19.588
MSP1 (F-madograma),p99,A109,22.577178237174273,22.267
MSP1 (F-madograma),p99,A110,21.51051983387565,23.256
MSP1 (F-madograma),p99,A111,22.213976941054415,20.066
MSP1 (F-madograma),p99,A112,22.852425537871497,24.451999999999998
MSP1 (F-madograma),p99,A113,21.40062159360274,23.685
MSP1 (F-madograma),p99,A117,21.016141299510195,21.666
MSP1 (F-madograma),p99,A119,31.394897678091624,23.211
MSP1 (F-madograma),p99,A121,17.14712546572296,21.559999999999995
MSP1 (F-madograma),p99,A122,18.903450409505783,19.455
MSP1 (F-madograma),p99,A123,16.626076375495586,20.325
MSP1 (F-madograma),p99,A124,17.131476492593144,17.32
MSP1 (F-madograma),p99,A125,31.467409283818203,24.072999999999997
MSP1 (F-madograma),p99,A126,22.414618049014354,24.099999999999998
MSP1 (F-madograma),p99,A127,21.8910599111135,14.8
MSP1 (F-madograma),p99,A128,19.909188444373118,20.696
MSP1 (F-madograma),p99,A133,21.62483593916873,24.608
MSP1 (F-madograma),p99,A134,18.743009217060866,19.372
MSP1 (F-madograma),p99,A135,18.707505940714984,24.23
MSP1 (F-madograma),p99,A136,22.437350403536577,19.978
MSP1 (F-madograma),p99,A137,22.415709997519883,24.984
MSP1 (F-madograma),p99,A138,20.44444470996206,24.07
MSP1 (F-madograma),p99,A140,21.46161093638736,21.692
MSP1 (F-madograma),p99,A144,22.174817343035357,23.265
MSP1 (F-madograma),p99,A201,20.52749087587135,20.068
MSP1 (F-madograma),p99,A202,18.995328512336357,21.156
MSP1 (F-madograma),p99,A203,18.371737211645453,18.246
MSP1 (F-madograma),p99,A204,20.740471183027033,24.163999999999998
MSP1 (F-madograma),p99,A205,22.70277167930997,21.72
MSP1 (F-madograma),p99,A206,21.20729487537854,24.476
MSP1 (F-madograma),p99,A207,21.646226999812356,22.715000000000003
MSP1 (F-madograma),p99,A208,22.53821641647986,18.472
MSP1 (F-madograma),p99,A209,20.833647072610365,18.346
MSP1 (F-madograma),p99,A210,21.94297642343273,21.555999999999997
MSP1 (F-madograma),p99,A211,17.445921335321458,23.708000000000002
MSP1 (F-madograma),p99,A212,18.768510817631274,24.538
MSP1 (F-madograma),p99,A213,22.955987964734444,19.583000000000002
MSP1 (F-madograma),p99,A214,22.04487726687156,22.108
MSP1 (F-madograma),p99,A215,21.50263655347827,18.610999999999997
MSP1 (F-madograma),p99,A216,22.041066121332975,35.519999999999996
MSP1 (F-madograma),p99,A217,17.289243247042904,24.047
MSP1 (F-madograma),p99,A218,21.51012957454944,19.27
MSP1 (F-madograma),p99,A219,16.868707376716536,19.252
MSP1 (F-madograma),p99,A220,21.325649651986765,22.552
MSP1 (F-madograma),p99,A221,22.61341259097308,23.656
MSP1 (F-madograma),p99,A222,21.50100374691915,24.147
MSP1 (F-madograma),p99,A223,21.959837598292747,22.432
MSP1 (F-madograma),p99,A224,21.020677624781808,24.598
MSP1 (F-madograma),p99,A225,22.239106315333593,24.9
MSP1 (F-madograma),p99,A226,17.820423474263382,24.983
MSP1 (F-madograma),p99,A227,18.83745160220769,22.999999999999996
MSP1 (F-madograma),p99,A228,18.13094271849169,30.88
MSP1 (F-madograma),p99,A229,22.33574315895756,23.085
MSP1 (F-madograma),p99,A230,21.119111186504504,24.447999999999997
MSP1 (F-madograma),p99,A231,18.644988374495007,22.600999999999996
MSP1 (F-madograma),p99,A232,18.821107660554112,24.255999999999997
MSP1 (F-madograma),p99,A233,22.03117911297909,24.685
MSP1 (F-madograma),p99,A234,22.401839020906486,23.669999999999998
MSP1 (F-madograma),p99,A235,21.94498414557266,24.07
MSP1 (F-madograma),p99,A236,18.697894068444754,20.231999999999996
MSP1 (F-madograma),p99,A237,21.279240540545324,24.136
MSP1 (F-madograma),p99,A238,20.429622320848303,22.717999999999996
MSP1 (F-madograma),p99,A239,20.43993369058099,23.875999999999998
MSP1 (F-madograma),p99,A240,21.884204666971023,23.22
MSP1 (F-madograma),p99,A241,22.142424679559202,24.549
MSP1 (F-madograma),p99,A242,21.113490964822343,18.955
MSP1 (F-madograma),p99,A243,22.591549455649314,24.47
MSP1 (F-madograma),p99,A244,15.68918111225918,24.676
MSP1 (F-madograma),p99,A245,17.270692352190867,17.794
MSP1 (F-madograma),p99,A246,19.942691395487,22.25
MSP1 (F-madograma),p99,A247,22.49601049339006,47.86
MSP1 (F-madograma),p99,A248,21.484424037812442,21.646
MSP1 (F-madograma),p99,A249,22.824981016132753,24.32
MSP1 (F-madograma),p99,A250,20.71604184667451,23.823999999999998
MSP1 (F-madograma),p99,A251,22.999221237758988,38.804
MSP1 (F-madograma),p99,A252,20.85138352382894,41.016
MSP1 (F-madograma),p99,A253,17.720906359519052,38.21999999999999
MSP1 (F-madograma),p99,A254,22.626661734011407,23.614
MSP1 (F-madograma),p99,A255,20.595740814913675,38.776
MSP1 (F-madograma),p99,A256,22.68468924764852,42.688
MSP1 (F-madograma),p99,A301,17.47326377256547,22.296
MSP1 (F-madograma),p99,A302,18.526960712578926,24.297
MSP1 (F-madograma),p99,A303,15.828251531427549,24.857999999999997
MSP1 (F-madograma),p99,A304,18.833705086161938,23.116000000000003
MSP1 (F-madograma),p99,A305,18.348433754501695,21.90600000000001
MSP1 (F-madograma),p99,A306,18.49899902054963,23.863999999999997
MSP1 (F-madograma),p99,A307,20.79623130135327,25.858999999999998
MSP1 (F-madograma),p99,A308,22.133265946802656,23.496
MSP1 (F-madograma),p99,A309,20.871572640973664,24.679
MSP1 (F-madograma),p99,A310,19.32395875511867,18.552999999999997
MSP1 (F-madograma),p99,A311,22.072505932717995,22.72
MSP1 (F-madograma),p99,A312,21.808734018078017,22.743
MSP1 (F-madograma),p99,A313,18.1318007870345,19.971999999999998
MSP1 (F-madograma),p99,A314,20.52700327864331,19.161999999999995
MSP1 (F-madograma),p99,A315,22.745620956050217,23.0
MSP1 (F-madograma),p99,A316,22.819940261722262,24.746000000000002
MSP1 (F-madograma),p99,A317,19.94344030416644,24.563999999999997
MSP1 (F-madograma),p99,A318,21.504854127160936,22.148999999999997
MSP1 (F-madograma),p99,A319,22.3653774724631,24.248
MSP1 (F-madograma),p99,A320,18.85772520246174,23.116000000000003
MSP1 (F-madograma),p99,A321,21.49292227340771,24.146
MSP1 (F-madograma),p99,A322,19.849239709105984,19.338
MSP1 (F-madograma),p99,A323,18.559813644919657,23.257999999999996
MSP1 (F-madograma),p99,A324,22.460524132949423,23.2
MSP1 (F-madograma),p99,A325,21.406520145679423,23.592
MSP1 (F-madograma),p99,A326,21.685750754444953,24.846
MSP1 (F-madograma),p99,A327,19.003668956719913,20.902
MSP1 (F-madograma),p99,A328,19.702623514692924,18.098
MSP1 (F-madograma),p99,A329,21.776415503333812,23.564
MSP1 (F-madograma),p99,A330,21.27943488261224,35.724000000000004
MSP1 (F-madograma),p99,A331,20.957705917750282,26.732999999999993
MSP1 (F-madograma),p99,A332,21.029693592510704,24.556
MSP1 (F-madograma),p99,A333,22.235781402612428,22.438000000000002
MSP1 (F-madograma),p99,A334,21.66506101097798,22.228
MSP1 (F-madograma),p99,A335,21.39690832393705,23.264
MSP1 (F-madograma),p99,A336,23.815437588256113,23.868
MSP1 (F-madograma),p99,A337,19.76838163665519,24.157999999999998
MSP1 (F-madograma),p99,A338,22.445012468741538,24.492
MSP1 (F-madograma),p99,A339,20.626088963402335,22.876
MSP1 (F-madograma),p99,A340,21.596129592799432,23.410999999999998
MSP1 (F-madograma),p99,A341,19.377870131605377,20.483999999999998
MSP1 (F-madograma),p99,A342,22.16472219281226,24.647
MSP1 (F-madograma),p99,A343,22.461358876047715,23.376999999999995
MSP1 (F-madograma),p99,A344,21.193191068552782,22.839999999999996
MSP1 (F-madograma),p99,A345,22.41221260810225,20.866
MSP1 (F-madograma),p99,A346,21.514505382223327,18.221999999999994
MSP1 (F-madograma),p99,A347,21.395170077289123,23.646
MSP1 (F-madograma),p99,A348,19.193906896964172,23.798
MSP1 (F-madograma),p99,A349,21.452043269506,23.980999999999998
MSP1 (F-madograma),p99,A350,21.79679989923215,23.708
MSP1 (F-madograma),p99,A351,22.671811358016058,23.212999999999997
MSP1 (F-madograma),p99,A352,20.67051656735198,19.604
MSP1 (F-madograma),p99,A353,19.991959361701515,20.212999999999997
MSP1 (F-madograma),p99,A354,22.517862252023427,22.983999999999998
MSP1 (F-madograma),p99,A355,17.041448903379884,20.964
MSP1 (F-madograma),p99,A356,20.985987841754064,16.588
MSP1 (F-madograma),p99,A357,19.720931934712958,23.17999999999999
MSP1 (F-madograma),p99,A358,22.82468770604382,23.956
MSP1 (F-madograma),p99,A359,18.522397142388392,24.279999999999998
MSP1 (F-madograma),p99,A360,21.314581466692417,19.0
MSP1 (F-madograma),p99,A361,22.52442148178972,20.831
MSP1 (F-madograma),p99,A362,20.993680846932893,24.540000000000003
MSP1 (F-madograma),p99,A363,22.18091466734397,24.268
MSP1 (F-madograma),p99,A364,21.263499118637775,23.756
MSP1 (F-madograma),p99,A365,23.25949086730115,22.4
MSP1 (F-madograma),p99,A366,22.088867869935267,22.375
MSP1 (F-madograma),p99,A367,17.883977144729414,18.509
MSP1 (F-madograma),p99,A368,22.38193203357917,20.398
MSP1 (F-madograma),p99,A369,22.316557028515803,18.49
MSP1 (F-madograma),p99,A370,22.6234582064333,26.86
MSP1 (F-madograma),p99,A371,21.157487385841836,28.459999999999997
MSP1 (F-madograma),p99,A372,22.11706691016378,40.36
MSP1 (F-madograma),p99,A373,20.701322607960606,21.155
MSP1 (F-madograma),p99,A374,22.32920154779586,27.462999999999997
MSP1 (F-madograma),p99,A375,23.700558322060303,29.642
MSP1 (F-madograma),p99,A376,21.18047085088865,22.228
MSP1 (F-madograma),p99,A377,21.177057799736424,46.99999999999999
MSP1 (F-madograma),p99,A401,17.76664381636076,46.574999999999996
MSP1 (F-madograma),p99,A402,23.256432461018342,23.634
MSP1 (F-madograma),p99,A403,34.840691100519884,24.91
MSP1 (F-madograma),p99,A404,21.66678292603542,24.284999999999997
MSP1 (F-madograma),p99,A405,21.410049689257114,21.282
MSP1 (F-madograma),p99,A406,20.39188160757013,18.434
MSP1 (F-madograma),p99,A407,19.389233352853505,19.76
MSP1 (F-madograma),p99,A408,22.31670303885129,23.646
MSP1 (F-madograma),p99,A409,16.7284566224048,40.96600000000001
MSP1 (F-madograma),p99,A410,16.06919704312877,28.743999999999996
MSP1 (F-madograma),p99,A411,21.674270093216897,21.288
MSP1 (F-madograma),p99,A412,22.51189880403716,24.38
MSP1 (F-madograma),p99,A413,17.851703472044242,24.208999999999996
MSP1 (F-madograma),p99,A414,23.248043970683927,22.98
MSP1 (F-madograma),p99,A415,23.222284178867337,21.7
MSP1 (F-madograma),p99,A416,21.488602186479877,24.748
MSP1 (F-madograma),p99,A417,17.252702199112996,23.996000000000002
MSP1 (F-madograma),p99,A418,23.59660283231803,20.546999999999997
MSP1 (F-madograma),p99,A419,19.847038643818344,21.896
MSP1 (F-madograma),p99,A420,20.51223702938801,24.479
MSP1 (F-madograma),p99,A421,18.358541404049866,18.252
MSP1 (F-madograma),p99,A422,20.522916573455433,24.663999999999998
MSP1 (F-madograma),p99,A423,19.660950538349084,24.598
MSP1 (F-madograma),p99,A424,21.20337730984136,22.061999999999998
MSP1 (F-madograma),p99,A425,20.663257657197597,22.112
MSP1 (F-madograma),p99,A426,22.6528205781712,23.432
MSP1 (F-madograma),p99,A427,20.414387597011192,23.752
MSP1 (F-madograma),p99,A428,22.538795312059275,23.170999999999996
MSP1 (F-madograma),p99,A429,23.480727754681187,26.225999999999996
MSP1 (F-madograma),p99,A430,20.276731393663358,21.436
MSP1 (F-madograma),p99,A431,19.52417718533535,19.046999999999997
MSP1 (F-madograma),p99,A432,22.907915130998955,24.825
MSP1 (F-madograma),p99,A433,20.517809522076753,24.323999999999995
MSP1 (F-madograma),p99,A434,17.43863493727959,21.087999999999994
MSP1 (F-madograma),p99,A435,22.789616131965232,24.496000000000002
MSP1 (F-madograma),p99,A436,21.148088027619686,24.212999999999997
MSP1 (F-madograma),p99,A437,25.355798048904077,16.813
MSP1 (F-madograma),p99,A438,17.438190868162767,23.715999999999998
MSP1 (F-madograma),p99,A439,19.61793321406629,24.483
MSP1 (F-madograma),p99,A440,21.07203990441843,23.75
MSP1 (F-madograma),p99,A441,20.291490768113533,22.181
MSP1 (F-madograma),p99,A442,22.535655483676297,25.0
MSP1 (F-madograma),p99,A443,20.862340072452977,23.852
MSP1 (F-madograma),p99,A444,19.525886442322317,19.974999999999998
MSP1 (F-madograma),p99,A445,25.194643019574734,23.840000000000003
MSP1 (F-madograma),p99,A446,20.38483565177009,25.75
MSP1 (F-madograma),p99,A447,20.820287992625197,22.512
MSP1 (F-madograma),p99,A448,22.33766691095526,20.520000000000003
MSP1 (F-madograma),p99,A449,23.01905378066573,19.225
MSP1 (F-madograma),p99,A450,20.604730574930674,21.455
MSP1 (F-madograma),p99,A451,30.806095120109823,21.368000000000002
MSP1 (F-madograma),p99,A452,20.437693741434718,20.173
MSP1 (F-madograma),p99,A453,20.938337006384135,16.258
MSP1 (F-madograma),p99,A454,19.74412969049121,21.228
MSP1 (F-madograma),p99,A455,19.768720261732646,23.737000000000002
MSP1 (F-madograma),p99,A456,37.657449526256535,17.481
MSP1 (F-madograma),p99,A458,19.72411867068424,39.364999999999995
MSP1 (F-madograma),p99,A501,24.38469437389644,21.552
MSP1 (F-madograma),p99,A502,30.704332598170453,24.843
MSP1 (F-madograma),p99,A503,24.211799244680964,25.0
MSP1 (F-madograma),p99,A504,22.718005225708428,20.454
MSP1 (F-madograma),p99,A505,22.945209718753905,24.793
MSP1 (F-madograma),p99,A506,20.508098036728704,24.025
MSP1 (F-madograma),p99,A507,21.146727701572168,22.868000000000002
MSP1 (F-madograma),p99,A508,22.943209673701638,23.477999999999998
MSP1 (F-madograma),p99,A509,21.454498560648787,23.737000000000002
MSP1 (F-madograma),p99,A510,24.16722982849407,22.6
MSP1 (F-madograma),p99,A511,23.066613338513385,18.229
MSP1 (F-madograma),p99,A512,23.78115044541783,32.13299999999999
MSP1 (F-madograma),p99,A513,24.088745895765847,24.6
MSP1 (F-madograma),p99,A514,23.95286026944882,33.81799999999999
MSP1 (F-madograma),p99,A515,22.4403736556148,23.296
MSP1 (F-madograma),p99,A516,21.57334853831565,24.905
MSP1 (F-madograma),p99,A517,21.67659894275156,24.81
MSP1 (F-madograma),p99,A518,23.791860936547952,27.564
MSP1 (F-madograma),p99,A519,28.451489238863573,24.743
MSP1 (F-madograma),p99,A520,24.003940411827383,25.267
MSP1 (F-madograma),p99,A521,24.334598614755333,24.848
MSP1 (F-madograma),p99,A522,22.809512074649582,22.728
MSP1 (F-madograma),p99,A523,23.77049087834411,22.2
MSP1 (F-madograma),p99,A524,24.296355305343813,23.991
MSP1 (F-madograma),p99,A525,23.834172948094274,23.962
MSP1 (F-madograma),p99,A526,21.403077369396712,24.088
MSP1 (F-madograma),p99,A527,22.17323909753134,24.162
MSP1 (F-madograma),p99,A528,23.51690870255948,23.019999999999996
MSP1 (F-madograma),p99,A529,22.78269194100318,24.746000000000002
MSP1 (F-madograma),p99,A530,22.845214602348445,22.877
MSP1 (F-madograma),p99,A531,24.137919742889903,22.343
MSP1 (F-madograma),p99,A532,23.444955277129516,28.573999999999998
MSP1 (F-madograma),p99,A533,17.355108006757327,24.71
MSP1 (F-madograma),p99,A534,31.190913913583724,24.794999999999998
MSP1 (F-madograma),p99,A535,24.162484966337058,20.681
MSP1 (F-madograma),p99,A536,22.456326762524444,24.964
MSP1 (F-madograma),p99,A537,23.46563308941131,23.546000000000003
MSP1 (F-madograma),p99,A538,22.504171602283716,23.572
MSP1 (F-madograma),p99,A539,21.85013146915511,23.291999999999998
MSP1 (F-madograma),p99,A540,23.188010819935556,23.686000000000003
MSP1 (F-madograma),p99,A541,22.878742711713684,24.0
MSP1 (F-madograma),p99,A542,22.97617432211108,24.402
MSP1 (F-madograma),p99,A543,22.353203037021167,23.48
MSP1 (F-madograma),p99,A544,23.068804858202494,26.919999999999995
MSP1 (F-madograma),p99,A545,23.44910701922342,21.764
MSP1 (F-madograma),p99,A546,22.840534201702354,24.192
MSP1 (F-madograma),p99,A547,20.601166737943554,26.194
MSP1 (F-madograma),p99,A548,24.836721090150668,24.328
MSP1 (F-madograma),p99,A549,22.44858720624739,24.586000000000002
MSP1 (F-madograma),p99,A550,22.96401323478174,24.358
MSP1 (F-madograma),p99,A551,21.85618993786405,23.502
MSP1 (F-madograma),p99,A552,22.18073680395572,22.61
MSP1 (F-madograma),p99,A553,21.898725014687876,24.72
MSP1 (F-madograma),p99,A554,17.560471735291948,24.366000000000003
MSP1 (F-madograma),p99,A555,24.337884737707824,24.683
MSP1 (F-madograma),p99,A556,23.013184410588856,24.735
MSP1 (F-madograma),p99,A557,27.134424790613167,24.566
MSP1 (F-madograma),p99,A559,21.743412187380713,19.1
MSP1 (F-madograma),p99,A560,24.387327308402522,21.622999999999998
MSP1 (F-madograma),p99,A561,21.87043049257842,24.32
MSP1 (F-madograma),p99,A562,21.166508740438967,26.036
MSP1 (F-madograma),p99,A563,21.782209360108833,21.564
MSP1 (F-madograma),p99,A564,19.886268456994223,24.832
MSP1 (F-madograma),p99,A565,22.69613645139613,34.374
MSP1 (F-madograma),p99,A566,22.710708010811715,22.46
MSP1 (F-madograma),p99,A567,22.45119456364046,45.04
MSP1 (F-madograma),p99,A568,24.97494499781239,24.652
MSP1 (F-madograma),p99,A569,23.973777370321894,23.782
MSP1 (F-madograma),p99,A570,22.751002606535774,37.372
MSP1 (F-madograma),p99,A571,22.52052440433034,27.128999999999998
MSP1 (F-madograma),p99,A572,24.54065036097439,19.9
MSP1 (F-madograma),p99,A601,29.138185954309293,29.05
MSP1 (F-madograma),p99,A602,29.22331341039168,31.28
MSP1 (F-madograma),p99,A603,39.63530680168057,27.217
MSP1 (F-madograma),p99,A604,30.148297685065604,20.285999999999998
MSP1 (F-madograma),p99,A605,32.06214385616259,21.228
MSP1 (F-madograma),p99,A606,26.30451425582886,33.178
MSP1 (F-madograma),p99,A607,21.755363458626018,35.44499999999999
MSP1 (F-madograma),p99,A608,30.22172341071313,32.9
MSP1 (F-madograma),p99,A609,24.08337265298086,41.57499999999999
MSP1 (F-madograma),p99,A610,25.214257303982173,42.315999999999995
MSP1 (F-madograma),p99,A611,37.96588771720005,27.614999999999995
MSP1 (F-madograma),p99,A612,20.916942757817555,23.429
MSP1 (F-madograma),p99,A613,21.742391508570822,21.81
MSP1 (F-madograma),p99,A614,20.2958915868684,36.908
MSP1 (F-madograma),p99,A615,25.872212587434934,29.48399999999999
MSP1 (F-madograma),p99,A616,23.285531038295765,21.662
MSP1 (F-madograma),p99,A617,25.8676821005612,24.867
MSP1 (F-madograma),p99,A618,38.51458582644884,20.7
MSP1 (F-madograma),p99,A619,26.387706985032963,23.667
MSP1 (F-madograma),p99,A620,30.765071148896233,22.942999999999998
MSP1 (F-madograma),p99,A621,31.30003400069524,32.078
MSP1 (F-madograma),p99,A622,26.593292423632114,26.825999999999997
MSP1 (F-madograma),p99,A623,20.48293751734671,24.84
MSP1 (F-madograma),p99,A624,20.14930546332667,24.49
MSP1 (F-madograma),p99,A625,27.04114642761177,21.047
MSP1 (F-madograma),p99,A626,27.55828246487926,24.048
MSP1 (F-madograma),p99,A627,31.750899041141274,19.144
MSP1 (F-madograma),p99,A628,23.0356427343261,29.736
MSP1 (F-madograma),p99,A629,22.80143911523804,23.044999999999998
MSP1 (F-madograma),p99,A630,19.461343683047247,18.503999999999998
MSP1 (F-madograma),p99,A631,23.255796392810446,47.192
MSP1 (F-madograma),p99,A632,29.625615586015776,44.11599999999999
MSP1 (F-madograma),p99,A633,32.70792528904899,18.032
MSP1 (F-madograma),p99,A634,22.102536929067455,20.1
MSP1 (F-madograma),p99,A635,24.24827415969086,30.76
MSP1 (F-madograma),p99,A636,30.34948460535123,29.224
MSP1 (F-madograma),p99,A637,39.288579021549936,19.225
MSP1 (F-madograma),p99,A651,32.20534690927883,19.6
MSP1 (F-madograma),p99,A652,29.291662135217727,33.74
MSP1 (F-madograma),p99,A653,32.75099474704457,20.9
MSP1 (F-madograma),p99,A654,29.922786458967032,26.887999999999998
MSP1 (F-madograma),p99,A655,30.03881189759833,16.4
MSP1 (F-madograma),p99,A656,32.16264037955534,14.9
MSP1 (F-madograma),p99,A657,20.79794202675502,37.78799999999999
MSP1 (F-madograma),p99,A659,22.8160866603376,23.6
MSP1 (F-madograma),p99,A667,22.591222179482756,26.6
MSP1 (F-madograma),p99,A701,22.569334871881555,27.895999999999997
MSP1 (F-madograma),p99,A702,33.914585314204025,27.799999999999994
MSP1 (F-madograma),p99,A703,23.72329101737594,22.537000000000003
MSP1 (F-madograma),p99,A704,27.1012729804661,25.056
MSP1 (F-madograma),p99,A705,23.690267136309572,24.483999999999998
MSP1 (F-madograma),p99,A706,24.114982941483966,18.881
MSP1 (F-madograma),p99,A707,24.459178407060154,23.978
MSP1 (F-madograma),p99,A708,24.07589620086694,22.863
MSP1 (F-madograma),p99,A709,26.9365661918919,33.86000000000001
MSP1 (F-madograma),p99,A710,24.162698281906962,29.896000000000004
MSP1 (F-madograma),p99,A711,25.242086281242436,24.3
MSP1 (F-madograma),p99,A712,22.364638502383045,24.567
MSP1 (F-madograma),p99,A713,25.156218687157647,25.323999999999998
MSP1 (F-madograma),p99,A714,25.065704363854636,24.642999999999997
MSP1 (F-madograma),p99,A715,24.416509728449295,24.642999999999997
MSP1 (F-madograma),p99,A716,26.506865447489716,34.26899999999999
MSP1 (F-madograma),p99,A717,31.3432016775119,24.4
MSP1 (F-madograma),p99,A718,24.771732459358436,24.648
MSP1 (F-madograma),p99,A719,22.67491335684798,22.4
MSP1 (F-madograma),p99,A720,23.99590256537685,24.167
MSP1 (F-madograma),p99,A721,27.42640312883608,28.606999999999996
MSP1 (F-madograma),p99,A722,21.786319897767385,24.162
MSP1 (F-madograma),p99,A723,22.788662070960815,23.948
MSP1 (F-madograma),p99,A724,23.50079310678726,37.564
MSP1 (F-madograma),p99,A725,23.503689753730132,24.752999999999997
MSP1 (F-madograma),p99,A726,24.35194387527868,26.256
MSP1 (F-madograma),p99,A727,23.549577911856044,24.729
MSP1 (F-madograma),p99,A728,26.79188917239236,24.681
MSP1 (F-madograma),p99,A729,24.200811244844992,23.483999999999998
MSP1 (F-madograma),p99,A730,23.554500207075677,24.391
MSP1 (F-madograma),p99,A731,27.279343346914374,23.63
MSP1 (F-madograma),p99,A732,22.92154552792953,25.0
MSP1 (F-madograma),p99,A733,22.665135955749026,24.856
MSP1 (F-madograma),p99,A734,23.580567877484942,28.240000000000002
MSP1 (F-madograma),p99,A735,23.995051669070463,24.564
MSP1 (F-madograma),p99,A736,19.385649305765654,24.81
MSP1 (F-madograma),p99,A737,23.293919960234568,24.674
MSP1 (F-madograma),p99,A738,22.339068374543995,24.394
MSP1 (F-madograma),p99,A739,22.352943062816742,24.188
MSP1 (F-madograma),p99,A740,24.17944395938709,27.323999999999995
MSP1 (F-madograma),p99,A741,23.39678196092574,24.556
MSP1 (F-madograma),p99,A742,27.691545991882776,24.783
MSP1 (F-madograma),p99,A743,27.16878575271946,30.656
MSP1 (F-madograma),p99,A744,22.891033053414265,41.964
MSP1 (F-madograma),p99,A745,26.313261631775756,24.125
MSP1 (F-madograma),p99,A746,30.06300321742901,20.25
MSP1 (F-madograma),p99,A747,23.206858019096767,26.063999999999997
MSP1 (F-madograma),p99,A748,23.842742571116457,22.715
MSP1 (F-madograma),p99,A749,23.67820933417058,23.24
MSP1 (F-madograma),p99,A750,24.62852955126524,24.386
MSP1 (F-madograma),p99,A751,24.25655882770537,24.983
MSP1 (F-madograma),p99,A752,30.055168930570346,24.884
MSP1 (F-madograma),p99,A753,21.847799151177966,24.898
MSP1 (F-madograma),p99,A754,26.751971038904493,39.13499999999998
MSP1 (F-madograma),p99,A755,26.898987723793173,29.057
MSP1 (F-madograma),p99,A756,23.462274780609906,24.740000000000002
MSP1 (F-madograma),p99,A757,23.114348754973463,24.16
MSP1 (F-madograma),p99,A758,23.80892936970918,23.886
MSP1 (F-madograma),p99,A759,30.451671349627897,25.82
MSP1 (F-madograma),p99,A760,23.408933186789184,24.948
MSP1 (F-madograma),p99,A761,23.337038925691463,24.663999999999998
MSP1 (F-madograma),p99,A762,27.3175723230939,40.346
MSP1 (F-madograma),p99,A763,23.9935847918714,33.016
MSP1 (F-madograma),p99,A764,24.04041442633698,24.969
MSP1 (F-madograma),p99,A765,26.4071378727816,27.192
MSP1 (F-madograma),p99,A766,23.7475262574927,37.12
MSP1 (F-madograma),p99,A767,26.42772212288039,28.323999999999998
MSP1 (F-madograma),p99,A768,24.368115231999226,26.292
MSP1 (F-madograma),p99,A769,24.20284614864623,27.794999999999998
MSP1 (F-madograma),p99,A770,25.342775585189642,22.68
MSP1 (F-madograma),p99,A771,26.891525927552298,29.325999999999997
MSP1 (F-madograma),p99,A801,40.1842239519268,32.35
MSP1 (F-madograma),p99,A802,30.78602296992562,31.435999999999996
MSP1 (F-madograma),p99,A803,28.131224086698314,26.228
MSP1 (F-madograma),p99,A804,31.536311099002383,32.036
MSP1 (F-madograma),p99,A805,34.01834018039064,38.56799999999999
MSP1 (F-madograma),p99,A806,27.706539439606132,33.114000000000004
MSP1 (F-madograma),p99,A807,30.828780715031023,26.384999999999998
MSP1 (F-madograma),p99,A808,28.186123725124634,30.246000000000002
MSP1 (F-madograma),p99,A809,30.331076795551215,28.133999999999997
MSP1 (F-madograma),p99,A810,32.58071659630528,36.03
MSP1 (F-madograma),p99,A811,29.531385388061274,36.2
MSP1 (F-madograma),p99,A814,28.231482457804606,31.484999999999985
MSP1 (F-madograma),p99,A815,39.86386869017761,29.725999999999996
MSP1 (F-madograma),p99,A816,29.48411149307009,37.445
MSP1 (F-madograma),p99,A817,28.39186004760283,34.815
MSP1 (F-madograma),p99,A818,30.682195157266133,24.747999999999998
MSP1 (F-madograma),p99,A819,23.417387973636515,25.456000000000003
MSP1 (F-madograma),p99,A820,30.10261259837747,34.334
MSP1 (F-madograma),p99,A821,29.906364667207782,28.315999999999995
MSP1 (F-madograma),p99,A822,29.998788551053956,29.032
MSP1 (F-madograma),p99,A823,23.55709893531231,33.306999999999995
MSP1 (F-madograma),p99,A824,24.402619485147383,31.82
MSP1 (F-madograma),p99,A825,25.965290946737554,32.650000000000006
MSP1 (F-madograma),p99,A826,35.62367368855381,26.142999999999997
MSP1 (F-madograma),p99,A827,31.69515777335141,38.182
MSP1 (F-madograma),p99,A828,30.996969572984955,33.812999999999995
MSP1 (F-madograma),p99,A829,28.73169380284134,41.701999999999984
MSP1 (F-madograma),p99,A830,26.86811067053599,31.838
MSP1 (F-madograma),p99,A831,26.74147974048859,33.312000000000005
MSP1 (F-madograma),p99,A832,31.54579667823778,30.32
MSP1 (F-madograma),p99,A833,24.21944255378377,41.480000000000004
MSP1 (F-madograma),p99,A834,27.66529833563557,36.192
MSP1 (F-madograma),p99,A835,30.81043066615981,29.630999999999993
MSP1 (F-madograma),p99,A836,29.22300394397643,34.214000000000006
MSP1 (F-madograma),p99,A837,30.90150568135331,39.212999999999994
MSP1 (F-madograma),p99,A839,29.85018561069486,32.734
MSP1 (F-madograma),p99,A840,40.58142037412142,29.276999999999997
MSP1 (F-madograma),p99,A841,28.088966673636293,30.291999999999998
MSP1 (F-madograma),p99,A842,29.602787027666754,29.288
MSP1 (F-madograma),p99,A843,33.21584488694061,39.76
MSP1 (F-madograma),p99,A844,35.032576407764154,41.366
MSP1 (F-madograma),p99,A845,28.794787216802312,41.332
MSP1 (F-madograma),p99,A846,33.09953971658871,31.874999999999993
MSP1 (F-madograma),p99,A847,30.663487077666176,34.63300000000001
MSP1 (F-madograma),p99,A848,29.971128081661647,32.504
MSP1 (F-madograma),p99,A849,30.961916397307782,32.95799999999999
MSP1 (F-madograma),p99,A850,30.27969088781996,34.651999999999994
MSP1 (F-madograma),p99,A851,30.213896471511028,27.782
MSP1 (F-madograma),p99,A852,29.68242755032109,28.138
MSP1 (F-madograma),p99,A853,33.09955308942092,42.098
MSP1 (F-madograma),p99,A854,33.66896605135065,30.356
MSP1 (F-madograma),p99,A855,28.77591766484608,34.804
MSP1 (F-madograma),p99,A856,33.329404066113874,37.38899999999998
MSP1 (F-madograma),p99,A857,28.92742116561341,35.071999999999996
MSP1 (F-madograma),p99,A858,29.287505626532877,32.57899999999999
MSP1 (F-madograma),p99,A859,23.699608862723217,31.116
MSP1 (F-madograma),p99,A860,28.37682756788633,42.21199999999999
MSP1 (F-madograma),p99,A861,36.323954748658984,30.596
MSP1 (F-madograma),p99,A862,31.425076100290134,29.821999999999992
MSP1 (F-madograma),p99,A863,31.675540101177845,30.845
MSP1 (F-madograma),p99,A864,27.33760677934861,33.168
MSP1 (F-madograma),p99,A865,36.20297381542641,24.701
MSP1 (F-madograma),p99,A866,28.7846152459733,43.588
MSP1 (F-madograma),p99,A867,28.831077394192086,29.346999999999998
MSP1 (F-madograma),p99,A868,32.067535184631026,32.654999999999994
MSP1 (F-madograma),p99,A869,29.89400255296689,27.255999999999997
MSP1 (F-madograma),p99,A870,29.165428974889057,24.008
MSP1 (F-madograma),p99,A871,26.793874721075785,31.349999999999994
MSP1 (F-madograma),p99,A872,29.607475310697037,27.866
MSP1 (F-madograma),p99,A873,25.635680419483595,33.89099999999999
MSP1 (F-madograma),p99,A874,31.033273319088437,30.991999999999997
MSP1 (F-madograma),p99,A875,28.26372405216167,23.546999999999997
MSP1 (F-madograma),p99,A876,35.27300947254122,32.839999999999996
MSP1 (F-madograma),p99,A878,26.781871254275334,40.62
MSP1 (F-madograma),p99,A879,28.318957719782073,47.26999999999998
MSP1 (F-madograma),p99,A880,33.27014631117093,44.732
MSP1 (F-madograma),p99,A881,33.24351757697579,34.105
MSP1 (F-madograma),p99,A882,28.54749360327563,33.873999999999995
MSP1 (F-madograma),p99,A883,37.48237861392731,24.496
MSP1 (F-madograma),p99,A884,41.9970462197266,24.939999999999998
MSP1 (F-madograma),p99,A886,37.44913928229932,34.987
MSP1 (F-madograma),p99,A889,36.40754456901656,25.091
MSP1 (F-madograma),p99,A893,30.65955433224281,32.144000000000005
MSP1 (F-madograma),p99,A894,28.400476867844944,24.5
MSP1 (F-madograma),p99,A895,29.73202764520631,29.956
MSP1 (F-madograma),p99,A897,38.851058529251155,29.765
MSP1 (F-madograma),p99,A898,29.2702360426085,33.948
MSP1 (F-madograma),p99,A901,23.469453644184703,24.293
MSP1 (F-madograma),p99,A902,21.522415549897026,24.978
MSP1 (F-madograma),p99,A903,22.804868435832354,21.94
MSP1 (F-madograma),p99,A904,22.327118785180275,22.657999999999998
MSP1 (F-madograma),p99,A905,23.869682143120038,24.474
MSP1 (F-madograma),p99,A906,22.542084748822834,24.76
MSP1 (F-madograma),p99,A907,23.175268725390506,24.778000000000002
MSP1 (F-madograma),p99,A908,20.76434405366345,24.781
MSP1 (F-madograma),p99,A909,23.739257951273775,23.706
MSP1 (F-madograma),p99,A910,22.20081641580407,22.163999999999998
MSP1 (F-madograma),p99,A911,21.568880988315193,39.344
MSP1 (F-madograma),p99,A912,22.30116966039877,24.381
MSP1 (F-madograma),p99,A913,21.513486193747873,23.11
MSP1 (F-madograma),p99,A914,22.25441718841236,22.068
MSP1 (F-madograma),p99,A915,23.31267183573095,24.42
MSP1 (F-madograma),p99,A916,20.810467092958813,24.283
MSP1 (F-madograma),p99,A917,21.169422908968407,23.858
MSP1 (F-madograma),p99,A918,23.375060625936342,23.728
MSP1 (F-madograma),p99,A919,20.502923964597525,24.615
MSP1 (F-madograma),p99,A920,20.027904287379943,24.448
MSP1 (F-madograma),p99,A921,22.798600615554037,24.612
MSP1 (F-madograma),p99,A922,22.800719667711807,23.610999999999997
MSP1 (F-madograma),p99,A923,23.498370055177407,45.41499999999999
MSP1 (F-madograma),p99,A924,23.016921617520172,22.81
MSP1 (F-madograma),p99,A925,22.835197495507337,24.983
MSP1 (F-madograma),p99,A926,21.463180385965735,23.996
MSP1 (F-madograma),p99,A927,22.40182366289809,22.684
MSP1 (F-madograma),p99,A928,20.90060697947299,23.761999999999997
MSP1 (F-madograma),p99,A929,22.728058439428402,24.784
MSP1 (F-madograma),p99,A930,21.907296653333944,22.2
MSP1 (F-madograma),p99,A931,23.10732396705928,24.532
MSP1 (F-madograma),p99,A932,23.830134576789987,22.983
MSP1 (F-madograma),p99,A933,23.874806049646,24.38
MSP1 (F-madograma),p99,A934,22.777719331287013,24.966
MSP1 (F-madograma),p99,A935,23.96954198484436,22.564999999999998
MSP1 (F-madograma),p99,A936,23.917855101870018,22.698
MSP1 (F-madograma),p99,A937,22.67178377435274,23.983999999999998
MSP1 (F-madograma),p99,A938,21.6027440113541,22.68
MSP1 (F-madograma),p99,A939,21.13842344665203,24.314999999999998
MSP1 (F-madograma),p99,A940,22.8561799190985,24.986
MSP1 (F-madograma),p99,A941,21.441838417800035,22.219
MSP1 (F-madograma),p99,A942,23.08195230273101,33.524
MSP1 (F-madograma),p99,A943,23.6518992787728,27.43
MSP1 (F-madograma),p99,A944,22.290942479142874,19.886
MSP1 (F-madograma),p99,B803,30.91087962540788,34.516
MSP1 (F-madograma),p99,B804,36.76786307886126,35.116
MSP1 (F-madograma),p99,B806,25.93228379581594,23.573999999999998
MSP1 (F-madograma),p99,B807,29.966893517462275,29.843999999999998
MSP1 (F-madograma),p99,B808,30.136471211455053,12.8
MSP1 (F-madograma),p99,B809,29.307276525111085,16.0
MSP1 (F-madograma),p99,B810,28.50691286921834,15.0
MSP1 (F-madograma),p99,B811,27.980827194638064,15.7
MSP1 (F-madograma),p99,B812,28.62564354935711,13.1
MSP1 (F-madograma),p99,B813,27.613897337331625,10.4
MSP1 (F-madograma),p99,B814,28.730199562611354,10.6
MSP1 (F-madograma),p99,B816,43.25434602817856,9.3
MSP1 (F-madograma),p99,B817,36.57063490102361,11.7
MSP1 (F-madograma),p99,B818,28.623907037581223,12.2
MSP1 (F-madograma),p99,B819,42.176271620817346,16.4
MSP1 (F-madograma),p99,B820,42.85453998102814,14.9
MSP1 (F-madograma),p99,B821,31.126955545850272,8.6
MSP1 (F-madograma),p99,B822,25.09308797549616,12.6
MSP1 (F-madograma),p99,B823,33.37950750726576,11.1
MSP1 (F-madograma),p99,B825,29.9668635383752,13.5
MSP1 (F-madograma),p99,B827,36.59927482377802,11.5
MSP1 (F-madograma),p99,B828,33.529983131767736,14.9
MSP1 (F-madograma),p99,B829,31.464730975603644,18.7
MSP1 (F-madograma),p99,F501,24.431698921973222,28.978
MSP1 (Verossimilhanca composta),p95,A001,18.453377714489765,24.1
MSP1 (Verossimilhanca composta),p95,A002,18.111159496780033,22.3
MSP1 (Verossimilhanca composta),p95,A003,22.588671465411455,23.88
MSP1 (Verossimilhanca composta),p95,A004,21.591017747176874,23.305
MSP1 (Verossimilhanca composta),p95,A005,20.371254152815233,22.2
MSP1 (Verossimilhanca composta),p95,A006,22.043670843474167,17.125
MSP1 (Verossimilhanca composta),p95,A007,20.89638232240858,23.235
MSP1 (Verossimilhanca composta),p95,A008,20.6793282920274,23.6
MSP1 (Verossimilhanca composta),p95,A009,19.63529609065767,23.09
MSP1 (Verossimilhanca composta),p95,A010,21.534205134075407,22.2
MSP1 (Verossimilhanca composta),p95,A011,21.760745022520407,24.72
MSP1 (Verossimilhanca composta),p95,A012,20.041097265476125,23.835
MSP1 (Verossimilhanca composta),p95,A013,21.15187903070123,22.509999999999994
MSP1 (Verossimilhanca composta),p95,A014,20.195371949953614,23.91
MSP1 (Verossimilhanca composta),p95,A015,21.77876703054224,23.88
MSP1 (Verossimilhanca composta),p95,A016,21.787490001652266,24.23
MSP1 (Verossimilhanca composta),p95,A017,21.894127580097983,23.23
MSP1 (Verossimilhanca composta),p95,A018,20.22474110037894,24.71
MSP1 (Verossimilhanca composta),p95,A019,20.703659106768637,22.459999999999994
MSP1 (Verossimilhanca composta),p95,A020,21.033813854386892,23.43
MSP1 (Verossimilhanca composta),p95,A021,19.459941180828473,17.889999999999997
MSP1 (Verossimilhanca composta),p95,A022,22.056987472234265,24.15
MSP1 (Verossimilhanca composta),p95,A023,21.806436063166537,23.65
MSP1 (Verossimilhanca composta),p95,A024,20.48716498268326,22.119999999999997
MSP1 (Verossimilhanca composta),p95,A025,22.543730041221288,24.959999999999997
MSP1 (Verossimilhanca composta),p95,A026,20.4933536588809,24.81
MSP1 (Verossimilhanca composta),p95,A027,21.607393419299463,23.86
MSP1 (Verossimilhanca composta),p95,A028,21.297392256757078,24.38
MSP1 (Verossimilhanca composta),p95,A029,20.51365953605444,37.12
MSP1 (Verossimilhanca composta),p95,A031,20.345993701435496,28.78
MSP1 (Verossimilhanca composta),p95,A032,20.148668125267267,24.64
MSP1 (Verossimilhanca composta),p95,A033,18.005215232092347,23.5
MSP1 (Verossimilhanca composta),p95,A034,18.95804917143004,21.759999999999998
MSP1 (Verossimilhanca composta),p95,A035,22.162333684961272,24.36
MSP1 (Verossimilhanca composta),p95,A036,21.25595988768018,24.66
MSP1 (Verossimilhanca composta),p95,A037,20.384363661279163,21.7
MSP1 (Verossimilhanca composta),p95,A038,20.722278837716797,24.415
MSP1 (Verossimilhanca composta),p95,A039,20.226135376512676,23.709999999999997
MSP1 (Verossimilhanca composta),p95,A040,19.34514366729855,24.2
MSP1 (Verossimilhanca composta),p95,A041,22.220517319923374,24.67
MSP1 (Verossimilhanca composta),p95,A042,20.492836055180426,28.279999999999998
MSP1 (Verossimilhanca composta),p95,A043,17.843061115633695,19.14
MSP1 (Verossimilhanca composta),p95,A044,19.100576233006503,24.175
MSP1 (Verossimilhanca composta),p95,A045,20.291418031738058,21.544999999999998
MSP1 (Verossimilhanca composta),p95,A046,20.569979129827672,25.72
MSP1 (Verossimilhanca composta),p95,A047,20.138336152189957,23.1
MSP1 (Verossimilhanca composta),p95,A048,16.83360371932999,33.249999999999986
MSP1 (Verossimilhanca composta),p95,A049,20.066492022252383,33.234999999999985
MSP1 (Verossimilhanca composta),p95,A050,21.028477391855724,27.46999999999999
MSP1 (Verossimilhanca composta),p95,A051,21.008925994261826,21.38
MSP1 (Verossimilhanca composta),p95,A052,21.6944888590417,22.2
MSP1 (Verossimilhanca composta),p95,A053,22.30825376538864,24.099999999999998
MSP1 (Verossimilhanca composta),p95,A054,20.58220691208732,23.6
MSP1 (Verossimilhanca composta),p95,A055,20.379726506333366,25.18499999999999
MSP1 (Verossimilhanca composta),p95,A056,21.57756528225452,41.72
MSP1 (Verossimilhanca composta),p95,A101,18.67590481366336,38.375
MSP1 (Verossimilhanca composta),p95,A102,21.95782519391945,22.349999999999998
MSP1 (Verossimilhanca composta),p95,A104,18.515895155849048,23.759999999999998
MSP1 (Verossimilhanca composta),p95,A108,21.881098466678935,19.14
MSP1 (Verossimilhanca composta),p95,A109,21.930215874271013,21.735
MSP1 (Verossimilhanca composta),p95,A110,19.13956465989384,22.68
MSP1 (Verossimilhanca composta),p95,A111,20.163970792793805,19.93
MSP1 (Verossimilhanca composta),p95,A112,21.926412221886363,24.259999999999998
MSP1 (Verossimilhanca composta),p95,A113,19.77616143137925,23.625
MSP1 (Verossimilhanca composta),p95,A117,19.368258155697347,21.53
MSP1 (Verossimilhanca composta),p95,A119,21.439106214075736,22.055
MSP1 (Verossimilhanca composta),p95,A121,15.483961705559349,20.199999999999996
MSP1 (Verossimilhanca composta),p95,A122,16.22605709621369,19.275
MSP1 (Verossimilhanca composta),p95,A123,15.570958137527086,18.825
MSP1 (Verossimilhanca composta),p95,A124,15.475775746533154,17.0
MSP1 (Verossimilhanca composta),p95,A125,21.489827534659444,21.964999999999996
MSP1 (Verossimilhanca composta),p95,A126,18.604600654105887,20.5
MSP1 (Verossimilhanca composta),p95,A127,19.702780329218704,14.8
MSP1 (Verossimilhanca composta),p95,A128,16.52751109060279,19.48
MSP1 (Verossimilhanca composta),p95,A133,19.418442908064492,23.04
MSP1 (Verossimilhanca composta),p95,A134,16.985849299822423,19.259999999999998
MSP1 (Verossimilhanca composta),p95,A135,16.97996647531373,23.15
MSP1 (Verossimilhanca composta),p95,A136,21.88079461330277,19.89
MSP1 (Verossimilhanca composta),p95,A137,21.874067030091144,24.92
MSP1 (Verossimilhanca composta),p95,A138,17.90979900965083,23.95
MSP1 (Verossimilhanca composta),p95,A140,19.109087330368997,20.459999999999997
MSP1 (Verossimilhanca composta),p95,A144,19.873647128460615,21.525
MSP1 (Verossimilhanca composta),p95,A201,19.012413966828138,19.57
MSP1 (Verossimilhanca composta),p95,A202,17.032576179479758,20.839999999999996
MSP1 (Verossimilhanca composta),p95,A203,17.55350831057842,17.58
MSP1 (Verossimilhanca composta),p95,A204,19.328437464343427,23.619999999999997
MSP1 (Verossimilhanca composta),p95,A205,20.76718834445262,20.999999999999996
MSP1 (Verossimilhanca composta),p95,A206,18.745360521033646,23.58
MSP1 (Verossimilhanca composta),p95,A207,17.68756653557146,20.374999999999993
MSP1 (Verossimilhanca composta),p95,A208,20.04502491818154,18.36
MSP1 (Verossimilhanca composta),p95,A209,17.997166688121467,17.729999999999997
MSP1 (Verossimilhanca composta),p95,A210,19.336336685439903,20.979999999999997
MSP1 (Verossimilhanca composta),p95,A211,15.860249983233903,21.34
MSP1 (Verossimilhanca composta),p95,A212,18.123176423493188,23.889999999999997
MSP1 (Verossimilhanca composta),p95,A213,19.730809362416238,19.515
MSP1 (Verossimilhanca composta),p95,A214,19.59311667731057,21.34
MSP1 (Verossimilhanca composta),p95,A215,18.566620845841392,17.455
MSP1 (Verossimilhanca composta),p95,A216,20.153676746299507,31.999999999999993
MSP1 (Verossimilhanca composta),p95,A217,15.332375047447508,23.035
MSP1 (Verossimilhanca composta),p95,A218,18.225284856051395,18.75
MSP1 (Verossimilhanca composta),p95,A219,15.018933598958101,19.06
MSP1 (Verossimilhanca composta),p95,A220,17.532626965400613,22.36
MSP1 (Verossimilhanca composta),p95,A221,19.99884541815611,21.479999999999997
MSP1 (Verossimilhanca composta),p95,A222,17.612419340204575,23.534999999999997
MSP1 (Verossimilhanca composta),p95,A223,19.215652495720907,22.16
MSP1 (Verossimilhanca composta),p95,A224,19.488847339342843,24.19
MSP1 (Verossimilhanca composta),p95,A225,19.7508941518892,24.9
MSP1 (Verossimilhanca composta),p95,A226,16.059880766694548,24.915
MSP1 (Verossimilhanca composta),p95,A227,16.875156658399735,20.199999999999996
MSP1 (Verossimilhanca composta),p95,A228,16.441693518066653,30.4
MSP1 (Verossimilhanca composta),p95,A229,19.742705729197905,23.025
MSP1 (Verossimilhanca composta),p95,A230,18.778619219742026,23.439999999999998
MSP1 (Verossimilhanca composta),p95,A231,15.757053372156328,21.405
MSP1 (Verossimilhanca composta),p95,A232,15.829248090283247,23.679999999999996
MSP1 (Verossimilhanca composta),p95,A233,19.684904726365026,24.625
MSP1 (Verossimilhanca composta),p95,A234,20.292351945192728,22.75
MSP1 (Verossimilhanca composta),p95,A235,19.511838256611597,23.95
MSP1 (Verossimilhanca composta),p95,A236,18.08220924985306,19.56
MSP1 (Verossimilhanca composta),p95,A237,19.064256247637065,23.88
MSP1 (Verossimilhanca composta),p95,A238,18.69847202595732,21.99
MSP1 (Verossimilhanca composta),p95,A239,17.89635178469164,23.779999999999998
MSP1 (Verossimilhanca composta),p95,A240,19.477374601656084,22.499999999999996
MSP1 (Verossimilhanca composta),p95,A241,19.578839197972545,24.345
MSP1 (Verossimilhanca composta),p95,A242,18.127714651831617,18.775
MSP1 (Verossimilhanca composta),p95,A243,18.928759269098713,23.549999999999997
MSP1 (Verossimilhanca composta),p95,A244,14.280308984413763,23.779999999999998
MSP1 (Verossimilhanca composta),p95,A245,15.77268103796286,17.77
MSP1 (Verossimilhanca composta),p95,A246,17.797852283602495,22.05
MSP1 (Verossimilhanca composta),p95,A247,20.3356531453259,45.69999999999999
MSP1 (Verossimilhanca composta),p95,A248,18.555080741992217,21.029999999999998
MSP1 (Verossimilhanca composta),p95,A249,19.14931219921504,23.599999999999998
MSP1 (Verossimilhanca composta),p95,A250,17.96438267700931,21.519999999999992
MSP1 (Verossimilhanca composta),p95,A251,19.342516456233714,35.22
MSP1 (Verossimilhanca composta),p95,A252,19.363567099366115,40.68
MSP1 (Verossimilhanca composta),p95,A253,16.076439233872232,35.099999999999994
MSP1 (Verossimilhanca composta),p95,A254,20.12298761072253,22.869999999999997
MSP1 (Verossimilhanca composta),p95,A255,18.37275715087055,35.48
MSP1 (Verossimilhanca composta),p95,A256,20.17721160351054,41.04
MSP1 (Verossimilhanca composta),p95,A301,16.794626191384143,21.48
MSP1 (Verossimilhanca composta),p95,A302,17.238247248601844,23.485
MSP1 (Verossimilhanca composta),p95,A303,14.525565320138941,24.525
MSP1 (Verossimilhanca composta),p95,A304,16.581090711546018,21.179999999999996
MSP1 (Verossimilhanca composta),p95,A305,17.046199287489728,15.88
MSP1 (Verossimilhanca composta),p95,A306,17.53791393000676,22.575000000000003
MSP1 (Verossimilhanca composta),p95,A307,17.828573637006333,24.189999999999998
MSP1 (Verossimilhanca composta),p95,A308,20.588658843187762,21.53
MSP1 (Verossimilhanca composta),p95,A309,19.025081413309223,24.51
MSP1 (Verossimilhanca composta),p95,A310,17.221463058231933,18.0
MSP1 (Verossimilhanca composta),p95,A311,20.492101538479037,22.0
MSP1 (Verossimilhanca composta),p95,A312,19.167827938891328,22.515
MSP1 (Verossimilhanca composta),p95,A313,16.764989900214562,19.060000000000002
MSP1 (Verossimilhanca composta),p95,A314,15.770949878485512,18.209999999999997
MSP1 (Verossimilhanca composta),p95,A315,20.02266861053078,21.4
MSP1 (Verossimilhanca composta),p95,A316,20.66722105968676,24.53
MSP1 (Verossimilhanca composta),p95,A317,17.49372203067176,24.019999999999996
MSP1 (Verossimilhanca composta),p95,A318,19.03717825105058,21.944999999999997
MSP1 (Verossimilhanca composta),p95,A319,20.447620587528966,23.24
MSP1 (Verossimilhanca composta),p95,A320,16.588991657103154,20.379999999999992
MSP1 (Verossimilhanca composta),p95,A321,19.062016842164873,23.93
MSP1 (Verossimilhanca composta),p95,A322,17.46470321990721,18.689999999999998
MSP1 (Verossimilhanca composta),p95,A323,16.335557513225716,21.49
MSP1 (Verossimilhanca composta),p95,A324,19.922556875235834,22.0
MSP1 (Verossimilhanca composta),p95,A325,19.071065207552362,23.16
MSP1 (Verossimilhanca composta),p95,A326,19.834850793516303,24.63
MSP1 (Verossimilhanca composta),p95,A327,16.719335045658312,20.11
MSP1 (Verossimilhanca composta),p95,A328,17.64963634771026,17.69
MSP1 (Verossimilhanca composta),p95,A329,19.54000052676227,23.419999999999998
MSP1 (Verossimilhanca composta),p95,A330,18.95954588206752,26.21999999999997
MSP1 (Verossimilhanca composta),p95,A331,19.201442174655938,23.264999999999993
MSP1 (Verossimilhanca composta),p95,A332,18.73032145761283,23.979999999999997
MSP1 (Verossimilhanca composta),p95,A333,20.367263985161458,21.79
MSP1 (Verossimilhanca composta),p95,A334,18.46542712261271,21.939999999999998
MSP1 (Verossimilhanca composta),p95,A335,18.173047662746182,23.12
MSP1 (Verossimilhanca composta),p95,A336,22.20831495521079,23.74
MSP1 (Verossimilhanca composta),p95,A337,18.575741696996076,22.389999999999997
MSP1 (Verossimilhanca composta),p95,A338,20.913430471884382,23.259999999999998
MSP1 (Verossimilhanca composta),p95,A339,18.18849797206012,21.579999999999995
MSP1 (Verossimilhanca composta),p95,A340,19.167942885287957,22.255
MSP1 (Verossimilhanca composta),p95,A341,15.498368305117426,19.619999999999997
MSP1 (Verossimilhanca composta),p95,A342,19.661336824130952,24.034999999999997
MSP1 (Verossimilhanca composta),p95,A343,20.299935225881235,22.084999999999997
MSP1 (Verossimilhanca composta),p95,A344,17.91456293581559,22.599999999999998
MSP1 (Verossimilhanca composta),p95,A345,19.425776835902184,20.73
MSP1 (Verossimilhanca composta),p95,A346,19.73305762944278,15.909999999999995
MSP1 (Verossimilhanca composta),p95,A347,19.04573648285999,23.029999999999998
MSP1 (Verossimilhanca composta),p95,A348,17.048830389565765,23.39
MSP1 (Verossimilhanca composta),p95,A349,18.301484187474863,23.505
MSP1 (Verossimilhanca composta),p95,A350,19.555922749847653,22.939999999999998
MSP1 (Verossimilhanca composta),p95,A351,20.480738053407755,22.465
MSP1 (Verossimilhanca composta),p95,A352,16.535078949229042,17.619999999999997
MSP1 (Verossimilhanca composta),p95,A353,17.644333204863692,19.465
MSP1 (Verossimilhanca composta),p95,A354,20.350559758128586,22.919999999999998
MSP1 (Verossimilhanca composta),p95,A355,15.18464293560702,18.019999999999996
MSP1 (Verossimilhanca composta),p95,A356,16.553153872140925,16.14
MSP1 (Verossimilhanca composta),p95,A357,17.668906341996664,19.09999999999999
MSP1 (Verossimilhanca composta),p95,A358,20.08441259844505,23.38
MSP1 (Verossimilhanca composta),p95,A359,17.575863774562986,22.599999999999994
MSP1 (Verossimilhanca composta),p95,A360,18.787891649367406,19.0
MSP1 (Verossimilhanca composta),p95,A361,19.96600634327205,20.154999999999998
MSP1 (Verossimilhanca composta),p95,A362,18.791437417159592,24.3
MSP1 (Verossimilhanca composta),p95,A363,20.635946490485406,24.14
MSP1 (Verossimilhanca composta),p95,A364,19.211921637133923,23.18
MSP1 (Verossimilhanca composta),p95,A365,18.615970396907137,22.4
MSP1 (Verossimilhanca composta),p95,A366,19.55125089813593,21.475
MSP1 (Verossimilhanca composta),p95,A367,16.515911788460315,18.145
MSP1 (Verossimilhanca composta),p95,A368,19.55642884849339,19.99
MSP1 (Verossimilhanca composta),p95,A369,20.21303549387764,18.45
MSP1 (Verossimilhanca composta),p95,A370,21.24762209312581,25.9
MSP1 (Verossimilhanca composta),p95,A371,17.990484234573128,26.699999999999996
MSP1 (Verossimilhanca composta),p95,A372,19.704124380572672,35.4
MSP1 (Verossimilhanca composta),p95,A373,18.326655995253137,20.975
MSP1 (Verossimilhanca composta),p95,A374,19.5824306321328,24.914999999999996
MSP1 (Verossimilhanca composta),p95,A375,22.106173572190624,27.009999999999994
MSP1 (Verossimilhanca composta),p95,A376,18.96156679417704,21.94
MSP1 (Verossimilhanca composta),p95,A377,18.57355719980102,45.8
MSP1 (Verossimilhanca composta),p95,A401,16.347723428935105,44.975
MSP1 (Verossimilhanca composta),p95,A402,20.922657240588745,23.4
MSP1 (Verossimilhanca composta),p95,A403,22.365024391545134,24.55
MSP1 (Verossimilhanca composta),p95,A404,19.019188814018147,23.704999999999995
MSP1 (Verossimilhanca composta),p95,A405,19.44117089819445,19.77
MSP1 (Verossimilhanca composta),p95,A406,16.973762861999585,18.069999999999997
MSP1 (Verossimilhanca composta),p95,A407,16.520292230896064,18.0
MSP1 (Verossimilhanca composta),p95,A408,19.707076208479677,23.09
MSP1 (Verossimilhanca composta),p95,A409,15.085600265910825,35.59999999999997
MSP1 (Verossimilhanca composta),p95,A410,14.894980783299253,25.479999999999993
MSP1 (Verossimilhanca composta),p95,A411,19.46609532756916,20.84
MSP1 (Verossimilhanca composta),p95,A412,20.270769965080973,24.3
MSP1 (Verossimilhanca composta),p95,A413,16.454284948641142,22.644999999999996
MSP1 (Verossimilhanca composta),p95,A414,19.88957634553919,20.09999999999999
MSP1 (Verossimilhanca composta),p95,A415,20.937138814093082,21.7
MSP1 (Verossimilhanca composta),p95,A416,17.692273390902603,23.74
MSP1 (Verossimilhanca composta),p95,A417,15.80819311044851,21.979999999999993
MSP1 (Verossimilhanca composta),p95,A418,22.044760014131864,19.935
MSP1 (Verossimilhanca composta),p95,A419,16.02470443092107,21.08
MSP1 (Verossimilhanca composta),p95,A420,17.62821045995276,23.595
MSP1 (Verossimilhanca composta),p95,A421,15.141476933320373,16.459999999999997
MSP1 (Verossimilhanca composta),p95,A422,18.108644358611496,24.52
MSP1 (Verossimilhanca composta),p95,A423,18.4958152511317,24.19
MSP1 (Verossimilhanca composta),p95,A424,18.389548315058413,21.109999999999996
MSP1 (Verossimilhanca composta),p95,A425,19.295267199967626,19.359999999999996
MSP1 (Verossimilhanca composta),p95,A426,20.40325289132839,23.16
MSP1 (Verossimilhanca composta),p95,A427,16.585143819648824,23.56
MSP1 (Verossimilhanca composta),p95,A428,20.51952577829729,20.654999999999998
MSP1 (Verossimilhanca composta),p95,A429,21.193836805983857,24.729999999999997
MSP1 (Verossimilhanca composta),p95,A430,16.99390722178119,21.18
MSP1 (Verossimilhanca composta),p95,A431,15.883943972528463,18.435
MSP1 (Verossimilhanca composta),p95,A432,19.310129917383954,24.525
MSP1 (Verossimilhanca composta),p95,A433,19.159901027072156,22.419999999999995
MSP1 (Verossimilhanca composta),p95,A434,15.148611122040698,18.639999999999997
MSP1 (Verossimilhanca composta),p95,A435,20.300474072793172,24.080000000000002
MSP1 (Verossimilhanca composta),p95,A436,17.948863877850727,23.465
MSP1 (Verossimilhanca composta),p95,A437,17.577687612235465,16.064999999999998
MSP1 (Verossimilhanca composta),p95,A438,15.148371960201615,18.979999999999993
MSP1 (Verossimilhanca composta),p95,A439,17.897907738094574,24.415
MSP1 (Verossimilhanca composta),p95,A440,17.920111171575694,23.15
MSP1 (Verossimilhanca composta),p95,A441,16.923380703622044,21.705000000000002
MSP1 (Verossimilhanca composta),p95,A442,20.51756741648307,25.0
MSP1 (Verossimilhanca composta),p95,A443,17.84865598254254,22.06
MSP1 (Verossimilhanca composta),p95,A444,16.57555049693951,19.075
MSP1 (Verossimilhanca composta),p95,A445,17.41825861608845,21.199999999999996
MSP1 (Verossimilhanca composta),p95,A446,16.53634868996073,25.15
MSP1 (Verossimilhanca composta),p95,A447,17.41477223756035,21.36
MSP1 (Verossimilhanca composta),p95,A448,19.4974789308951,20.200000000000003
MSP1 (Verossimilhanca composta),p95,A449,20.388930210836918,18.925
MSP1 (Verossimilhanca composta),p95,A450,19.03025013711921,21.275
MSP1 (Verossimilhanca composta),p95,A451,19.06517863879867,20.44
MSP1 (Verossimilhanca composta),p95,A452,19.628116404619995,20.064999999999998
MSP1 (Verossimilhanca composta),p95,A453,17.85047286627436,16.09
MSP1 (Verossimilhanca composta),p95,A454,17.99271276193954,20.94
MSP1 (Verossimilhanca composta),p95,A455,16.618382658457126,23.485
MSP1 (Verossimilhanca composta),p95,A456,25.118702590210166,17.005
MSP1 (Verossimilhanca composta),p95,A458,15.968843035537418,36.425
MSP1 (Verossimilhanca composta),p95,A501,23.799547603516295,21.36
MSP1 (Verossimilhanca composta),p95,A502,24.94608559993437,24.615000000000002
MSP1 (Verossimilhanca composta),p95,A503,22.349177077850413,25.0
MSP1 (Verossimilhanca composta),p95,A504,20.4909649012529,20.27
MSP1 (Verossimilhanca composta),p95,A505,22.057638627999488,23.995
MSP1 (Verossimilhanca composta),p95,A506,18.745755292495232,22.07
MSP1 (Verossimilhanca composta),p95,A507,19.412041663729756,22.4
MSP1 (Verossimilhanca composta),p95,A508,20.140469326830996,22.204999999999995
MSP1 (Verossimilhanca composta),p95,A509,18.4680983959909,23.455
MSP1 (Verossimilhanca composta),p95,A510,22.29993747861873,21.4
MSP1 (Verossimilhanca composta),p95,A511,20.28202392767706,17.545
MSP1 (Verossimilhanca composta),p95,A512,22.69171009759146,25.06500000000001
MSP1 (Verossimilhanca composta),p95,A513,23.44406729639558,24.6
MSP1 (Verossimilhanca composta),p95,A514,22.03087940709233,27.890000000000004
MSP1 (Verossimilhanca composta),p95,A515,19.631399455768427,22.080000000000002
MSP1 (Verossimilhanca composta),p95,A516,18.756476692798113,24.525
MSP1 (Verossimilhanca composta),p95,A517,19.14309607593008,24.05
MSP1 (Verossimilhanca composta),p95,A518,21.80579369532872,27.419999999999998
MSP1 (Verossimilhanca composta),p95,A519,22.184539749262054,24.515
MSP1 (Verossimilhanca composta),p95,A520,22.039136014311904,24.735
MSP1 (Verossimilhanca composta),p95,A521,23.719395834484864,24.24
MSP1 (Verossimilhanca composta),p95,A522,20.075726637285822,22.439999999999998
MSP1 (Verossimilhanca composta),p95,A523,21.80966063714995,22.2
MSP1 (Verossimilhanca composta),p95,A524,23.732896586505834,23.155
MSP1 (Verossimilhanca composta),p95,A525,21.86133265745354,23.810000000000002
MSP1 (Verossimilhanca composta),p95,A526,18.60200562679416,21.639999999999993
MSP1 (Verossimilhanca composta),p95,A527,20.333787731821072,24.01
MSP1 (Verossimilhanca composta),p95,A528,21.81820386012746,21.5
MSP1 (Verossimilhanca composta),p95,A529,19.964975028362254,24.53
MSP1 (Verossimilhanca composta),p95,A530,19.98265929845041,21.585
MSP1 (Verossimilhanca composta),p95,A531,23.232861396194437,22.115000000000002
MSP1 (Verossimilhanca composta),p95,A532,22.433339344931117,28.069999999999997
MSP1 (Verossimilhanca composta),p95,A533,15.507517685587839,24.35
MSP1 (Verossimilhanca composta),p95,A534,22.207470220666806,24.375
MSP1 (Verossimilhanca composta),p95,A535,23.510232124227322,20.205000000000002
MSP1 (Verossimilhanca composta),p95,A536,20.061901854097535,24.82
MSP1 (Verossimilhanca composta),p95,A537,22.443944586041134,23.330000000000002
MSP1 (Verossimilhanca composta),p95,A538,21.03246112399658,22.660000000000004
MSP1 (Verossimilhanca composta),p95,A539,17.86132279444854,22.86
MSP1 (Verossimilhanca composta),p95,A540,20.467276698768803,22.029999999999998
MSP1 (Verossimilhanca composta),p95,A541,20.837414441876575,24.0
MSP1 (Verossimilhanca composta),p95,A542,20.61193368397072,23.61
MSP1 (Verossimilhanca composta),p95,A543,20.915946634404055,23.0
MSP1 (Verossimilhanca composta),p95,A544,21.16674054816065,24.199999999999996
MSP1 (Verossimilhanca composta),p95,A545,20.08678757004279,21.62
MSP1 (Verossimilhanca composta),p95,A546,20.504871458810378,23.759999999999998
MSP1 (Verossimilhanca composta),p95,A547,18.83251689603213,24.969999999999995
MSP1 (Verossimilhanca composta),p95,A548,21.689862152338723,24.04
MSP1 (Verossimilhanca composta),p95,A549,19.160167159604445,22.929999999999996
MSP1 (Verossimilhanca composta),p95,A550,20.151622234893008,22.989999999999995
MSP1 (Verossimilhanca composta),p95,A551,20.289608171645817,22.709999999999997
MSP1 (Verossimilhanca composta),p95,A552,19.69751128480729,22.25
MSP1 (Verossimilhanca composta),p95,A553,19.470078371167972,23.999999999999996
MSP1 (Verossimilhanca composta),p95,A554,15.713158618877113,23.43
MSP1 (Verossimilhanca composta),p95,A555,22.477163358501116,24.615000000000002
MSP1 (Verossimilhanca composta),p95,A556,20.226373246047466,24.075
MSP1 (Verossimilhanca composta),p95,A557,25.830115658965124,23.63
MSP1 (Verossimilhanca composta),p95,A559,18.96995903454561,19.1
MSP1 (Verossimilhanca composta),p95,A560,23.78896072747054,21.314999999999998
MSP1 (Verossimilhanca composta),p95,A561,18.99829554409444,24.0
MSP1 (Verossimilhanca composta),p95,A562,19.824626897595213,24.98
MSP1 (Verossimilhanca composta),p95,A563,19.363413790300587,21.42
MSP1 (Verossimilhanca composta),p95,A564,18.196516404851995,24.16
MSP1 (Verossimilhanca composta),p95,A565,20.253187629265526,30.26999999999999
MSP1 (Verossimilhanca composta),p95,A566,19.36766264865575,21.5
MSP1 (Verossimilhanca composta),p95,A567,20.750653059278935,41.199999999999996
MSP1 (Verossimilhanca composta),p95,A568,23.67773156172825,24.46
MSP1 (Verossimilhanca composta),p95,A569,21.831725591109386,23.71
MSP1 (Verossimilhanca composta),p95,A570,20.3053017562725,34.46
MSP1 (Verossimilhanca composta),p95,A571,20.028584041535325,25.644999999999996
MSP1 (Verossimilhanca composta),p95,A572,23.030230523872167,19.9
MSP1 (Verossimilhanca composta),p95,A601,23.729165189898225,27.025
MSP1 (Verossimilhanca composta),p95,A602,23.822309325275544,28.049999999999997
MSP1 (Verossimilhanca composta),p95,A603,32.74143308905124,25.525
MSP1 (Verossimilhanca composta),p95,A604,23.64790166086373,19.830000000000002
MSP1 (Verossimilhanca composta),p95,A605,28.21934545853448,20.94
MSP1 (Verossimilhanca composta),p95,A606,20.0727222114392,30.290000000000003
MSP1 (Verossimilhanca composta),p95,A607,20.143217353171625,32.025000000000006
MSP1 (Verossimilhanca composta),p95,A608,25.328480312719734,32.9
MSP1 (Verossimilhanca composta),p95,A609,23.183362949518198,35.87500000000001
MSP1 (Verossimilhanca composta),p95,A610,21.240715796455785,39.58
MSP1 (Verossimilhanca composta),p95,A611,30.66580585195082,26.475
MSP1 (Verossimilhanca composta),p95,A612,19.30231877141346,22.745
MSP1 (Verossimilhanca composta),p95,A613,19.070618771714887,21.449999999999996
MSP1 (Verossimilhanca composta),p95,A614,18.524719542676415,26.53999999999997
MSP1 (Verossimilhanca composta),p95,A615,23.23925689991095,24.620000000000005
MSP1 (Verossimilhanca composta),p95,A616,20.588785568056206,21.51
MSP1 (Verossimilhanca composta),p95,A617,23.2356099533486,24.335
MSP1 (Verossimilhanca composta),p95,A618,31.22789294613065,20.7
MSP1 (Verossimilhanca composta),p95,A619,23.164607179324552,23.135
MSP1 (Verossimilhanca composta),p95,A620,24.034617287389878,21.514999999999997
MSP1 (Verossimilhanca composta),p95,A621,27.267795261217614,29.989999999999995
MSP1 (Verossimilhanca composta),p95,A622,21.127389448239903,25.33
MSP1 (Verossimilhanca composta),p95,A623,18.71848123300565,24.6
MSP1 (Verossimilhanca composta),p95,A624,18.96129494617585,23.65
MSP1 (Verossimilhanca composta),p95,A625,25.600025529747064,20.435
MSP1 (Verossimilhanca composta),p95,A626,22.90292364281583,23.04
MSP1 (Verossimilhanca composta),p95,A627,27.786119264314582,18.919999999999998
MSP1 (Verossimilhanca composta),p95,A628,20.88160575476433,25.479999999999997
MSP1 (Verossimilhanca composta),p95,A629,20.302537784984743,21.224999999999998
MSP1 (Verossimilhanca composta),p95,A630,18.23747835116228,17.72
MSP1 (Verossimilhanca composta),p95,A631,20.55079517656291,41.559999999999995
MSP1 (Verossimilhanca composta),p95,A632,20.295963652360435,35.37999999999999
MSP1 (Verossimilhanca composta),p95,A633,22.81771279411088,16.56
MSP1 (Verossimilhanca composta),p95,A634,19.498752702185072,19.3
MSP1 (Verossimilhanca composta),p95,A635,23.351592845372934,29.8
MSP1 (Verossimilhanca composta),p95,A636,25.42498557930088,26.119999999999997
MSP1 (Verossimilhanca composta),p95,A637,32.21303750676031,18.925
MSP1 (Verossimilhanca composta),p95,A651,28.44319710207523,19.6
MSP1 (Verossimilhanca composta),p95,A652,23.899083890883574,32.3
MSP1 (Verossimilhanca composta),p95,A653,29.45925667312425,20.9
MSP1 (Verossimilhanca composta),p95,A654,24.726826726276716,25.639999999999997
MSP1 (Verossimilhanca composta),p95,A655,24.904432053266017,16.4
MSP1 (Verossimilhanca composta),p95,A656,28.374780569111408,14.9
MSP1 (Verossimilhanca composta),p95,A657,19.17297895082285,28.939999999999984
MSP1 (Verossimilhanca composta),p95,A659,20.315461107611632,23.6
MSP1 (Verossimilhanca composta),p95,A667,20.134290859727958,25.0
MSP1 (Verossimilhanca composta),p95,A701,21.058618020888797,26.680000000000003
MSP1 (Verossimilhanca composta),p95,A702,23.470179935061026,25.619999999999994
MSP1 (Verossimilhanca composta),p95,A703,22.972289661093935,22.29
MSP1 (Verossimilhanca composta),p95,A704,23.925847180786796,24.889999999999997
MSP1 (Verossimilhanca composta),p95,A705,22.228248490669216,23.519999999999996
MSP1 (Verossimilhanca composta),p95,A706,23.584207628492955,18.805
MSP1 (Verossimilhanca composta),p95,A707,23.046145371361,23.83
MSP1 (Verossimilhanca composta),p95,A708,22.14254156785579,21.354999999999997
MSP1 (Verossimilhanca composta),p95,A709,24.19280244545002,24.9
MSP1 (Verossimilhanca composta),p95,A710,23.004987240395348,24.279999999999983
MSP1 (Verossimilhanca composta),p95,A711,23.551021421742185,24.3
MSP1 (Verossimilhanca composta),p95,A712,19.570484581580136,24.035
MSP1 (Verossimilhanca composta),p95,A713,23.300475751151936,25.02
MSP1 (Verossimilhanca composta),p95,A714,23.225629540862773,24.415
MSP1 (Verossimilhanca composta),p95,A715,23.440163674093426,24.415
MSP1 (Verossimilhanca composta),p95,A716,22.9333684127076,31.34499999999999
MSP1 (Verossimilhanca composta),p95,A717,22.63898805372271,24.4
MSP1 (Verossimilhanca composta),p95,A718,21.681888463016257,24.04
MSP1 (Verossimilhanca composta),p95,A719,21.251592141841485,22.4
MSP1 (Verossimilhanca composta),p95,A720,23.47007945966695,23.635
MSP1 (Verossimilhanca composta),p95,A721,24.470337061440212,25.035000000000004
MSP1 (Verossimilhanca composta),p95,A722,21.407294106460117,24.01
MSP1 (Verossimilhanca composta),p95,A723,21.70178651326326,23.34
MSP1 (Verossimilhanca composta),p95,A724,23.03609771502613,26.61999999999997
MSP1 (Verossimilhanca composta),p95,A725,22.09619456691859,23.765
MSP1 (Verossimilhanca composta),p95,A726,23.396327305340623,25.68
MSP1 (Verossimilhanca composta),p95,A727,22.73407328575744,24.045
MSP1 (Verossimilhanca composta),p95,A728,23.584235786473833,24.605
MSP1 (Verossimilhanca composta),p95,A729,23.028518651632375,23.419999999999998
MSP1 (Verossimilhanca composta),p95,A730,22.83835209998475,23.555
MSP1 (Verossimilhanca composta),p95,A731,24.38004765650163,22.55
MSP1 (Verossimilhanca composta),p95,A732,21.36341569777465,25.0
MSP1 (Verossimilhanca composta),p95,A733,22.15053043269111,24.279999999999998
MSP1 (Verossimilhanca composta),p95,A734,22.385381510587774,26.799999999999997
MSP1 (Verossimilhanca composta),p95,A735,21.568268849442976,24.419999999999998
MSP1 (Verossimilhanca composta),p95,A736,16.90811333585612,24.449999999999996
MSP1 (Verossimilhanca composta),p95,A737,20.643968235682575,24.169999999999998
MSP1 (Verossimilhanca composta),p95,A738,20.614912878783862,23.169999999999995
MSP1 (Verossimilhanca composta),p95,A739,20.630116941540084,22.139999999999997
MSP1 (Verossimilhanca composta),p95,A740,23.638413358122804,25.419999999999995
MSP1 (Verossimilhanca composta),p95,A741,20.775643308176395,23.98
MSP1 (Verossimilhanca composta),p95,A742,21.79843926844177,24.715
MSP1 (Verossimilhanca composta),p95,A743,22.537405485602665,30.08
MSP1 (Verossimilhanca composta),p95,A744,21.272700854604746,40.62
MSP1 (Verossimilhanca composta),p95,A745,23.406662383908124,23.825
MSP1 (Verossimilhanca composta),p95,A746,23.23579468615756,19.65
MSP1 (Verossimilhanca composta),p95,A747,21.090540109447744,25.519999999999996
MSP1 (Verossimilhanca composta),p95,A748,22.088464284201226,21.575000000000003
MSP1 (Verossimilhanca composta),p95,A749,22.93439946464318,22.599999999999998
MSP1 (Verossimilhanca composta),p95,A750,21.49739557382719,24.33
MSP1 (Verossimilhanca composta),p95,A751,23.488708828310404,24.915
MSP1 (Verossimilhanca composta),p95,A752,28.06238584142015,24.82
MSP1 (Verossimilhanca composta),p95,A753,18.976357973350563,24.49
MSP1 (Verossimilhanca composta),p95,A754,23.312487948521202,29.27499999999998
MSP1 (Verossimilhanca composta),p95,A755,24.043519208658548,28.485
MSP1 (Verossimilhanca composta),p95,A756,22.317323890539395,24.5
MSP1 (Verossimilhanca composta),p95,A757,21.97169878152682,24.0
MSP1 (Verossimilhanca composta),p95,A758,21.489540448842764,23.83
MSP1 (Verossimilhanca composta),p95,A759,25.208559290291134,25.099999999999998
MSP1 (Verossimilhanca composta),p95,A760,22.192595509725813,24.740000000000002
MSP1 (Verossimilhanca composta),p95,A761,21.333527120061028,24.52
MSP1 (Verossimilhanca composta),p95,A762,24.12811966739085,36.52999999999999
MSP1 (Verossimilhanca composta),p95,A763,21.56612644931087,29.879999999999995
MSP1 (Verossimilhanca composta),p95,A764,22.325683314566184,22.844999999999995
MSP1 (Verossimilhanca composta),p95,A765,23.48450222129825,27.16
MSP1 (Verossimilhanca composta),p95,A766,22.058955820726542,31.999999999999993
MSP1 (Verossimilhanca composta),p95,A767,23.193463494152738,28.02
MSP1 (Verossimilhanca composta),p95,A768,22.921600149526412,26.26
MSP1 (Verossimilhanca composta),p95,A769,23.299192497567184,27.374999999999996
MSP1 (Verossimilhanca composta),p95,A770,23.65805161105662,22.2
MSP1 (Verossimilhanca composta),p95,A771,24.032591142083184,27.029999999999994
MSP1 (Verossimilhanca composta),p95,A801,29.940363229539486,28.775
MSP1 (Verossimilhanca composta),p95,A802,26.25214908609688,30.48
MSP1 (Verossimilhanca composta),p95,A803,24.7410749124778,25.88
MSP1 (Verossimilhanca composta),p95,A804,26.576590062931974,31.09
MSP1 (Verossimilhanca composta),p95,A805,26.646955872832887,35.059999999999995
MSP1 (Verossimilhanca composta),p95,A806,21.2961156293117,27.939999999999994
MSP1 (Verossimilhanca composta),p95,A807,23.652238344288264,25.169999999999998
MSP1 (Verossimilhanca composta),p95,A808,25.37763937600149,26.42999999999999
MSP1 (Verossimilhanca composta),p95,A809,27.347021557880524,27.07
MSP1 (Verossimilhanca composta),p95,A810,26.36842880952799,33.75
MSP1 (Verossimilhanca composta),p95,A811,25.74638691923345,32.599999999999994
MSP1 (Verossimilhanca composta),p95,A814,25.44547807749378,25.024999999999988
MSP1 (Verossimilhanca composta),p95,A815,38.62808447943313,28.229999999999997
MSP1 (Verossimilhanca composta),p95,A816,25.230534846861293,36.425
MSP1 (Verossimilhanca composta),p95,A817,21.617035996972614,33.675000000000004
MSP1 (Verossimilhanca composta),p95,A818,24.25739627230015,24.14
MSP1 (Verossimilhanca composta),p95,A819,21.50207235289762,24.88
MSP1 (Verossimilhanca composta),p95,A820,24.44280168693491,33.27
MSP1 (Verossimilhanca composta),p95,A821,24.22165349113087,25.580000000000002
MSP1 (Verossimilhanca composta),p95,A822,24.357780585518093,28.36
MSP1 (Verossimilhanca composta),p95,A823,21.61358734777314,29.735000000000003
MSP1 (Verossimilhanca composta),p95,A824,23.633782031934786,31.1
MSP1 (Verossimilhanca composta),p95,A825,22.676291738311303,30.849999999999994
MSP1 (Verossimilhanca composta),p95,A826,27.430847656746316,25.915
MSP1 (Verossimilhanca composta),p95,A827,26.6652317188206,30.90999999999998
MSP1 (Verossimilhanca composta),p95,A828,27.011021958229932,28.265000000000004
MSP1 (Verossimilhanca composta),p95,A829,25.898826345809344,30.91000000000001
MSP1 (Verossimilhanca composta),p95,A830,24.635428284811034,31.189999999999998
MSP1 (Verossimilhanca composta),p95,A831,24.438782677762397,32.16
MSP1 (Verossimilhanca composta),p95,A832,26.581630725232827,29.599999999999998
MSP1 (Verossimilhanca composta),p95,A833,22.629987311523784,37.0
MSP1 (Verossimilhanca composta),p95,A834,23.192346341295448,33.76
MSP1 (Verossimilhanca composta),p95,A835,25.38788459231781,25.755000000000003
MSP1 (Verossimilhanca composta),p95,A836,25.467181481881777,32.269999999999996
MSP1 (Verossimilhanca composta),p95,A837,26.893492897744363,38.464999999999996
MSP1 (Verossimilhanca composta),p95,A839,23.14477698523261,31.67
MSP1 (Verossimilhanca composta),p95,A840,30.161000097575133,27.985
MSP1 (Verossimilhanca composta),p95,A841,23.617073169352665,29.86
MSP1 (Verossimilhanca composta),p95,A842,23.927402917398414,27.24
MSP1 (Verossimilhanca composta),p95,A843,27.910873019340695,37.599999999999994
MSP1 (Verossimilhanca composta),p95,A844,28.163434152550145,36.82999999999999
MSP1 (Verossimilhanca composta),p95,A845,25.972169641903488,41.06
MSP1 (Verossimilhanca composta),p95,A846,27.74855506560429,30.174999999999997
MSP1 (Verossimilhanca composta),p95,A847,23.54986300287055,30.364999999999995
MSP1 (Verossimilhanca composta),p95,A848,25.32329578857943,32.12
MSP1 (Verossimilhanca composta),p95,A849,25.472189106525754,31.189999999999998
MSP1 (Verossimilhanca composta),p95,A850,25.548093507282914,31.659999999999993
MSP1 (Verossimilhanca composta),p95,A851,23.306729602443127,27.71
MSP1 (Verossimilhanca composta),p95,A852,24.32978166240213,27.49
MSP1 (Verossimilhanca composta),p95,A853,26.220398261811745,39.28999999999999
MSP1 (Verossimilhanca composta),p95,A854,26.46497413088533,26.17999999999999
MSP1 (Verossimilhanca composta),p95,A855,25.311258347233657,33.22
MSP1 (Verossimilhanca composta),p95,A856,26.780552880529186,31.744999999999987
MSP1 (Verossimilhanca composta),p95,A857,25.419040111913105,31.359999999999996
MSP1 (Verossimilhanca composta),p95,A858,25.11428149771405,31.694999999999997
MSP1 (Verossimilhanca composta),p95,A859,22.38471010524348,27.979999999999997
MSP1 (Verossimilhanca composta),p95,A860,24.9790220849242,37.85999999999999
MSP1 (Verossimilhanca composta),p95,A861,27.291626242545508,29.78
MSP1 (Verossimilhanca composta),p95,A862,25.56866684162489,27.509999999999994
MSP1 (Verossimilhanca composta),p95,A863,25.851350446660444,29.825
MSP1 (Verossimilhanca composta),p95,A864,22.050536563566997,31.439999999999998
MSP1 (Verossimilhanca composta),p95,A865,27.20518202544824,24.305
MSP1 (Verossimilhanca composta),p95,A866,22.043322531179033,38.339999999999996
MSP1 (Verossimilhanca composta),p95,A867,22.063760531077357,28.735
MSP1 (Verossimilhanca composta),p95,A868,26.36559907962903,27.675
MSP1 (Verossimilhanca composta),p95,A869,27.96170444110294,25.08
MSP1 (Verossimilhanca composta),p95,A870,22.002053477866266,23.24
MSP1 (Verossimilhanca composta),p95,A871,23.097108012266077,27.949999999999992
MSP1 (Verossimilhanca composta),p95,A872,23.931380685504536,26.93
MSP1 (Verossimilhanca composta),p95,A873,22.67613748903821,28.65499999999999
MSP1 (Verossimilhanca composta),p95,A874,26.963554070465847,24.15999999999999
MSP1 (Verossimilhanca composta),p95,A875,23.706562658088647,22.935
MSP1 (Verossimilhanca composta),p95,A876,30.4353074955914,30.599999999999994
MSP1 (Verossimilhanca composta),p95,A878,22.44285732909095,38.7
MSP1 (Verossimilhanca composta),p95,A879,25.289020461153143,41.149999999999984
MSP1 (Verossimilhanca composta),p95,A880,26.514918715928932,44.46
MSP1 (Verossimilhanca composta),p95,A881,25.805435954774087,30.925
MSP1 (Verossimilhanca composta),p95,A882,25.57489086499436,28.569999999999997
MSP1 (Verossimilhanca composta),p95,A883,30.298001649538353,23.679999999999996
MSP1 (Verossimilhanca composta),p95,A884,31.152559103427272,24.7
MSP1 (Verossimilhanca composta),p95,A886,30.270726115100757,32.934999999999995
MSP1 (Verossimilhanca composta),p95,A889,27.90902518868742,25.055
MSP1 (Verossimilhanca composta),p95,A893,26.20983523024927,31.92
MSP1 (Verossimilhanca composta),p95,A894,25.378678467706607,24.5
MSP1 (Verossimilhanca composta),p95,A895,25.99582964792395,29.38
MSP1 (Verossimilhanca composta),p95,A897,27.247245745519574,29.224999999999998
MSP1 (Verossimilhanca composta),p95,A898,26.916546015079454,32.94
MSP1 (Verossimilhanca composta),p95,A901,22.76916048639194,23.525
MSP1 (Verossimilhanca composta),p95,A902,20.437122637792307,24.889999999999997
MSP1 (Verossimilhanca composta),p95,A903,20.517074717929592,21.7
MSP1 (Verossimilhanca composta),p95,A904,20.111707078628513,22.445
MSP1 (Verossimilhanca composta),p95,A905,23.08912566369198,23.96
MSP1 (Verossimilhanca composta),p95,A906,20.541146302133477,24.6
MSP1 (Verossimilhanca composta),p95,A907,21.17533376537668,24.639999999999997
MSP1 (Verossimilhanca composta),p95,A908,19.219111100319648,24.705
MSP1 (Verossimilhanca composta),p95,A909,22.86029400950782,22.529999999999998
MSP1 (Verossimilhanca composta),p95,A910,20.13321159020144,22.02
MSP1 (Verossimilhanca composta),p95,A911,20.73671980261041,36.72
MSP1 (Verossimilhanca composta),p95,A912,19.456809567207046,24.305
MSP1 (Verossimilhanca composta),p95,A913,18.94256684332328,22.75
MSP1 (Verossimilhanca composta),p95,A914,19.284851970720627,21.939999999999998
MSP1 (Verossimilhanca composta),p95,A915,22.11108662002454,24.1
MSP1 (Verossimilhanca composta),p95,A916,19.2549014105283,24.215
MSP1 (Verossimilhanca composta),p95,A917,19.63265126158782,22.489999999999995
MSP1 (Verossimilhanca composta),p95,A918,20.876036943404568,23.44
MSP1 (Verossimilhanca composta),p95,A919,19.692906779662493,24.275
MSP1 (Verossimilhanca composta),p95,A920,18.458381964467446,23.84
MSP1 (Verossimilhanca composta),p95,A921,20.362401955841815,23.46
MSP1 (Verossimilhanca composta),p95,A922,19.753148201126724,22.455
MSP1 (Verossimilhanca composta),p95,A923,22.787370227255924,41.07499999999999
MSP1 (Verossimilhanca composta),p95,A924,20.815990138991488,22.45
MSP1 (Verossimilhanca composta),p95,A925,21.224154799658603,24.915
MSP1 (Verossimilhanca composta),p95,A926,19.273557175639258,22.779999999999998
MSP1 (Verossimilhanca composta),p95,A927,20.23313687492012,22.62
MSP1 (Verossimilhanca composta),p95,A928,18.955115599373798,22.81
MSP1 (Verossimilhanca composta),p95,A929,21.725193034937007,24.72
MSP1 (Verossimilhanca composta),p95,A930,20.031202024717388,22.2
MSP1 (Verossimilhanca composta),p95,A931,21.924783415224887,24.259999999999998
MSP1 (Verossimilhanca composta),p95,A932,22.065642082391275,22.915
MSP1 (Verossimilhanca composta),p95,A933,22.12352415701292,23.9
MSP1 (Verossimilhanca composta),p95,A934,20.554462952697563,24.830000000000002
MSP1 (Verossimilhanca composta),p95,A935,23.150403842200596,22.025
MSP1 (Verossimilhanca composta),p95,A936,23.117331946770236,22.29
MSP1 (Verossimilhanca composta),p95,A937,19.994642904592332,22.319999999999997
MSP1 (Verossimilhanca composta),p95,A938,19.77063536839091,22.2
MSP1 (Verossimilhanca composta),p95,A939,18.62633702195739,23.974999999999998
MSP1 (Verossimilhanca composta),p95,A940,21.92800974325974,24.93
MSP1 (Verossimilhanca composta),p95,A941,20.39806640763625,21.895
MSP1 (Verossimilhanca composta),p95,A942,20.746555729865168,32.82
MSP1 (Verossimilhanca composta),p95,A943,21.057891176963153,26.35
MSP1 (Verossimilhanca composta),p95,A944,19.449258111761754,19.43
MSP1 (Verossimilhanca composta),p95,B803,25.34187826467709,32.98
MSP1 (Verossimilhanca composta),p95,B804,29.313648728003095,34.379999999999995
MSP1 (Verossimilhanca composta),p95,B806,23.28598485655644,23.069999999999997
MSP1 (Verossimilhanca composta),p95,B807,24.404728655646846,29.22
MSP1 (Verossimilhanca composta),p95,B808,24.599849122880773,12.8
MSP1 (Verossimilhanca composta),p95,B809,23.76599880815786,16.0
MSP1 (Verossimilhanca composta),p95,B810,23.19704685155263,15.0
MSP1 (Verossimilhanca composta),p95,B811,22.912485806692143,15.7
MSP1 (Verossimilhanca composta),p95,B812,23.26995321558226,13.1
MSP1 (Verossimilhanca composta),p95,B813,22.74564686474689,10.4
MSP1 (Verossimilhanca composta),p95,B814,23.337244250721838,10.6
MSP1 (Verossimilhanca composta),p95,B816,32.406707674830606,9.3
MSP1 (Verossimilhanca composta),p95,B817,29.14208146096785,11.7
MSP1 (Verossimilhanca composta),p95,B818,25.698866635116072,12.2
MSP1 (Verossimilhanca composta),p95,B819,31.306367930222713,16.4
MSP1 (Verossimilhanca composta),p95,B820,31.960399260000692,14.9
MSP1 (Verossimilhanca composta),p95,B821,26.376568339434744,8.6
MSP1 (Verossimilhanca composta),p95,B822,23.717343569494673,12.6
MSP1 (Verossimilhanca composta),p95,B823,25.849538342420065,11.1
MSP1 (Verossimilhanca composta),p95,B825,24.404695570651086,13.5
MSP1 (Verossimilhanca composta),p95,B827,27.946592621893675,11.5
MSP1 (Verossimilhanca composta),p95,B828,25.90001171265856,14.9
MSP1 (Verossimilhanca composta),p95,B829,27.220671413925025,18.7
MSP1 (Verossimilhanca composta),p95,F501,23.88550959134787,28.89
MSP1 (Verossimilhanca composta),p99,A001,18.528262049728696,25.875
MSP1 (Verossimilhanca composta),p99,A002,18.817656859229388,22.983999999999998
MSP1 (Verossimilhanca composta),p99,A003,22.772948311952177,24.77
MSP1 (Verossimilhanca composta),p99,A004,21.757655622463226,23.781
MSP1 (Verossimilhanca composta),p99,A005,20.55205434265477,23.24
MSP1 (Verossimilhanca composta),p99,A006,22.33213886037078,17.345
MSP1 (Verossimilhanca composta),p99,A007,20.919944215299065,23.447
MSP1 (Verossimilhanca composta),p99,A008,21.9002889615595,24.08
MSP1 (Verossimilhanca composta),p99,A009,19.78630753976934,23.337
MSP1 (Verossimilhanca composta),p99,A010,21.57239714773229,24.200000000000003
MSP1 (Verossimilhanca composta),p99,A011,23.654035642176726,24.863999999999997
MSP1 (Verossimilhanca composta),p99,A012,20.931441143365618,24.367
MSP1 (Verossimilhanca composta),p99,A013,21.385220944339075,24.022
MSP1 (Verossimilhanca composta),p99,A014,20.28787060524124,23.982
MSP1 (Verossimilhanca composta),p99,A015,21.989457788297187,24.456
MSP1 (Verossimilhanca composta),p99,A016,22.065022987471675,24.446
MSP1 (Verossimilhanca composta),p99,A017,22.048619655721208,23.446
MSP1 (Verossimilhanca composta),p99,A018,21.39338056642689,24.782
MSP1 (Verossimilhanca composta),p99,A019,21.16807118938307,24.332
MSP1 (Verossimilhanca composta),p99,A020,21.0925977767201,23.646
MSP1 (Verossimilhanca composta),p99,A021,19.79957368822402,18.538
MSP1 (Verossimilhanca composta),p99,A022,22.351970487419507,24.51
MSP1 (Verossimilhanca composta),p99,A023,21.857904201214243,24.01
MSP1 (Verossimilhanca composta),p99,A024,20.704185911386855,23.784
MSP1 (Verossimilhanca composta),p99,A025,22.712947415748914,25.392
MSP1 (Verossimilhanca composta),p99,A026,21.052252224368562,24.881999999999998
MSP1 (Verossimilhanca composta),p99,A027,21.843350508944848,24.131999999999998
MSP1 (Verossimilhanca composta),p99,A028,21.57535044921225,24.716
MSP1 (Verossimilhanca composta),p99,A029,20.6423645364769,40.544
MSP1 (Verossimilhanca composta),p99,A031,20.641543096824083,29.036
MSP1 (Verossimilhanca composta),p99,A032,20.212034969829425,24.928
MSP1 (Verossimilhanca composta),p99,A033,18.63289213647863,23.5
MSP1 (Verossimilhanca composta),p99,A034,19.069955378890572,22.032
MSP1 (Verossimilhanca composta),p99,A035,23.853217112667778,24.791999999999998
MSP1 (Verossimilhanca composta),p99,A036,21.61414750003429,24.932
MSP1 (Verossimilhanca composta),p99,A037,20.88933168484214,23.62
MSP1 (Verossimilhanca composta),p99,A038,21.04059638784503,24.483
MSP1 (Verossimilhanca composta),p99,A039,21.39685905994161,24.661999999999995
MSP1 (Verossimilhanca composta),p99,A040,19.629837073300866,24.2
MSP1 (Verossimilhanca composta),p99,A041,22.247182320139636,24.774
MSP1 (Verossimilhanca composta),p99,A042,21.625820014576252,29.976
MSP1 (Verossimilhanca composta),p99,A043,17.94660208352989,19.428
MSP1 (Verossimilhanca composta),p99,A044,19.100576233006503,24.355
MSP1 (Verossimilhanca composta),p99,A045,21.321030124602572,21.749
MSP1 (Verossimilhanca composta),p99,A046,21.740509945729183,26.424000000000003
MSP1 (Verossimilhanca composta),p99,A047,21.084485569741723,23.26
MSP1 (Verossimilhanca composta),p99,A048,17.015244399893078,36.49
MSP1 (Verossimilhanca composta),p99,A049,20.148389955078606,38.167
MSP1 (Verossimilhanca composta),p99,A050,21.08635048877391,29.413999999999998
MSP1 (Verossimilhanca composta),p99,A051,21.063228865391753,21.476
MSP1 (Verossimilhanca composta),p99,A052,21.738593454280174,23.16
MSP1 (Verossimilhanca composta),p99,A053,22.32794315481781,24.82
MSP1 (Verossimilhanca composta),p99,A054,20.990567096534306,23.84
MSP1 (Verossimilhanca composta),p99,A055,20.691751791671415,28.317000000000004
MSP1 (Verossimilhanca composta),p99,A056,22.031915806751048,42.504000000000005
MSP1 (Verossimilhanca composta),p99,A101,19.748413345540524,40.575
MSP1 (Verossimilhanca composta),p99,A102,21.976593429615658,22.63
MSP1 (Verossimilhanca composta),p99,A104,18.74561540636016,23.951999999999998
MSP1 (Verossimilhanca composta),p99,A108,21.892748458975042,19.588
MSP1 (Verossimilhanca composta),p99,A109,21.94684693262888,22.267
MSP1 (Verossimilhanca composta),p99,A110,19.19713295206918,23.256
MSP1 (Verossimilhanca composta),p99,A111,20.213861599505574,20.066
MSP1 (Verossimilhanca composta),p99,A112,21.936459836117916,24.451999999999998
MSP1 (Verossimilhanca composta),p99,A113,19.82174725138168,23.685
MSP1 (Verossimilhanca composta),p99,A117,19.53253853871882,21.666
MSP1 (Verossimilhanca composta),p99,A119,21.961149646943714,23.211
MSP1 (Verossimilhanca composta),p99,A121,15.511920990747786,21.559999999999995
MSP1 (Verossimilhanca composta),p99,A122,16.495710654148784,19.455
MSP1 (Verossimilhanca composta),p99,A123,15.713554652615938,20.325
MSP1 (Verossimilhanca composta),p99,A124,15.503311352316091,17.32
MSP1 (Verossimilhanca composta),p99,A125,22.019995456260578,24.072999999999997
MSP1 (Verossimilhanca composta),p99,A126,19.6002587595688,24.099999999999998
MSP1 (Verossimilhanca composta),p99,A127,20.130767508986125,14.8
MSP1 (Verossimilhanca composta),p99,A128,16.95273190256992,20.696
MSP1 (Verossimilhanca composta),p99,A133,19.441783533767786,24.608
MSP1 (Verossimilhanca composta),p99,A134,17.1868412635736,19.372
MSP1 (Verossimilhanca composta),p99,A135,17.172374926278138,24.23
MSP1 (Verossimilhanca composta),p99,A136,21.892406639347627,19.978
MSP1 (Verossimilhanca composta),p99,A137,21.88483491106273,24.984
MSP1 (Verossimilhanca composta),p99,A138,18.01486113980267,24.07
MSP1 (Verossimilhanca composta),p99,A140,19.1644588398041,21.692
MSP1 (Verossimilhanca composta),p99,A144,19.9109781956787,23.265
MSP1 (Verossimilhanca composta),p99,A201,19.25849397239769,20.068
MSP1 (Verossimilhanca composta),p99,A202,17.291592623783707,21.156
MSP1 (Verossimilhanca composta),p99,A203,17.607728505632252,18.246
MSP1 (Verossimilhanca composta),p99,A204,19.55593217121953,24.163999999999998
MSP1 (Verossimilhanca composta),p99,A205,20.86973307635763,21.72
MSP1 (Verossimilhanca composta),p99,A206,18.801923002583205,24.476
MSP1 (Verossimilhanca composta),p99,A207,18.569731211492893,22.715000000000003
MSP1 (Verossimilhanca composta),p99,A208,20.125229306656188,18.472
MSP1 (Verossimilhanca composta),p99,A209,18.41464369070588,18.346
MSP1 (Verossimilhanca composta),p99,A210,19.38177699611761,21.555999999999997
MSP1 (Verossimilhanca composta),p99,A211,16.12575918266889,23.708000000000002
MSP1 (Verossimilhanca composta),p99,A212,18.14155676221361,24.538
MSP1 (Verossimilhanca composta),p99,A213,20.149917426039153,19.583000000000002
MSP1 (Verossimilhanca composta),p99,A214,19.649555151068565,22.108
MSP1 (Verossimilhanca composta),p99,A215,18.578314058858645,18.610999999999997
MSP1 (Verossimilhanca composta),p99,A216,20.350219335742434,35.519999999999996
MSP1 (Verossimilhanca composta),p99,A217,15.683264581701083,24.047
MSP1 (Verossimilhanca composta),p99,A218,18.857008026345884,19.27
MSP1 (Verossimilhanca composta),p99,A219,15.224150130356557,19.252
MSP1 (Verossimilhanca composta),p99,A220,18.241496131159614,22.552
MSP1 (Verossimilhanca composta),p99,A221,20.314688926840162,23.656
MSP1 (Verossimilhanca composta),p99,A222,18.410984524639876,24.147
MSP1 (Verossimilhanca composta),p99,A223,19.469055852983782,22.432
MSP1 (Verossimilhanca composta),p99,A224,19.85212590007157,24.598
MSP1 (Verossimilhanca composta),p99,A225,19.815494455109725,24.9
MSP1 (Verossimilhanca composta),p99,A226,16.54595240158771,24.983
MSP1 (Verossimilhanca composta),p99,A227,17.09336639381795,22.999999999999996
MSP1 (Verossimilhanca composta),p99,A228,16.540945405238787,30.88
MSP1 (Verossimilhanca composta),p99,A229,19.80311554602779,23.085
MSP1 (Verossimilhanca composta),p99,A230,18.803565566951125,24.447999999999997
MSP1 (Verossimilhanca composta),p99,A231,16.29868556092137,22.600999999999996
MSP1 (Verossimilhanca composta),p99,A232,16.46463959349996,24.255999999999997
MSP1 (Verossimilhanca composta),p99,A233,19.739528742990732,24.685
MSP1 (Verossimilhanca composta),p99,A234,20.567575759744408,23.669999999999998
MSP1 (Verossimilhanca composta),p99,A235,19.569341940857605,24.07
MSP1 (Verossimilhanca composta),p99,A236,18.09771883967487,20.231999999999996
MSP1 (Verossimilhanca composta),p99,A237,19.175566895202394,24.136
MSP1 (Verossimilhanca composta),p99,A238,18.69847202595732,22.717999999999996
MSP1 (Verossimilhanca composta),p99,A239,18.207197593917304,23.875999999999998
MSP1 (Verossimilhanca composta),p99,A240,19.527380465761816,23.22
MSP1 (Verossimilhanca composta),p99,A241,19.72291025019121,24.549
MSP1 (Verossimilhanca composta),p99,A242,18.310986825249962,18.955
MSP1 (Verossimilhanca composta),p99,A243,19.393311145048674,24.47
MSP1 (Verossimilhanca composta),p99,A244,14.294029116618697,24.676
MSP1 (Verossimilhanca composta),p99,A245,15.974228398478735,17.794
MSP1 (Verossimilhanca composta),p99,A246,18.006303040410792,22.25
MSP1 (Verossimilhanca composta),p99,A247,20.63461474339226,47.86
MSP1 (Verossimilhanca composta),p99,A248,18.566608585881294,21.646
MSP1 (Verossimilhanca composta),p99,A249,19.68566254037213,24.32
MSP1 (Verossimilhanca composta),p99,A250,18.347311332777853,23.823999999999998
MSP1 (Verossimilhanca composta),p99,A251,19.939804956212498,38.804
MSP1 (Verossimilhanca composta),p99,A252,19.605853994714792,41.016
MSP1 (Verossimilhanca composta),p99,A253,16.487907270175022,38.21999999999999
MSP1 (Verossimilhanca composta),p99,A254,20.208697131559315,23.614
MSP1 (Verossimilhanca composta),p99,A255,18.44316898074373,38.776
MSP1 (Verossimilhanca composta),p99,A256,20.266590784881963,42.688
MSP1 (Verossimilhanca composta),p99,A301,16.90936780049754,22.296
MSP1 (Verossimilhanca composta),p99,A302,17.29664133488452,24.297
MSP1 (Verossimilhanca composta),p99,A303,14.724943596251304,24.857999999999997
MSP1 (Verossimilhanca composta),p99,A304,17.4048120506178,23.116000000000003
MSP1 (Verossimilhanca composta),p99,A305,17.344016965034193,21.90600000000001
MSP1 (Verossimilhanca composta),p99,A306,17.53791393000676,23.863999999999997
MSP1 (Verossimilhanca composta),p99,A307,18.382702754284235,25.858999999999998
MSP1 (Verossimilhanca composta),p99,A308,20.661141570615783,23.496
MSP1 (Verossimilhanca composta),p99,A309,19.1374231612125,24.679
MSP1 (Verossimilhanca composta),p99,A310,17.92095531700148,18.552999999999997
MSP1 (Verossimilhanca composta),p99,A311,20.539197326486153,22.72
MSP1 (Verossimilhanca composta),p99,A312,19.25231655275942,22.743
MSP1 (Verossimilhanca composta),p99,A313,17.211431272568863,19.971999999999998
MSP1 (Verossimilhanca composta),p99,A314,17.740325987539716,19.161999999999995
MSP1 (Verossimilhanca composta),p99,A315,20.47620023909819,23.0
MSP1 (Verossimilhanca composta),p99,A316,20.788694520042004,24.746000000000002
MSP1 (Verossimilhanca composta),p99,A317,17.55664119725478,24.563999999999997
MSP1 (Verossimilhanca composta),p99,A318,19.56015864143264,22.148999999999997
MSP1 (Verossimilhanca composta),p99,A319,20.626775911495322,24.248
MSP1 (Verossimilhanca composta),p99,A320,17.44418925923617,23.116000000000003
MSP1 (Verossimilhanca composta),p99,A321,19.096567706413236,24.146
MSP1 (Verossimilhanca composta),p99,A322,17.9459625766791,19.338
MSP1 (Verossimilhanca composta),p99,A323,16.582698234518553,23.257999999999996
MSP1 (Verossimilhanca composta),p99,A324,20.116577331044276,23.2
MSP1 (Verossimilhanca composta),p99,A325,19.157759874170022,23.592
MSP1 (Verossimilhanca composta),p99,A326,19.862927244665094,24.846
MSP1 (Verossimilhanca composta),p99,A327,17.093442974717632,20.902
MSP1 (Verossimilhanca composta),p99,A328,18.190354001014516,18.098
MSP1 (Verossimilhanca composta),p99,A329,19.84256850477517,23.564
MSP1 (Verossimilhanca composta),p99,A330,19.435884591904713,35.724000000000004
MSP1 (Verossimilhanca composta),p99,A331,19.201442174655938,26.732999999999993
MSP1 (Verossimilhanca composta),p99,A332,19.07179257500576,24.556
MSP1 (Verossimilhanca composta),p99,A333,20.524524557683517,22.438000000000002
MSP1 (Verossimilhanca composta),p99,A334,18.508757093913882,22.228
MSP1 (Verossimilhanca composta),p99,A335,18.749781117516644,23.264
MSP1 (Verossimilhanca composta),p99,A336,22.321649375981362,23.868
MSP1 (Verossimilhanca composta),p99,A337,18.628223230747846,24.157999999999998
MSP1 (Verossimilhanca composta),p99,A338,21.019670807442367,24.492
MSP1 (Verossimilhanca composta),p99,A339,18.292570276515452,22.876
MSP1 (Verossimilhanca composta),p99,A340,19.267723958210563,23.410999999999998
MSP1 (Verossimilhanca composta),p99,A341,16.13250327635757,20.483999999999998
MSP1 (Verossimilhanca composta),p99,A342,20.29302629160027,24.647
MSP1 (Verossimilhanca composta),p99,A343,20.348699022463332,23.376999999999995
MSP1 (Verossimilhanca composta),p99,A344,18.567857524001198,22.839999999999996
MSP1 (Verossimilhanca composta),p99,A345,20.052960747467385,20.866
MSP1 (Verossimilhanca composta),p99,A346,19.75694386086016,18.221999999999994
MSP1 (Verossimilhanca composta),p99,A347,19.588493800335954,23.646
MSP1 (Verossimilhanca composta),p99,A348,17.649762861224087,23.798
MSP1 (Verossimilhanca composta),p99,A349,18.339716545870083,23.980999999999998
MSP1 (Verossimilhanca composta),p99,A350,19.864670496699766,23.708
MSP1 (Verossimilhanca composta),p99,A351,20.91252053580279,23.212999999999997
MSP1 (Verossimilhanca composta),p99,A352,17.410811805934674,19.604
MSP1 (Verossimilhanca composta),p99,A353,18.197513829528386,20.212999999999997
MSP1 (Verossimilhanca composta),p99,A354,20.40162729836591,22.983999999999998
MSP1 (Verossimilhanca composta),p99,A355,15.629667812246456,20.964
MSP1 (Verossimilhanca composta),p99,A356,16.635447198801423,16.588
MSP1 (Verossimilhanca composta),p99,A357,18.222628648293085,23.17999999999999
MSP1 (Verossimilhanca composta),p99,A358,20.571504859625147,23.956
MSP1 (Verossimilhanca composta),p99,A359,17.575863774562986,24.279999999999998
MSP1 (Verossimilhanca composta),p99,A360,19.025226178024784,19.0
MSP1 (Verossimilhanca composta),p99,A361,20.169422312924983,20.831
MSP1 (Verossimilhanca composta),p99,A362,18.87843821342852,24.540000000000003
MSP1 (Verossimilhanca composta),p99,A363,20.689576689847858,24.268
MSP1 (Verossimilhanca composta),p99,A364,19.382376829599348,23.756
MSP1 (Verossimilhanca composta),p99,A365,19.443776675942374,22.4
MSP1 (Verossimilhanca composta),p99,A366,19.847307451587206,22.375
MSP1 (Verossimilhanca composta),p99,A367,16.80609513736959,18.509
MSP1 (Verossimilhanca composta),p99,A368,20.132026995351026,20.398
MSP1 (Verossimilhanca composta),p99,A369,20.416149926285307,18.49
MSP1 (Verossimilhanca composta),p99,A370,21.326075553965502,26.86
MSP1 (Verossimilhanca composta),p99,A371,18.56095344372638,28.459999999999997
MSP1 (Verossimilhanca composta),p99,A372,19.825581058765906,40.36
MSP1 (Verossimilhanca composta),p99,A373,18.56311077740765,21.155
MSP1 (Verossimilhanca composta),p99,A374,19.92171577019143,27.462999999999997
MSP1 (Verossimilhanca composta),p99,A375,22.204530517574284,29.642
MSP1 (Verossimilhanca composta),p99,A376,19.063910445462664,22.228
MSP1 (Verossimilhanca composta),p99,A377,18.92207141163574,46.99999999999999
MSP1 (Verossimilhanca composta),p99,A401,16.57485500006586,46.574999999999996
MSP1 (Verossimilhanca composta),p99,A402,21.31939452347147,23.634
MSP1 (Verossimilhanca composta),p99,A403,22.712875761371066,24.91
MSP1 (Verossimilhanca composta),p99,A404,19.12084633796984,24.284999999999997
MSP1 (Verossimilhanca composta),p99,A405,19.59222523531649,21.282
MSP1 (Verossimilhanca composta),p99,A406,17.23058859409609,18.434
MSP1 (Verossimilhanca composta),p99,A407,17.215958175929345,19.76
MSP1 (Verossimilhanca composta),p99,A408,19.735433291673466,23.646
MSP1 (Verossimilhanca composta),p99,A409,15.371100300573218,40.96600000000001
MSP1 (Verossimilhanca composta),p99,A410,15.084332899756443,28.743999999999996
MSP1 (Verossimilhanca composta),p99,A411,19.740146330221016,21.288
MSP1 (Verossimilhanca composta),p99,A412,20.602085963686946,24.38
MSP1 (Verossimilhanca composta),p99,A413,16.715099186081005,24.208999999999996
MSP1 (Verossimilhanca composta),p99,A414,20.114633641989393,22.98
MSP1 (Verossimilhanca composta),p99,A415,21.082959251896693,21.7
MSP1 (Verossimilhanca composta),p99,A416,18.391095158324372,24.748
MSP1 (Verossimilhanca composta),p99,A417,15.91131046149972,23.996000000000002
MSP1 (Verossimilhanca composta),p99,A418,22.095379520274612,20.546999999999997
MSP1 (Verossimilhanca composta),p99,A419,16.328545895136028,21.896
MSP1 (Verossimilhanca composta),p99,A420,17.99638317236444,24.479
MSP1 (Verossimilhanca composta),p99,A421,15.72906831515651,18.252
MSP1 (Verossimilhanca composta),p99,A422,18.972311586991488,24.663999999999998
MSP1 (Verossimilhanca composta),p99,A423,18.5411559181811,24.598
MSP1 (Verossimilhanca composta),p99,A424,18.74110311390288,22.061999999999998
MSP1 (Verossimilhanca composta),p99,A425,19.436096619024905,22.112
MSP1 (Verossimilhanca composta),p99,A426,20.83212025464386,23.432
MSP1 (Verossimilhanca composta),p99,A427,17.136738707715672,23.752
MSP1 (Verossimilhanca composta),p99,A428,20.784409923395483,23.170999999999996
MSP1 (Verossimilhanca composta),p99,A429,21.37449815991369,26.225999999999996
MSP1 (Verossimilhanca composta),p99,A430,17.830580632242697,21.436
MSP1 (Verossimilhanca composta),p99,A431,16.13611059078647,19.046999999999997
MSP1 (Verossimilhanca composta),p99,A432,19.658616668098038,24.825
MSP1 (Verossimilhanca composta),p99,A433,19.271685361839072,24.323999999999995
MSP1 (Verossimilhanca composta),p99,A434,15.311885051682452,21.087999999999994
MSP1 (Verossimilhanca composta),p99,A435,20.300474072793172,24.496000000000002
MSP1 (Verossimilhanca composta),p99,A436,18.675905236690944,24.212999999999997
MSP1 (Verossimilhanca composta),p99,A437,19.353558573468813,16.813
MSP1 (Verossimilhanca composta),p99,A438,15.311582070125336,23.715999999999998
MSP1 (Verossimilhanca composta),p99,A439,18.20101978723909,24.483
MSP1 (Verossimilhanca composta),p99,A440,18.605521914717134,23.75
MSP1 (Verossimilhanca composta),p99,A441,17.166270589664414,22.181
MSP1 (Verossimilhanca composta),p99,A442,20.78173411533029,25.0
MSP1 (Verossimilhanca composta),p99,A443,18.43191445283417,23.852
MSP1 (Verossimilhanca composta),p99,A444,17.36709776159934,19.974999999999998
MSP1 (Verossimilhanca composta),p99,A445,19.096640307807668,23.840000000000003
MSP1 (Verossimilhanca composta),p99,A446,17.300642257629697,25.75
MSP1 (Verossimilhanca composta),p99,A447,17.471545550808113,22.512
MSP1 (Verossimilhanca composta),p99,A448,19.755181884172636,20.520000000000003
MSP1 (Verossimilhanca composta),p99,A449,20.61150677587641,19.225
MSP1 (Verossimilhanca composta),p99,A450,19.33579321171515,21.455
MSP1 (Verossimilhanca composta),p99,A451,20.19471259014931,21.368000000000002
MSP1 (Verossimilhanca composta),p99,A452,19.628116404619995,20.173
MSP1 (Verossimilhanca composta),p99,A453,18.342913998015547,16.258
MSP1 (Verossimilhanca composta),p99,A454,18.35404731117852,21.228
MSP1 (Verossimilhanca composta),p99,A455,16.65074362846618,23.737000000000002
MSP1 (Verossimilhanca composta),p99,A456,25.65850822655864,17.481
MSP1 (Verossimilhanca composta),p99,A458,16.251960574127587,39.364999999999995
MSP1 (Verossimilhanca composta),p99,A501,23.85021727077178,21.552
MSP1 (Verossimilhanca composta),p99,A502,26.660202643279817,24.843
MSP1 (Verossimilhanca composta),p99,A503,22.91812528003179,25.0
MSP1 (Verossimilhanca composta),p99,A504,21.358213142833534,20.454
MSP1 (Verossimilhanca composta),p99,A505,22.104827152608976,24.793
MSP1 (Verossimilhanca composta),p99,A506,18.817594530436025,24.025
MSP1 (Verossimilhanca composta),p99,A507,19.599883787300193,22.868000000000002
MSP1 (Verossimilhanca composta),p99,A508,20.71388504635304,23.477999999999998
MSP1 (Verossimilhanca composta),p99,A509,19.59600825768242,23.737000000000002
MSP1 (Verossimilhanca composta),p99,A510,22.833595414529636,22.6
MSP1 (Verossimilhanca composta),p99,A511,20.828603437490077,18.229
MSP1 (Verossimilhanca composta),p99,A512,22.778415521730615,32.13299999999999
MSP1 (Verossimilhanca composta),p99,A513,23.470686523544884,24.6
MSP1 (Verossimilhanca composta),p99,A514,22.219136648507373,33.81799999999999
MSP1 (Verossimilhanca composta),p99,A515,20.276156374242824,23.296
MSP1 (Verossimilhanca composta),p99,A516,19.456817242478255,24.905
MSP1 (Verossimilhanca composta),p99,A517,19.88061262374447,24.81
MSP1 (Verossimilhanca composta),p99,A518,21.96668201390424,27.564
MSP1 (Verossimilhanca composta),p99,A519,23.954106497260785,24.743
MSP1 (Verossimilhanca composta),p99,A520,22.32675142100961,25.267
MSP1 (Verossimilhanca composta),p99,A521,23.7651721807652,24.848
MSP1 (Verossimilhanca composta),p99,A522,20.18610614325607,22.728
MSP1 (Verossimilhanca composta),p99,A523,22.21944171987093,22.2
MSP1 (Verossimilhanca composta),p99,A524,23.771130433064055,23.991
MSP1 (Verossimilhanca composta),p99,A525,22.30108377297271,23.962
MSP1 (Verossimilhanca composta),p99,A526,18.79564395315237,24.088
MSP1 (Verossimilhanca composta),p99,A527,20.333787731821072,24.162
MSP1 (Verossimilhanca composta),p99,A528,22.097788512209583,23.019999999999996
MSP1 (Verossimilhanca composta),p99,A529,20.84750789935711,24.746000000000002
MSP1 (Verossimilhanca composta),p99,A530,20.684487457097198,22.877
MSP1 (Verossimilhanca composta),p99,A531,23.340049622091797,22.343
MSP1 (Verossimilhanca composta),p99,A532,22.521660166792774,28.573999999999998
MSP1 (Verossimilhanca composta),p99,A533,15.874191917453475,24.71
MSP1 (Verossimilhanca composta),p99,A534,24.126563675618524,24.794999999999998
MSP1 (Verossimilhanca composta),p99,A535,23.541838795389477,20.681
MSP1 (Verossimilhanca composta),p99,A536,20.380791773630396,24.964
MSP1 (Verossimilhanca composta),p99,A537,22.53496112874253,23.546000000000003
MSP1 (Verossimilhanca composta),p99,A538,21.12958332847453,23.572
MSP1 (Verossimilhanca composta),p99,A539,18.74091014560102,23.291999999999998
MSP1 (Verossimilhanca composta),p99,A540,20.610290804623645,23.686000000000003
MSP1 (Verossimilhanca composta),p99,A541,20.926927737150937,24.0
MSP1 (Verossimilhanca composta),p99,A542,20.714703864273112,24.402
MSP1 (Verossimilhanca composta),p99,A543,21.019553349418224,23.48
MSP1 (Verossimilhanca composta),p99,A544,21.31938693094508,26.919999999999995
MSP1 (Verossimilhanca composta),p99,A545,20.44898560312298,21.764
MSP1 (Verossimilhanca composta),p99,A546,20.597638775541522,24.192
MSP1 (Verossimilhanca composta),p99,A547,18.912263169281434,26.194
MSP1 (Verossimilhanca composta),p99,A548,22.37839941024037,24.328
MSP1 (Verossimilhanca composta),p99,A549,19.71684236230928,24.586000000000002
MSP1 (Verossimilhanca composta),p99,A550,20.735742491010768,24.358
MSP1 (Verossimilhanca composta),p99,A551,20.536494978858602,23.502
MSP1 (Verossimilhanca composta),p99,A552,20.110271439460178,22.61
MSP1 (Verossimilhanca composta),p99,A553,20.111828195186558,24.72
MSP1 (Verossimilhanca composta),p99,A554,16.1996278956928,24.366000000000003
MSP1 (Verossimilhanca composta),p99,A555,23.08885072448858,24.683
MSP1 (Verossimilhanca composta),p99,A556,20.750014865146706,24.735
MSP1 (Verossimilhanca composta),p99,A557,26.01426065938311,24.566
MSP1 (Verossimilhanca composta),p99,A559,19.217340429033,19.1
MSP1 (Verossimilhanca composta),p99,A560,23.838030667831113,21.622999999999998
MSP1 (Verossimilhanca composta),p99,A561,19.927081743808074,24.32
MSP1 (Verossimilhanca composta),p99,A562,19.824626897595213,26.036
MSP1 (Verossimilhanca composta),p99,A563,19.658123785561422,21.564
MSP1 (Verossimilhanca composta),p99,A564,18.391566796837314,24.832
MSP1 (Verossimilhanca composta),p99,A565,20.657173413955384,34.374
MSP1 (Verossimilhanca composta),p99,A566,20.042605159168062,22.46
MSP1 (Verossimilhanca composta),p99,A567,21.143589846570325,45.04
MSP1 (Verossimilhanca composta),p99,A568,24.206422439497246,24.652
MSP1 (Verossimilhanca composta),p99,A569,22.268799021369965,23.782
MSP1 (Verossimilhanca composta),p99,A570,20.731398771460608,37.372
MSP1 (Verossimilhanca composta),p99,A571,20.22456107730868,27.128999999999998
MSP1 (Verossimilhanca composta),p99,A572,23.70743227491742,19.9
MSP1 (Verossimilhanca composta),p99,A601,24.664858275007926,29.05
MSP1 (Verossimilhanca composta),p99,A602,24.788697303881015,31.28
MSP1 (Verossimilhanca composta),p99,A603,34.493805024638135,27.217
MSP1 (Verossimilhanca composta),p99,A604,24.51368990656675,20.285999999999998
MSP1 (Verossimilhanca composta),p99,A605,29.042689714639078,21.228
MSP1 (Verossimilhanca composta),p99,A606,20.0727222114392,33.178
MSP1 (Verossimilhanca composta),p99,A607,20.490562133007835,35.44499999999999
MSP1 (Verossimilhanca composta),p99,A608,26.310161105811943,32.9
MSP1 (Verossimilhanca composta),p99,A609,23.2804644802166,41.57499999999999
MSP1 (Verossimilhanca composta),p99,A610,22.057359647947933,42.315999999999995
MSP1 (Verossimilhanca composta),p99,A611,31.778288095927604,27.614999999999995
MSP1 (Verossimilhanca composta),p99,A612,19.501114981954434,23.429
MSP1 (Verossimilhanca composta),p99,A613,19.364315569610334,21.81
MSP1 (Verossimilhanca composta),p99,A614,18.581532438658222,36.908
MSP1 (Verossimilhanca composta),p99,A615,24.067425969704182,29.48399999999999
MSP1 (Verossimilhanca composta),p99,A616,20.741480229129074,21.662
MSP1 (Verossimilhanca composta),p99,A617,24.059518590087247,24.867
MSP1 (Verossimilhanca composta),p99,A618,32.53064490000995,20.7
MSP1 (Verossimilhanca composta),p99,A619,24.3393346711658,23.667
MSP1 (Verossimilhanca composta),p99,A620,25.090074653972103,22.942999999999998
MSP1 (Verossimilhanca composta),p99,A621,27.84952535945172,32.078
MSP1 (Verossimilhanca composta),p99,A622,22.677076242288088,26.825999999999997
MSP1 (Verossimilhanca composta),p99,A623,18.788235789468203,24.84
MSP1 (Verossimilhanca composta),p99,A624,18.96129494617585,24.49
MSP1 (Verossimilhanca composta),p99,A625,25.768792877672237,21.047
MSP1 (Verossimilhanca composta),p99,A626,24.395580267103615,24.048
MSP1 (Verossimilhanca composta),p99,A627,28.50405563273792,19.144
MSP1 (Verossimilhanca composta),p99,A628,21.447615029824135,29.736
MSP1 (Verossimilhanca composta),p99,A629,20.60758295508691,23.044999999999998
MSP1 (Verossimilhanca composta),p99,A630,18.442831703811024,18.503999999999998
MSP1 (Verossimilhanca composta),p99,A631,20.700258584622862,47.192
MSP1 (Verossimilhanca composta),p99,A632,22.26120268792404,44.11599999999999
MSP1 (Verossimilhanca composta),p99,A633,25.729395015942586,18.032
MSP1 (Verossimilhanca composta),p99,A634,19.87708597594542,20.1
MSP1 (Verossimilhanca composta),p99,A635,23.481954355584037,30.76
MSP1 (Verossimilhanca composta),p99,A636,26.84641967272193,29.224
MSP1 (Verossimilhanca composta),p99,A637,33.819809569220254,19.225
MSP1 (Verossimilhanca composta),p99,A651,29.31705418451558,19.6
MSP1 (Verossimilhanca composta),p99,A652,24.89020677322191,33.74
MSP1 (Verossimilhanca composta),p99,A653,30.535277835479402,20.9
MSP1 (Verossimilhanca composta),p99,A654,25.967368382322878,26.887999999999998
MSP1 (Verossimilhanca composta),p99,A655,26.19350590872204,16.4
MSP1 (Verossimilhanca composta),p99,A656,29.233396730303436,14.9
MSP1 (Verossimilhanca composta),p99,A657,19.345966705476553,37.78799999999999
MSP1 (Verossimilhanca composta),p99,A659,20.623867181298788,23.6
MSP1 (Verossimilhanca composta),p99,A667,20.39113071173331,26.6
MSP1 (Verossimilhanca composta),p99,A701,21.186882322528408,27.895999999999997
MSP1 (Verossimilhanca composta),p99,A702,26.572278784711507,27.799999999999994
MSP1 (Verossimilhanca composta),p99,A703,22.995699636274214,22.537000000000003
MSP1 (Verossimilhanca composta),p99,A704,24.79357977026835,25.056
MSP1 (Verossimilhanca composta),p99,A705,22.50647963782851,24.483999999999998
MSP1 (Verossimilhanca composta),p99,A706,23.611769557240525,18.881
MSP1 (Verossimilhanca composta),p99,A707,23.247320305568568,23.978
MSP1 (Verossimilhanca composta),p99,A708,22.452992141276994,22.863
MSP1 (Verossimilhanca composta),p99,A709,24.279073305490257,33.86000000000001
MSP1 (Verossimilhanca composta),p99,A710,23.24621501527017,29.896000000000004
MSP1 (Verossimilhanca composta),p99,A711,23.854213269368742,24.3
MSP1 (Verossimilhanca composta),p99,A712,19.6703075098296,24.567
MSP1 (Verossimilhanca composta),p99,A713,23.95672744751067,25.323999999999998
MSP1 (Verossimilhanca composta),p99,A714,23.787920770834056,24.642999999999997
MSP1 (Verossimilhanca composta),p99,A715,23.51577859441633,24.642999999999997
MSP1 (Verossimilhanca composta),p99,A716,23.913548067759503,34.26899999999999
MSP1 (Verossimilhanca composta),p99,A717,24.696796074350267,24.4
MSP1 (Verossimilhanca composta),p99,A718,22.867806247503697,24.648
MSP1 (Verossimilhanca composta),p99,A719,21.30350714825644,22.4
MSP1 (Verossimilhanca composta),p99,A720,23.47007945966695,24.167
MSP1 (Verossimilhanca composta),p99,A721,24.5870572203755,28.606999999999996
MSP1 (Verossimilhanca composta),p99,A722,21.407294106460117,24.162
MSP1 (Verossimilhanca composta),p99,A723,21.721383393805624,23.948
MSP1 (Verossimilhanca composta),p99,A724,23.03609771502613,37.564
MSP1 (Verossimilhanca composta),p99,A725,22.313704793015702,24.752999999999997
MSP1 (Verossimilhanca composta),p99,A726,23.464295650917638,26.256
MSP1 (Verossimilhanca composta),p99,A727,22.774528231030413,24.729
MSP1 (Verossimilhanca composta),p99,A728,25.336946035651064,24.681
MSP1 (Verossimilhanca composta),p99,A729,23.28739314130234,23.483999999999998
MSP1 (Verossimilhanca composta),p99,A730,22.852340268995874,24.391
MSP1 (Verossimilhanca composta),p99,A731,24.48633981620283,23.63
MSP1 (Verossimilhanca composta),p99,A732,21.55752732459776,25.0
MSP1 (Verossimilhanca composta),p99,A733,22.165751821292933,24.856
MSP1 (Verossimilhanca composta),p99,A734,22.43067765458937,28.240000000000002
MSP1 (Verossimilhanca composta),p99,A735,22.217550033978327,24.564
MSP1 (Verossimilhanca composta),p99,A736,17.061542617191368,24.81
MSP1 (Verossimilhanca composta),p99,A737,21.12127723358111,24.674
MSP1 (Verossimilhanca composta),p99,A738,20.95295522381602,24.394
MSP1 (Verossimilhanca composta),p99,A739,20.974548674584184,24.188
MSP1 (Verossimilhanca composta),p99,A740,23.670363154180755,27.323999999999995
MSP1 (Verossimilhanca composta),p99,A741,21.297049143310375,24.556
MSP1 (Verossimilhanca composta),p99,A742,23.877551472110362,24.783
MSP1 (Verossimilhanca composta),p99,A743,24.17770914161041,30.656
MSP1 (Verossimilhanca composta),p99,A744,21.450514623428347,41.964
MSP1 (Verossimilhanca composta),p99,A745,23.943761585563596,24.125
MSP1 (Verossimilhanca composta),p99,A746,24.904524986362823,20.25
MSP1 (Verossimilhanca composta),p99,A747,21.090540109447744,26.063999999999997
MSP1 (Verossimilhanca composta),p99,A748,22.307816144978656,22.715
MSP1 (Verossimilhanca composta),p99,A749,22.95575878404308,23.24
MSP1 (Verossimilhanca composta),p99,A750,22.530014483379592,24.386
MSP1 (Verossimilhanca composta),p99,A751,23.517229995370137,24.983
MSP1 (Verossimilhanca composta),p99,A752,28.31621700045644,24.884
MSP1 (Verossimilhanca composta),p99,A753,19.88561729808559,24.898
MSP1 (Verossimilhanca composta),p99,A754,24.573790200497882,39.13499999999998
MSP1 (Verossimilhanca composta),p99,A755,24.894861079531548,29.057
MSP1 (Verossimilhanca composta),p99,A756,22.356021568287616,24.740000000000002
MSP1 (Verossimilhanca composta),p99,A757,22.004636351444343,24.16
MSP1 (Verossimilhanca composta),p99,A758,21.9273184044234,23.886
MSP1 (Verossimilhanca composta),p99,A759,25.981791939500702,25.82
MSP1 (Verossimilhanca composta),p99,A760,22.45254563018684,24.948
MSP1 (Verossimilhanca composta),p99,A761,21.633073885298682,24.663999999999998
MSP1 (Verossimilhanca composta),p99,A762,25.201873882459108,40.346
MSP1 (Verossimilhanca composta),p99,A763,22.21431652174697,33.016
MSP1 (Verossimilhanca composta),p99,A764,22.59879221678983,24.969
MSP1 (Verossimilhanca composta),p99,A765,24.064524526660552,27.192
MSP1 (Verossimilhanca composta),p99,A766,22.392047191573663,37.12
MSP1 (Verossimilhanca composta),p99,A767,24.416889730705275,28.323999999999998
MSP1 (Verossimilhanca composta),p99,A768,23.097802614695908,26.292
MSP1 (Verossimilhanca composta),p99,A769,23.419755358388716,27.794999999999998
MSP1 (Verossimilhanca composta),p99,A770,24.007003972889823,22.68
MSP1 (Verossimilhanca composta),p99,A771,24.87933379629097,29.325999999999997
MSP1 (Verossimilhanca composta),p99,A801,31.694130968396845,32.35
MSP1 (Verossimilhanca composta),p99,A802,26.763829736661194,31.435999999999996
MSP1 (Verossimilhanca composta),p99,A803,25.06421107260221,26.228
MSP1 (Verossimilhanca composta),p99,A804,27.788607622637635,32.036
MSP1 (Verossimilhanca composta),p99,A805,28.865764336706334,38.56799999999999
MSP1 (Verossimilhanca composta),p99,A806,22.450876085800484,33.114000000000004
MSP1 (Verossimilhanca composta),p99,A807,25.90202905955133,26.384999999999998
MSP1 (Verossimilhanca composta),p99,A808,25.861194340149492,30.246000000000002
MSP1 (Verossimilhanca composta),p99,A809,27.597078312236366,28.133999999999997
MSP1 (Verossimilhanca composta),p99,A810,27.088141648610108,36.03
MSP1 (Verossimilhanca composta),p99,A811,26.29238816588834,36.2
MSP1 (Verossimilhanca composta),p99,A814,25.94519424426881,31.484999999999985
MSP1 (Verossimilhanca composta),p99,A815,38.7114224047476,29.725999999999996
MSP1 (Verossimilhanca composta),p99,A816,25.807337578900217,37.445
MSP1 (Verossimilhanca composta),p99,A817,23.09450304928494,34.815
MSP1 (Verossimilhanca composta),p99,A818,26.077168000262724,24.747999999999998
MSP1 (Verossimilhanca composta),p99,A819,21.730015937491967,25.456000000000003
MSP1 (Verossimilhanca composta),p99,A820,25.546085006452067,34.334
MSP1 (Verossimilhanca composta),p99,A821,26.653797084788753,28.315999999999995
MSP1 (Verossimilhanca composta),p99,A822,25.410951408262846,29.032
MSP1 (Verossimilhanca composta),p99,A823,21.87895106589127,33.306999999999995
MSP1 (Verossimilhanca composta),p99,A824,23.67346747939049,31.82
MSP1 (Verossimilhanca composta),p99,A825,23.666340736599913,32.650000000000006
MSP1 (Verossimilhanca composta),p99,A826,28.755912710803912,26.142999999999997
MSP1 (Verossimilhanca composta),p99,A827,27.983043970881102,38.182
MSP1 (Verossimilhanca composta),p99,A828,27.720226602902184,33.812999999999995
MSP1 (Verossimilhanca composta),p99,A829,26.637823646439806,41.701999999999984
MSP1 (Verossimilhanca composta),p99,A830,24.947136487904366,31.838
MSP1 (Verossimilhanca composta),p99,A831,24.83884633002074,33.312000000000005
MSP1 (Verossimilhanca composta),p99,A832,27.79955166301587,30.32
MSP1 (Verossimilhanca composta),p99,A833,22.67563231507208,41.480000000000004
MSP1 (Verossimilhanca composta),p99,A834,24.294911282024117,36.192
MSP1 (Verossimilhanca composta),p99,A835,26.285204156994215,29.630999999999993
MSP1 (Verossimilhanca composta),p99,A836,25.91516147748201,34.214000000000006
MSP1 (Verossimilhanca composta),p99,A837,27.563535078108153,39.212999999999994
MSP1 (Verossimilhanca composta),p99,A839,24.769710964832832,32.734
MSP1 (Verossimilhanca composta),p99,A840,32.085238636452495,29.276999999999997
MSP1 (Verossimilhanca composta),p99,A841,24.49786594809146,30.291999999999998
MSP1 (Verossimilhanca composta),p99,A842,25.987474781372928,29.288
MSP1 (Verossimilhanca composta),p99,A843,29.383570992120944,39.76
MSP1 (Verossimilhanca composta),p99,A844,28.200171984964587,41.366
MSP1 (Verossimilhanca composta),p99,A845,26.75385429370229,41.332
MSP1 (Verossimilhanca composta),p99,A846,29.1369831356336,31.874999999999993
MSP1 (Verossimilhanca composta),p99,A847,25.660345083594045,34.63300000000001
MSP1 (Verossimilhanca composta),p99,A848,25.908053743440746,32.504
MSP1 (Verossimilhanca composta),p99,A849,26.427362055541042,32.95799999999999
MSP1 (Verossimilhanca composta),p99,A850,26.314698652883397,34.651999999999994
MSP1 (Verossimilhanca composta),p99,A851,25.07747925857302,27.782
MSP1 (Verossimilhanca composta),p99,A852,24.677009074469957,28.138
MSP1 (Verossimilhanca composta),p99,A853,27.791903696785678,42.098
MSP1 (Verossimilhanca composta),p99,A854,28.412246667281142,30.356
MSP1 (Verossimilhanca composta),p99,A855,25.396784985576467,34.804
MSP1 (Verossimilhanca composta),p99,A856,27.69143150559156,37.38899999999998
MSP1 (Verossimilhanca composta),p99,A857,25.51119680695034,35.071999999999996
MSP1 (Verossimilhanca composta),p99,A858,25.637270639835315,32.57899999999999
MSP1 (Verossimilhanca composta),p99,A859,22.448584152642137,31.116
MSP1 (Verossimilhanca composta),p99,A860,25.31791698697522,42.21199999999999
MSP1 (Verossimilhanca composta),p99,A861,28.70855380164346,30.596
MSP1 (Verossimilhanca composta),p99,A862,26.143925337910975,29.821999999999992
MSP1 (Verossimilhanca composta),p99,A863,26.483662468013982,30.845
MSP1 (Verossimilhanca composta),p99,A864,22.698078018029495,33.168
MSP1 (Verossimilhanca composta),p99,A865,28.577771687350968,24.701
MSP1 (Verossimilhanca composta),p99,A866,24.32738087294533,43.588
MSP1 (Verossimilhanca composta),p99,A867,24.39592252367129,29.346999999999998
MSP1 (Verossimilhanca composta),p99,A868,27.096324345738317,32.654999999999994
MSP1 (Verossimilhanca composta),p99,A869,28.18374430434416,27.255999999999997
MSP1 (Verossimilhanca composta),p99,A870,23.76986494856109,24.008
MSP1 (Verossimilhanca composta),p99,A871,24.30961404179144,31.349999999999994
MSP1 (Verossimilhanca composta),p99,A872,25.996693082402487,27.866
MSP1 (Verossimilhanca composta),p99,A873,23.76083816627828,33.89099999999999
MSP1 (Verossimilhanca composta),p99,A874,27.76633625869579,30.991999999999997
MSP1 (Verossimilhanca composta),p99,A875,24.672851055262136,23.546999999999997
MSP1 (Verossimilhanca composta),p99,A876,31.18290737330816,32.839999999999996
MSP1 (Verossimilhanca composta),p99,A878,22.853089822113343,40.62
MSP1 (Verossimilhanca composta),p99,A879,26.214766359883924,47.26999999999998
MSP1 (Verossimilhanca composta),p99,A880,27.144563305392523,44.732
MSP1 (Verossimilhanca composta),p99,A881,27.5750679243671,34.105
MSP1 (Verossimilhanca composta),p99,A882,26.729737392854688,33.873999999999995
MSP1 (Verossimilhanca composta),p99,A883,31.323328924267436,24.496
MSP1 (Verossimilhanca composta),p99,A884,33.816056451827166,24.939999999999998
MSP1 (Verossimilhanca composta),p99,A886,31.28618078797887,34.987
MSP1 (Verossimilhanca composta),p99,A889,29.550217600844363,25.091
MSP1 (Verossimilhanca composta),p99,A893,26.69435158930449,32.144000000000005
MSP1 (Verossimilhanca composta),p99,A894,26.381658783492455,24.5
MSP1 (Verossimilhanca composta),p99,A895,26.266913568286505,29.956
MSP1 (Verossimilhanca composta),p99,A897,33.022713437979874,29.765
MSP1 (Verossimilhanca composta),p99,A898,27.269324196074194,33.948
MSP1 (Verossimilhanca composta),p99,A901,22.78927384283568,24.293
MSP1 (Verossimilhanca composta),p99,A902,20.596905226463942,24.978
MSP1 (Verossimilhanca composta),p99,A903,21.076225047221016,21.94
MSP1 (Verossimilhanca composta),p99,A904,20.52071225005686,22.657999999999998
MSP1 (Verossimilhanca composta),p99,A905,23.110042538466807,24.474
MSP1 (Verossimilhanca composta),p99,A906,20.938421486790137,24.76
MSP1 (Verossimilhanca composta),p99,A907,21.430569520238052,24.778000000000002
MSP1 (Verossimilhanca composta),p99,A908,19.219111100319648,24.781
MSP1 (Verossimilhanca composta),p99,A909,22.897056663597375,23.706
MSP1 (Verossimilhanca composta),p99,A910,20.227084296279113,22.163999999999998
MSP1 (Verossimilhanca composta),p99,A911,20.753296606539127,39.344
MSP1 (Verossimilhanca composta),p99,A912,19.750600671443983,24.381
MSP1 (Verossimilhanca composta),p99,A913,19.299055390046046,23.11
MSP1 (Verossimilhanca composta),p99,A914,19.52506754872863,22.068
MSP1 (Verossimilhanca composta),p99,A915,22.202244868071833,24.42
MSP1 (Verossimilhanca composta),p99,A916,19.2549014105283,24.283
MSP1 (Verossimilhanca composta),p99,A917,19.709949891818262,23.858
MSP1 (Verossimilhanca composta),p99,A918,21.397811942849717,23.728
MSP1 (Verossimilhanca composta),p99,A919,19.71617387689178,24.615
MSP1 (Verossimilhanca composta),p99,A920,18.48409918176508,24.448
MSP1 (Verossimilhanca composta),p99,A921,20.666384734489316,24.612
MSP1 (Verossimilhanca composta),p99,A922,20.649930699608976,23.610999999999997
MSP1 (Verossimilhanca composta),p99,A923,22.80863068643272,45.41499999999999
MSP1 (Verossimilhanca composta),p99,A924,21.46048136473013,22.81
MSP1 (Verossimilhanca composta),p99,A925,21.238248315694428,24.983
MSP1 (Verossimilhanca composta),p99,A926,19.449499368283195,23.996
MSP1 (Verossimilhanca composta),p99,A927,20.59199847742839,22.684
MSP1 (Verossimilhanca composta),p99,A928,19.124795280401518,23.761999999999997
MSP1 (Verossimilhanca composta),p99,A929,21.783360319710297,24.784
MSP1 (Verossimilhanca composta),p99,A930,20.044807634204165,22.2
MSP1 (Verossimilhanca composta),p99,A931,22.02258045857901,24.532
MSP1 (Verossimilhanca composta),p99,A932,22.169617063097743,22.983
MSP1 (Verossimilhanca composta),p99,A933,22.23285960858291,24.38
MSP1 (Verossimilhanca composta),p99,A934,21.16830599225125,24.966
MSP1 (Verossimilhanca composta),p99,A935,23.175491383999407,22.564999999999998
MSP1 (Verossimilhanca composta),p99,A936,23.14050298005093,22.698
MSP1 (Verossimilhanca composta),p99,A937,20.76971128410682,23.983999999999998
MSP1 (Verossimilhanca composta),p99,A938,19.91311775329133,22.68
MSP1 (Verossimilhanca composta),p99,A939,18.87624828222523,24.314999999999998
MSP1 (Verossimilhanca composta),p99,A940,21.93808938671306,24.986
MSP1 (Verossimilhanca composta),p99,A941,20.538545234451945,22.219
MSP1 (Verossimilhanca composta),p99,A942,21.128047923658112,33.524
MSP1 (Verossimilhanca composta),p99,A943,21.76407796167162,27.43
MSP1 (Verossimilhanca composta),p99,A944,19.74078976440714,19.886
MSP1 (Verossimilhanca composta),p99,B803,26.9261483132724,34.516
MSP1 (Verossimilhanca composta),p99,B804,30.827327014494994,35.116
MSP1 (Verossimilhanca composta),p99,B806,24.64480320419771,23.573999999999998
MSP1 (Verossimilhanca composta),p99,B807,25.97437842682872,29.843999999999998
MSP1 (Verossimilhanca composta),p99,B808,26.27110610071943,12.8
MSP1 (Verossimilhanca composta),p99,B809,24.979767517059813,16.0
MSP1 (Verossimilhanca composta),p99,B810,24.067573357788397,15.0
MSP1 (Verossimilhanca composta),p99,B811,23.607492400232644,15.7
MSP1 (Verossimilhanca composta),p99,B812,24.185218899973368,13.1
MSP1 (Verossimilhanca composta),p99,B813,23.33868500185917,10.4
MSP1 (Verossimilhanca composta),p99,B814,24.293683133980743,10.6
MSP1 (Verossimilhanca composta),p99,B816,35.90475360726456,9.3
MSP1 (Verossimilhanca composta),p99,B817,29.195515151505642,11.7
MSP1 (Verossimilhanca composta),p99,B818,26.936215617759785,12.2
MSP1 (Verossimilhanca composta),p99,B819,34.07955045689105,16.4
MSP1 (Verossimilhanca composta),p99,B820,35.17736265274998,14.9
MSP1 (Verossimilhanca composta),p99,B821,26.966852703650833,8.6
MSP1 (Verossimilhanca composta),p99,B822,23.852101321578346,12.6
MSP1 (Verossimilhanca composta),p99,B823,27.703573385419496,11.1
MSP1 (Verossimilhanca composta),p99,B825,25.97432737389212,13.5
MSP1 (Verossimilhanca composta),p99,B827,33.07995249529657,11.5
MSP1 (Verossimilhanca composta),p99,B828,27.85270362869033,14.9
MSP1 (Verossimilhanca composta),p99,B829,27.910038541527772,18.7
MSP1 (Verossimilhanca composta),p99,F501,23.940683203275245,28.978
EVK,p95,A001,24.280505340055107,24.1
EVK,p95,A002,23.87823750203251,22.3
EVK,p95,A003,24.651257739727136,23.88
EVK,p95,A004,25.62711805183478,23.305
EVK,p95,A005,24.922501561745435,22.2
EVK,p95,A006,24.54054141035666,17.125
EVK,p95,A007,24.032301608015995,23.235
EVK,p95,A008,24.085751704542346,23.6
EVK,p95,A009,22.79075231414958,23.09
EVK,p95,A010,24.148937264300763,22.2
EVK,p95,A011,26.548219022923632,24.72
EVK,p95,A012,23.846074162267858,23.835
EVK,p95,A013,24.385171086513328,22.509999999999994
EVK,p95,A014,23.443116384564853,23.91
EVK,p95,A015,23.919675947776266,23.88
EVK,p95,A016,25.73340325703867,24.23
EVK,p95,A017,24.8505905268739,23.23
EVK,p95,A018,23.97067183220494,24.71
EVK,p95,A019,24.27542233001929,22.459999999999994
EVK,p95,A020,24.263927985287943,23.43
EVK,p95,A021,24.197158383347396,17.889999999999997
EVK,p95,A022,24.287911926988286,24.15
EVK,p95,A023,24.86709215782555,23.65
EVK,p95,A024,25.688439921705573,22.119999999999997
EVK,p95,A025,25.8523658485023,24.959999999999997
EVK,p95,A026,25.134542236837163,24.81
EVK,p95,A027,24.621834873009234,23.86
EVK,p95,A028,24.293731960139844,24.38
EVK,p95,A029,24.65941292270013,37.12
EVK,p95,A031,24.705360856739283,28.78
EVK,p95,A032,24.54028092802345,24.64
EVK,p95,A033,23.882348687904233,23.5
EVK,p95,A034,24.742448284930273,21.759999999999998
EVK,p95,A035,25.12486827476162,24.36
EVK,p95,A036,23.852216725014337,24.66
EVK,p95,A037,23.906210835195136,21.7
EVK,p95,A038,21.87238448306174,24.415
EVK,p95,A039,24.57629905774646,23.709999999999997
EVK,p95,A040,22.642579894642882,24.2
EVK,p95,A041,24.46432912166219,24.67
EVK,p95,A042,24.32041146816889,28.279999999999998
EVK,p95,A043,22.442619131487433,19.14
EVK,p95,A044,24.601511510074545,24.175
EVK,p95,A045,24.662032606999542,21.544999999999998
EVK,p95,A046,24.061100635016555,25.72
EVK,p95,A047,24.185157612992278,23.1
EVK,p95,A048,22.18843687183351,33.249999999999986
EVK,p95,A049,22.65692809425666,33.234999999999985
EVK,p95,A050,22.86782447506043,27.46999999999999
EVK,p95,A051,24.657393887259115,21.38
EVK,p95,A052,23.35100201000111,22.2
EVK,p95,A053,22.745766117497507,24.099999999999998
EVK,p95,A054,24.648517916174583,23.6
EVK,p95,A055,24.849789389826135,25.18499999999999
EVK,p95,A056,23.95794167280544,41.72
EVK,p95,A101,25.332402222632005,38.375
EVK,p95,A102,57.15691606302565,22.349999999999998
EVK,p95,A104,26.781036197946285,23.759999999999998
EVK,p95,A108,53.57159356231655,19.14
EVK,p95,A109,56.2054115315524,21.735
EVK,p95,A110,23.07065577591714,22.68
EVK,p95,A111,24.40317347924121,19.93
EVK,p95,A112,24.678241775312284,24.259999999999998
EVK,p95,A113,14.092114362629768,23.625
EVK,p95,A117,21.640294822351407,21.53
EVK,p95,A119,28.94803361261711,22.055
EVK,p95,A121,24.08150741082391,20.199999999999996
EVK,p95,A122,23.078283786268646,19.275
EVK,p95,A123,15.014329011883154,18.825
EVK,p95,A124,23.002933498853658,17.0
EVK,p95,A125,23.390352500419205,21.964999999999996
EVK,p95,A126,25.88898746620333,20.5
EVK,p95,A127,23.73714342036239,14.8
EVK,p95,A128,63.52299314641901,19.48
EVK,p95,A133,28.809807519656395,23.04
EVK,p95,A134,7.160184221116428,19.259999999999998
EVK,p95,A135,62.447515447836885,23.15
EVK,p95,A136,50.64368482297883,19.89
EVK,p95,A137,39.38199559536873,24.92
EVK,p95,A138,7.7328411068273875,23.95
EVK,p95,A140,20.656661729734253,20.459999999999997
EVK,p95,A144,23.61611200345479,21.525
EVK,p95,A201,22.41672058767354,19.57
EVK,p95,A202,23.087314589155852,20.839999999999996
EVK,p95,A203,21.162847008182744,17.58
EVK,p95,A204,21.8112294588595,23.619999999999997
EVK,p95,A205,22.62822744657314,20.999999999999996
EVK,p95,A206,20.48905726695272,23.58
EVK,p95,A207,23.0954784137463,20.374999999999993
EVK,p95,A208,21.996879172861412,18.36
EVK,p95,A209,22.363952488361086,17.729999999999997
EVK,p95,A210,20.54503224136849,20.979999999999997
EVK,p95,A211,27.73985943097906,21.34
EVK,p95,A212,20.290645254257896,23.889999999999997
EVK,p95,A213,18.767595956731903,19.515
EVK,p95,A214,25.335006562929983,21.34
EVK,p95,A215,25.136236308392245,17.455
EVK,p95,A216,26.503582867346122,31.999999999999993
EVK,p95,A217,19.321720453279244,23.035
EVK,p95,A218,20.312555968036982,18.75
EVK,p95,A219,19.516389724795374,19.06
EVK,p95,A220,21.53773140039441,22.36
EVK,p95,A221,23.312426932108195,21.479999999999997
EVK,p95,A222,21.04700689305719,23.534999999999997
EVK,p95,A223,23.21408318409407,22.16
EVK,p95,A224,22.498853572016817,24.19
EVK,p95,A225,23.586741379470126,24.9
EVK,p95,A226,21.24545344298572,24.915
EVK,p95,A227,20.348543618955517,20.199999999999996
EVK,p95,A228,12.88221133804,30.4
EVK,p95,A229,21.35746081714223,23.025
EVK,p95,A230,16.58482224545328,23.439999999999998
EVK,p95,A231,27.043465097995814,21.405
EVK,p95,A232,14.201794740110138,23.679999999999996
EVK,p95,A233,23.163095924840547,24.625
EVK,p95,A234,24.400073635745382,22.75
EVK,p95,A235,21.288149475942546,23.95
EVK,p95,A236,17.030665742788432,19.56
EVK,p95,A237,21.808451586681677,23.88
EVK,p95,A238,22.656755681890107,21.99
EVK,p95,A239,9.448565393421836,23.779999999999998
EVK,p95,A240,23.497167556394427,22.499999999999996
EVK,p95,A241,23.093338738585683,24.345
EVK,p95,A242,14.388576779715754,18.775
EVK,p95,A243,18.55798270161257,23.549999999999997
EVK,p95,A244,51.57151544323612,23.779999999999998
EVK,p95,A245,7.414564884359079,17.77
EVK,p95,A246,20.84117188352171,22.05
EVK,p95,A247,21.903710742542913,45.69999999999999
EVK,p95,A248,23.17951137877549,21.029999999999998
EVK,p95,A249,15.850134359284997,23.599999999999998
EVK,p95,A250,14.134705231935389,21.519999999999992
EVK,p95,A251,19.276238489559077,35.22
EVK,p95,A252,23.282085962355886,40.68
EVK,p95,A253,17.259084439414767,35.099999999999994
EVK,p95,A254,23.055609837315124,22.869999999999997
EVK,p95,A255,20.44584220761707,35.48
EVK,p95,A256,23.619118783515923,41.04
EVK,p95,A301,20.960296794309997,21.48
EVK,p95,A302,54.64993729423214,23.485
EVK,p95,A303,21.71488899306236,24.525
EVK,p95,A304,24.44696435707949,21.179999999999996
EVK,p95,A305,22.67415521963625,15.88
EVK,p95,A306,23.212304504241928,22.575000000000003
EVK,p95,A307,22.62272480960712,24.189999999999998
EVK,p95,A308,22.782205134262583,21.53
EVK,p95,A309,21.194193491698886,24.51
EVK,p95,A310,20.597811656767647,18.0
EVK,p95,A311,22.076162827025023,22.0
EVK,p95,A312,22.34411511490864,22.515
EVK,p95,A313,20.26408501768671,19.060000000000002
EVK,p95,A314,23.514352849513607,18.209999999999997
EVK,p95,A315,22.617170057893592,21.4
EVK,p95,A316,22.328647955437667,24.53
EVK,p95,A317,20.910616415624872,24.019999999999996
EVK,p95,A318,23.480822567679656,21.944999999999997
EVK,p95,A319,22.309990459080247,23.24
EVK,p95,A320,17.78752846699115,20.379999999999992
EVK,p95,A321,22.70325273006007,23.93
EVK,p95,A322,20.171829715292493,18.689999999999998
EVK,p95,A323,21.27858024112346,21.49
EVK,p95,A324,22.176181045531596,22.0
EVK,p95,A325,22.41324151345706,23.16
EVK,p95,A326,22.152652335791032,24.63
EVK,p95,A327,20.554798681781772,20.11
EVK,p95,A328,19.718702242060832,17.69
EVK,p95,A329,22.199514024792766,23.419999999999998
EVK,p95,A330,21.734796542456998,26.21999999999997
EVK,p95,A331,23.40889532985973,23.264999999999993
EVK,p95,A332,22.211027895711794,23.979999999999997
EVK,p95,A333,23.404953030506725,21.79
EVK,p95,A334,21.798051918553845,21.939999999999998
EVK,p95,A335,23.464414667712933,23.12
EVK,p95,A336,22.2067425968868,23.74
EVK,p95,A337,23.807338619598436,22.389999999999997
EVK,p95,A338,22.859435198122313,23.259999999999998
EVK,p95,A339,22.314074940061786,21.579999999999995
EVK,p95,A340,23.196620817107423,22.255
EVK,p95,A341,19.54037967073979,19.619999999999997
EVK,p95,A342,22.899668956582925,24.034999999999997
EVK,p95,A343,22.359149466646947,22.084999999999997
EVK,p95,A344,26.906930355362448,22.599999999999998
EVK,p95,A345,24.83225152118351,20.73
EVK,p95,A346,22.206792486228245,15.909999999999995
EVK,p95,A347,21.994800625859188,23.029999999999998
EVK,p95,A348,20.769692659367404,23.39
EVK,p95,A349,21.94882990848055,23.505
EVK,p95,A350,22.469977324144836,22.939999999999998
EVK,p95,A351,22.38089896280149,22.465
EVK,p95,A352,19.524662522452388,17.619999999999997
EVK,p95,A353,21.245729439869233,19.465
EVK,p95,A354,22.05292384894871,22.919999999999998
EVK,p95,A355,22.505690256144657,18.019999999999996
EVK,p95,A356,24.091004733133598,16.14
EVK,p95,A357,19.295281155912015,19.09999999999999
EVK,p95,A358,22.65688883934264,23.38
EVK,p95,A359,19.537939774476865,22.599999999999994
EVK,p95,A360,22.503222034942436,19.0
EVK,p95,A361,22.493910273546778,20.154999999999998
EVK,p95,A362,21.89872774088558,24.3
EVK,p95,A363,21.785315398480662,24.14
EVK,p95,A364,23.26618891291815,23.18
EVK,p95,A365,23.04397140705429,22.4
EVK,p95,A366,22.483706760395606,21.475
EVK,p95,A367,21.192180784108025,18.145
EVK,p95,A368,23.198812649149964,19.99
EVK,p95,A369,22.641651096209614,18.45
EVK,p95,A370,22.332019320722964,25.9
EVK,p95,A371,21.835039674846712,26.699999999999996
EVK,p95,A372,22.67052539605397,35.4
EVK,p95,A373,22.818446918592915,20.975
EVK,p95,A374,22.657185782930423,24.914999999999996
EVK,p95,A375,22.005603538698942,27.009999999999994
EVK,p95,A376,22.618672799260185,21.94
EVK,p95,A377,21.855270542311164,45.8
EVK,p95,A401,21.76878463076168,44.975
EVK,p95,A402,22.986118363550826,23.4
EVK,p95,A403,23.874279023097685,24.55
EVK,p95,A404,22.52450330995317,23.704999999999995
EVK,p95,A405,22.49392176943599,19.77
EVK,p95,A406,22.426576760814932,18.069999999999997
EVK,p95,A407,22.005511983221936,18.0
EVK,p95,A408,21.92389885173617,23.09
EVK,p95,A409,23.84888903764685,35.59999999999997
EVK,p95,A410,21.5202266137167,25.479999999999993
EVK,p95,A411,22.57297031108627,20.84
EVK,p95,A412,21.986764547772605,24.3
EVK,p95,A413,21.872285274988688,22.644999999999996
EVK,p95,A414,22.965861475163738,20.09999999999999
EVK,p95,A415,23.02337612345453,21.7
EVK,p95,A416,23.054736331863676,23.74
EVK,p95,A417,23.079509380402026,21.979999999999993
EVK,p95,A418,23.08407484330124,19.935
EVK,p95,A419,22.5282129956776,21.08
EVK,p95,A420,22.17866203580001,23.595
EVK,p95,A421,24.11288734914349,16.459999999999997
EVK,p95,A422,27.364799119680615,24.52
EVK,p95,A423,24.73677812438274,24.19
EVK,p95,A424,23.20482498473132,21.109999999999996
EVK,p95,A425,22.778012649844122,19.359999999999996
EVK,p95,A426,22.080772579019712,23.16
EVK,p95,A427,19.818108030929366,23.56
EVK,p95,A428,23.290810322427106,20.654999999999998
EVK,p95,A429,23.054103559035042,24.729999999999997
EVK,p95,A430,22.53053433717385,21.18
EVK,p95,A431,26.51301361138568,18.435
EVK,p95,A432,23.27259751946521,24.525
EVK,p95,A433,23.01820290625912,22.419999999999995
EVK,p95,A434,21.542568475949917,18.639999999999997
EVK,p95,A435,22.79448039503267,24.080000000000002
EVK,p95,A436,22.937930619389928,23.465
EVK,p95,A437,21.095683715798508,16.064999999999998
EVK,p95,A438,21.636808150884807,18.979999999999993
EVK,p95,A439,21.97819121776026,24.415
EVK,p95,A440,22.993384276001944,23.15
EVK,p95,A441,22.781448503535877,21.705000000000002
EVK,p95,A442,22.71739007069395,25.0
EVK,p95,A443,23.560085936354014,22.06
EVK,p95,A444,21.47693645146701,19.075
EVK,p95,A445,21.302666937803497,21.199999999999996
EVK,p95,A446,21.397522248207,25.15
EVK,p95,A447,20.777051856092655,21.36
EVK,p95,A448,22.66274400111445,20.200000000000003
EVK,p95,A449,24.205987026191995,18.925
EVK,p95,A450,22.39727636216191,21.275
EVK,p95,A451,22.521847377590333,20.44
EVK,p95,A452,22.520858280590144,20.064999999999998
EVK,p95,A453,21.836638073364625,16.09
EVK,p95,A454,22.564972738914857,20.94
EVK,p95,A455,20.7489223164764,23.485
EVK,p95,A456,22.880208781513304,17.005
EVK,p95,A458,22.66166366442284,36.425
EVK,p95,A501,24.90991228225181,21.36
EVK,p95,A502,25.57126975539013,24.615000000000002
EVK,p95,A503,23.805166720808597,25.0
EVK,p95,A504,24.734895790131855,20.27
EVK,p95,A505,24.42963371810159,23.995
EVK,p95,A506,22.415369431050976,22.07
EVK,p95,A507,25.03828874927813,22.4
EVK,p95,A508,22.70830908693805,22.204999999999995
EVK,p95,A509,25.214378252634102,23.455
EVK,p95,A510,24.86504161880469,21.4
EVK,p95,A511,24.99573862847827,17.545
EVK,p95,A512,25.506162395556075,25.06500000000001
EVK,p95,A513,24.83615178101091,24.6
EVK,p95,A514,24.584160411623685,27.890000000000004
EVK,p95,A515,25.386079442477005,22.080000000000002
EVK,p95,A516,23.9446618753281,24.525
EVK,p95,A517,23.929423348326754,24.05
EVK,p95,A518,25.279948068551438,27.419999999999998
EVK,p95,A519,26.028024616160085,24.515
EVK,p95,A520,24.440233578276196,24.735
EVK,p95,A521,24.849672138365126,24.24
EVK,p95,A522,21.924502233417492,22.439999999999998
EVK,p95,A523,24.96664187113999,22.2
EVK,p95,A524,24.924132417649986,23.155
EVK,p95,A525,24.342482790653584,23.810000000000002
EVK,p95,A526,23.339394950407545,21.639999999999993
EVK,p95,A527,23.24231162570218,24.01
EVK,p95,A528,24.693473910763277,21.5
EVK,p95,A529,25.67771335561469,24.53
EVK,p95,A530,24.941947509780363,21.585
EVK,p95,A531,25.794015003255495,22.115000000000002
EVK,p95,A532,23.185727797288187,28.069999999999997
EVK,p95,A533,23.63950599759922,24.35
EVK,p95,A534,23.315526894841646,24.375
EVK,p95,A535,25.704426780600084,20.205000000000002
EVK,p95,A536,24.228373198952262,24.82
EVK,p95,A537,23.49568163241418,23.330000000000002
EVK,p95,A538,24.568480176481714,22.660000000000004
EVK,p95,A539,22.773750976384626,22.86
EVK,p95,A540,23.295690968132437,22.029999999999998
EVK,p95,A541,23.134473341778094,24.0
EVK,p95,A542,23.86182226814575,23.61
EVK,p95,A543,22.7067054891557,23.0
EVK,p95,A544,23.67656624169368,24.199999999999996
EVK,p95,A545,23.886747126565172,21.62
EVK,p95,A546,24.281270797846695,23.759999999999998
EVK,p95,A547,23.0381937567575,24.969999999999995
EVK,p95,A548,24.120161190818404,24.04
EVK,p95,A549,22.893041599283173,22.929999999999996
EVK,p95,A550,23.289590941957595,22.989999999999995
EVK,p95,A551,22.928026439416193,22.709999999999997
EVK,p95,A552,23.074066703359396,22.25
EVK,p95,A553,24.206965501235985,23.999999999999996
EVK,p95,A554,24.00047159231213,23.43
EVK,p95,A555,24.61526050778372,24.615000000000002
EVK,p95,A556,23.84636995112983,24.075
EVK,p95,A557,25.318729085914576,23.63
EVK,p95,A559,22.68498479461805,19.1
EVK,p95,A560,24.815457921343597,21.314999999999998
EVK,p95,A561,24.28123867634245,24.0
EVK,p95,A562,24.623281445992582,24.98
EVK,p95,A563,22.41715393554653,21.42
EVK,p95,A564,24.99800009002893,24.16
EVK,p95,A565,24.591972916272468,30.26999999999999
EVK,p95,A566,23.18286240130162,21.5
EVK,p95,A567,24.835278479752517,41.199999999999996
EVK,p95,A568,24.700695960122687,24.46
EVK,p95,A569,24.73624254247642,23.71
EVK,p95,A570,25.130056316632302,34.46
EVK,p95,A571,24.067038673038038,25.644999999999996
EVK,p95,A572,24.86438772279051,19.9
EVK,p95,A601,27.685521898455278,27.025
EVK,p95,A602,28.468168549748107,28.049999999999997
EVK,p95,A603,27.35528908514557,25.525
EVK,p95,A604,25.243581117585116,19.830000000000002
EVK,p95,A605,28.636436121569577,20.94
EVK,p95,A606,32.907619159025224,30.290000000000003
EVK,p95,A607,24.958983465934516,32.025000000000006
EVK,p95,A608,27.144106529615613,32.9
EVK,p95,A609,25.512796892189748,35.87500000000001
EVK,p95,A610,26.03689350112404,39.58
EVK,p95,A611,26.826314187134027,26.475
EVK,p95,A612,31.131827973568576,22.745
EVK,p95,A613,25.337810932395726,21.449999999999996
EVK,p95,A614,24.2653772668135,26.53999999999997
EVK,p95,A615,25.66940154568515,24.620000000000005
EVK,p95,A616,23.54696054222931,21.51
EVK,p95,A617,24.059008477030588,24.335
EVK,p95,A618,27.57642314151569,20.7
EVK,p95,A619,27.384061563476877,23.135
EVK,p95,A620,29.239456794849083,21.514999999999997
EVK,p95,A621,28.0861755922833,29.989999999999995
EVK,p95,A622,24.955312736921883,25.33
EVK,p95,A623,23.102649711711955,24.6
EVK,p95,A624,26.46512565950232,23.65
EVK,p95,A625,25.991777284687167,20.435
EVK,p95,A626,26.82867953543866,23.04
EVK,p95,A627,28.466900524821526,18.919999999999998
EVK,p95,A628,26.972222472571836,25.479999999999997
EVK,p95,A629,25.262301757531315,21.224999999999998
EVK,p95,A630,25.12560397780007,17.72
EVK,p95,A631,22.709207983563953,41.559999999999995
EVK,p95,A632,23.889053553589203,35.37999999999999
EVK,p95,A633,23.99177246797517,16.56
EVK,p95,A634,27.949966417816203,19.3
EVK,p95,A635,26.001287969375603,29.8
EVK,p95,A636,28.41334488678804,26.119999999999997
EVK,p95,A637,26.539853360081928,18.925
EVK,p95,A651,28.64583246891566,19.6
EVK,p95,A652,27.97845637507024,32.3
EVK,p95,A653,28.886071440274023,20.9
EVK,p95,A654,28.694427529492593,25.639999999999997
EVK,p95,A655,28.363187223587616,16.4
EVK,p95,A656,28.532104348945712,14.9
EVK,p95,A657,23.308418265516053,28.939999999999984
EVK,p95,A659,27.841955251470424,23.6
EVK,p95,A667,29.120306265109047,25.0
EVK,p95,A701,24.127963754031295,26.680000000000003
EVK,p95,A702,27.855965661168018,25.619999999999994
EVK,p95,A703,24.27241239000072,22.29
EVK,p95,A704,26.760126662508682,24.889999999999997
EVK,p95,A705,26.726565932863796,23.519999999999996
EVK,p95,A706,25.851661232944863,18.805
EVK,p95,A707,26.929318072235265,23.83
EVK,p95,A708,24.516699981140427,21.354999999999997
EVK,p95,A709,28.885890072165754,24.9
EVK,p95,A710,26.9146679870891,24.279999999999983
EVK,p95,A711,25.561006113567224,24.3
EVK,p95,A712,24.29627327617588,24.035
EVK,p95,A713,25.4915640219281,25.02
EVK,p95,A714,27.153071236631114,24.415
EVK,p95,A715,25.89193719300637,24.415
EVK,p95,A716,26.743860351538594,31.34499999999999
EVK,p95,A717,25.236343421038782,24.4
EVK,p95,A718,26.556741311111892,24.04
EVK,p95,A719,27.80893507988068,22.4
EVK,p95,A720,26.24299148029244,23.635
EVK,p95,A721,28.13393220031957,25.035000000000004
EVK,p95,A722,28.416884141962313,24.01
EVK,p95,A723,54.1801572411718,23.34
EVK,p95,A724,20.576502722445838,26.61999999999997
EVK,p95,A725,27.18499408588042,23.765
EVK,p95,A726,25.371420650293956,25.68
EVK,p95,A727,26.569241645708612,24.045
EVK,p95,A728,24.98816586549309,24.605
EVK,p95,A729,26.349303383515338,23.419999999999998
EVK,p95,A730,26.377101312028554,23.555
EVK,p95,A731,28.206276148418606,22.55
EVK,p95,A732,26.657384492127832,25.0
EVK,p95,A733,26.535405420628244,24.279999999999998
EVK,p95,A734,26.15687948713375,26.799999999999997
EVK,p95,A735,26.196457314536694,24.419999999999998
EVK,p95,A736,25.54841607684624,24.449999999999996
EVK,p95,A737,25.974567290467004,24.169999999999998
EVK,p95,A738,24.724213028130286,23.169999999999995
EVK,p95,A739,25.13045217041644,22.139999999999997
EVK,p95,A740,25.07349638743677,25.419999999999995
EVK,p95,A741,26.36393348322126,23.98
EVK,p95,A742,26.821578837062418,24.715
EVK,p95,A743,27.891426756328045,30.08
EVK,p95,A744,24.991729614225196,40.62
EVK,p95,A745,23.81262038828958,23.825
EVK,p95,A746,26.370356853311645,19.65
EVK,p95,A747,24.612110485810476,25.519999999999996
EVK,p95,A748,25.22925531488709,21.575000000000003
EVK,p95,A749,29.237779021154644,22.599999999999998
EVK,p95,A750,26.003529056015072,24.33
EVK,p95,A751,29.116365341706786,24.915
EVK,p95,A752,30.0251759728314,24.82
EVK,p95,A753,24.35329912450981,24.49
EVK,p95,A754,27.81527896215823,29.27499999999998
EVK,p95,A755,24.83001613288317,28.485
EVK,p95,A756,27.16451054791703,24.5
EVK,p95,A757,23.560086001698444,24.0
EVK,p95,A758,24.791731888733214,23.83
EVK,p95,A759,27.159613825160445,25.099999999999998
EVK,p95,A760,25.78270831653918,24.740000000000002
EVK,p95,A761,24.70383902931654,24.52
EVK,p95,A762,26.494786831525115,36.52999999999999
EVK,p95,A763,26.631958416151072,29.879999999999995
EVK,p95,A764,25.102436951809686,22.844999999999995
EVK,p95,A765,24.10330802289903,27.16
EVK,p95,A766,25.352409688444226,31.999999999999993
EVK,p95,A767,25.05900511818148,28.02
EVK,p95,A768,26.49678813803494,26.26
EVK,p95,A769,25.820850769317296,27.374999999999996
EVK,p95,A770,24.679453428348378,22.2
EVK,p95,A771,24.440063517746836,27.029999999999994
EVK,p95,A801,33.319533875411665,28.775
EVK,p95,A802,42.77019379090249,30.48
EVK,p95,A803,32.6586968047151,25.88
EVK,p95,A804,35.1745071645136,31.09
EVK,p95,A805,34.36929673195996,35.059999999999995
EVK,p95,A806,34.36267458741352,27.939999999999994
EVK,p95,A807,28.19493943871022,25.169999999999998
EVK,p95,A808,31.649011942859357,26.42999999999999
EVK,p95,A809,48.737874766945566,27.07
EVK,p95,A810,34.54473160150052,33.75
EVK,p95,A811,29.468858989252173,32.599999999999994
EVK,p95,A814,32.51725965531231,25.024999999999988
EVK,p95,A815,32.715749430018846,28.229999999999997
EVK,p95,A816,30.813828606132745,36.425
EVK,p95,A817,31.01063125817977,33.675000000000004
EVK,p95,A818,27.20275012910447,24.14
EVK,p95,A819,27.537731014604784,24.88
EVK,p95,A820,30.014490602881704,33.27
EVK,p95,A821,26.902310144859896,25.580000000000002
EVK,p95,A822,27.95035995591421,28.36
EVK,p95,A823,27.87586093572483,29.735000000000003
EVK,p95,A824,29.40655070853031,31.1
EVK,p95,A825,29.927200034787337,30.849999999999994
EVK,p95,A826,29.367536909907024,25.915
EVK,p95,A827,33.4625699002703,30.90999999999998
EVK,p95,A828,34.05772945766634,28.265000000000004
EVK,p95,A829,31.759460984415156,30.91000000000001
EVK,p95,A830,30.32013605818001,31.189999999999998
EVK,p95,A831,28.472623979270235,32.16
EVK,p95,A832,29.20487148551986,29.599999999999998
EVK,p95,A833,29.20041957011693,37.0
EVK,p95,A834,31.08891660673705,33.76
EVK,p95,A835,27.239522971137802,25.755000000000003
EVK,p95,A836,22.99977130147287,32.269999999999996
EVK,p95,A837,33.4111583290628,38.464999999999996
EVK,p95,A839,35.1998444651789,31.67
EVK,p95,A840,35.73362390102429,27.985
EVK,p95,A841,32.74691838001084,29.86
EVK,p95,A842,26.809384611415403,27.24
EVK,p95,A843,29.93254750781005,37.599999999999994
EVK,p95,A844,33.786507834567615,36.82999999999999
EVK,p95,A845,30.302609774800175,41.06
EVK,p95,A846,31.06255564120612,30.174999999999997
EVK,p95,A847,26.345159255006088,30.364999999999995
EVK,p95,A848,31.798840247668338,32.12
EVK,p95,A849,27.959511691918173,31.189999999999998
EVK,p95,A850,26.81716473380929,31.659999999999993
EVK,p95,A851,27.37431895713496,27.71
EVK,p95,A852,34.31140436830869,27.49
EVK,p95,A853,32.826465399796355,39.28999999999999
EVK,p95,A854,34.52058104655147,26.17999999999999
EVK,p95,A855,31.73576484813635,33.22
EVK,p95,A856,34.455606320654724,31.744999999999987
EVK,p95,A857,32.26271621681914,31.359999999999996
EVK,p95,A858,31.34313505068983,31.694999999999997
EVK,p95,A859,31.169989724004218,27.979999999999997
EVK,p95,A860,32.30756502433452,37.85999999999999
EVK,p95,A861,31.536420791725906,29.78
EVK,p95,A862,29.485615288787386,27.509999999999994
EVK,p95,A863,32.30879235529851,29.825
EVK,p95,A864,29.80821792225678,31.439999999999998
EVK,p95,A865,32.882341935160206,24.305
EVK,p95,A866,26.417856298387512,38.339999999999996
EVK,p95,A867,32.37082567588116,28.735
EVK,p95,A868,30.78205911700426,27.675
EVK,p95,A869,29.05583334101722,25.08
EVK,p95,A870,31.799123831892615,23.24
EVK,p95,A871,27.009808818317577,27.949999999999992
EVK,p95,A872,27.13462359282459,26.93
EVK,p95,A873,27.015345799907788,28.65499999999999
EVK,p95,A874,28.546591055688754,24.15999999999999
EVK,p95,A875,29.724823540692732,22.935
EVK,p95,A876,29.749635780763946,30.599999999999994
EVK,p95,A878,28.68245157269292,38.7
EVK,p95,A879,31.46739253543344,41.149999999999984
EVK,p95,A880,32.95798901125366,44.46
EVK,p95,A881,31.94468450097556,30.925
EVK,p95,A882,34.10693375527903,28.569999999999997
EVK,p95,A883,33.993641543674414,23.679999999999996
EVK,p95,A884,32.52530885971485,24.7
EVK,p95,A886,31.899510927890653,32.934999999999995
EVK,p95,A889,28.78768417887627,25.055
EVK,p95,A893,34.30950137080532,31.92
EVK,p95,A894,34.542795405929226,24.5
EVK,p95,A895,32.42822025008539,29.38
EVK,p95,A897,31.488515127748762,29.224999999999998
EVK,p95,A898,32.73611168464001,32.94
EVK,p95,A901,25.892499828750598,23.525
EVK,p95,A902,24.04670306250575,24.889999999999997
EVK,p95,A903,26.65581957236077,21.7
EVK,p95,A904,24.989792377480654,22.445
EVK,p95,A905,24.395726370055282,23.96
EVK,p95,A906,29.827773267995145,24.6
EVK,p95,A907,24.086508413494386,24.639999999999997
EVK,p95,A908,24.50262327630169,24.705
EVK,p95,A909,24.622420213819904,22.529999999999998
EVK,p95,A910,22.02774496861253,22.02
EVK,p95,A911,23.842044448155395,36.72
EVK,p95,A912,24.670751667077603,24.305
EVK,p95,A913,22.554063026316612,22.75
EVK,p95,A914,22.968858538222385,21.939999999999998
EVK,p95,A915,25.82972259187839,24.1
EVK,p95,A916,23.44911434337518,24.215
EVK,p95,A917,20.993921306679425,22.489999999999995
EVK,p95,A918,26.28090823639984,23.44
EVK,p95,A919,24.919770894786623,24.275
EVK,p95,A920,25.52953208431979,23.84
EVK,p95,A921,25.86490523109402,23.46
EVK,p95,A922,23.75079006209244,22.455
EVK,p95,A923,25.170134072025164,41.07499999999999
EVK,p95,A924,23.119500391898768,22.45
EVK,p95,A925,24.185927647513374,24.915
EVK,p95,A926,23.701168228229864,22.779999999999998
EVK,p95,A927,23.098396217065044,22.62
EVK,p95,A928,24.24908706533856,22.81
EVK,p95,A929,24.67280385531955,24.72
EVK,p95,A930,25.019186532402678,22.2
EVK,p95,A931,25.452809621779195,24.259999999999998
EVK,p95,A932,24.54765290791449,22.915
EVK,p95,A933,24.4097604264515,23.9
EVK,p95,A934,24.891359680853405,24.830000000000002
EVK,p95,A935,24.59961282758039,22.025
EVK,p95,A936,25.422480563250502,22.29
EVK,p95,A937,26.304411364959584,22.319999999999997
EVK,p95,A938,23.41105304889713,22.2
EVK,p95,A939,21.779571080021753,23.974999999999998
EVK,p95,A940,26.056065399022636,24.93
EVK,p95,A941,24.42258534819556,21.895
EVK,p95,A942,26.559820395805488,32.82
EVK,p95,A943,24.84361268676547,26.35
EVK,p95,A944,25.43844594987495,19.43
EVK,p95,B803,28.774493992061128,32.98
EVK,p95,B804,28.404829568451884,34.379999999999995
EVK,p95,B806,27.600863013664405,23.069999999999997
EVK,p95,B807,32.85025830770586,29.22
EVK,p95,B808,32.59587415824067,12.8
EVK,p95,B809,32.69987857304105,16.0
EVK,p95,B810,33.94185556557843,15.0
EVK,p95,B811,34.4319769850043,15.7
EVK,p95,B812,33.78356288272624,13.1
EVK,p95,B813,34.268655697729244,10.4
EVK,p95,B814,33.396526699330664,10.6
EVK,p95,B816,32.574274133747124,9.3
EVK,p95,B817,33.28360905331558,11.7
EVK,p95,B818,33.307926884019196,12.2
EVK,p95,B819,31.429604666101103,16.4
EVK,p95,B820,31.548277974925362,14.9
EVK,p95,B821,33.2287316834859,8.6
EVK,p95,B822,32.804212881923554,12.6
EVK,p95,B823,35.14721480563212,11.1
EVK,p95,B825,32.850827324201596,13.5
EVK,p95,B827,33.857638811253096,11.5
EVK,p95,B828,40.92015501363864,14.9
EVK,p95,B829,22.20268092758758,18.7
EVK,p95,F501,24.88464969262698,28.89
EVK,p99,A001,26.38993018031959,25.875
EVK,p99,A002,25.688231267530718,22.983999999999998
EVK,p99,A003,26.35571360065283,24.77
EVK,p99,A004,27.80334616514868,23.781
EVK,p99,A005,26.379130255731404,23.24
EVK,p99,A006,25.66524108944717,17.345
EVK,p99,A007,25.19951629148244,23.447
EVK,p99,A008,26.16966156210452,24.08
EVK,p99,A009,24.142312325265408,23.337
EVK,p99,A010,25.237624691353442,24.200000000000003
EVK,p99,A011,27.940615739197845,24.863999999999997
EVK,p99,A012,25.99157983642923,24.367
EVK,p99,A013,25.34499543728703,24.022
EVK,p99,A014,24.565457157519695,23.982
EVK,p99,A015,25.421353981452178,24.456
EVK,p99,A016,27.13334232213757,24.446
EVK,p99,A017,27.550736290692065,23.446
EVK,p99,A018,25.694881606412046,24.782
EVK,p99,A019,25.965254585034714,24.332
EVK,p99,A020,25.72797608922148,23.646
EVK,p99,A021,27.632988125423516,18.538
EVK,p99,A022,26.128201863407348,24.51
EVK,p99,A023,26.317768617053247,24.01
EVK,p99,A024,27.889854835733644,23.784
EVK,p99,A025,27.316077082775536,25.392
EVK,p99,A026,26.47411158184913,24.881999999999998
EVK,p99,A027,26.047319630704948,24.131999999999998
EVK,p99,A028,25.61622824923593,24.716
EVK,p99,A029,26.23784336502038,40.544
EVK,p99,A031,26.069274368478236,29.036
EVK,p99,A032,26.979270864504514,24.928
EVK,p99,A033,25.664223882789653,23.5
EVK,p99,A034,26.23923363689947,22.032
EVK,p99,A035,26.726436242771676,24.791999999999998
EVK,p99,A036,25.691290578792067,24.932
EVK,p99,A037,25.552731121541388,23.62
EVK,p99,A038,22.94172637619453,24.483
EVK,p99,A039,26.229579889297355,24.661999999999995
EVK,p99,A040,23.452206915380117,24.2
EVK,p99,A041,25.7448100256615,24.774
EVK,p99,A042,26.453330046039422,29.976
EVK,p99,A043,24.015197693142316,19.428
EVK,p99,A044,28.06485185145932,24.355
EVK,p99,A045,26.850972229473534,21.749
EVK,p99,A046,26.13193544842477,26.424000000000003
EVK,p99,A047,26.42628710583537,23.26
EVK,p99,A048,23.996452350498362,36.49
EVK,p99,A049,24.16697890130401,38.167
EVK,p99,A050,23.74050470909562,29.413999999999998
EVK,p99,A051,26.371681548663425,21.476
EVK,p99,A052,24.661411696861226,23.16
EVK,p99,A053,23.731410784763618,24.82
EVK,p99,A054,26.158553905893527,23.84
EVK,p99,A055,26.74865307606421,28.317000000000004
EVK,p99,A056,25.99999096985473,42.504000000000005
EVK,p99,A101,29.332847487808817,40.575
EVK,p99,A102,81.84754028730471,22.63
EVK,p99,A104,27.947385609384558,23.951999999999998
EVK,p99,A108,54.79747957776545,19.588
EVK,p99,A109,80.41057390199657,22.267
EVK,p99,A110,28.947183463439277,23.256
EVK,p99,A111,25.52205426933589,20.066
EVK,p99,A112,26.632497951214248,24.451999999999998
EVK,p99,A113,15.104061991136621,23.685
EVK,p99,A117,22.67968605250546,21.666
EVK,p99,A119,39.92488654536197,23.211
EVK,p99,A121,29.864943284922028,21.559999999999995
EVK,p99,A122,29.91598043993794,19.455
EVK,p99,A123,15.936592201252889,20.325
EVK,p99,A124,24.44863269795127,17.32
EVK,p99,A125,28.90871900925856,24.072999999999997
EVK,p99,A126,26.860801439576612,24.099999999999998
EVK,p99,A127,27.468225698092752,14.8
EVK,p99,A128,84.40225965963663,20.696
EVK,p99,A133,29.83328737939958,24.608
EVK,p99,A134,8.231378681745419,19.372
EVK,p99,A135,81.90454466653415,24.23
EVK,p99,A136,51.87613451171083,19.978
EVK,p99,A137,40.62077024657918,24.984
EVK,p99,A138,8.924300045461038,24.07
EVK,p99,A140,45.24994419338692,21.692
EVK,p99,A144,25.968720245756614,23.265
EVK,p99,A201,23.988630579231483,20.068
EVK,p99,A202,26.151407029087864,21.156
EVK,p99,A203,24.14604243439114,18.246
EVK,p99,A204,23.204104485358307,24.163999999999998
EVK,p99,A205,25.63417753277232,21.72
EVK,p99,A206,22.412521214394026,24.476
EVK,p99,A207,25.7346318744597,22.715000000000003
EVK,p99,A208,22.8446573815175,18.472
EVK,p99,A209,25.158521193244177,18.346
EVK,p99,A210,21.84262384736348,21.555999999999997
EVK,p99,A211,30.285445343082245,23.708000000000002
EVK,p99,A212,21.06258798171926,24.538
EVK,p99,A213,19.552245692551168,19.583000000000002
EVK,p99,A214,28.79502222056778,22.108
EVK,p99,A215,35.94241775570459,18.610999999999997
EVK,p99,A216,27.380793397693992,35.519999999999996
EVK,p99,A217,20.728877131260507,24.047
EVK,p99,A218,21.929008364565128,19.27
EVK,p99,A219,22.446144095213278,19.252
EVK,p99,A220,24.34338522320888,22.552
EVK,p99,A221,25.507984352877695,23.656
EVK,p99,A222,23.06784774576309,24.147
EVK,p99,A223,24.17337187731572,22.432
EVK,p99,A224,25.559541579364172,24.598
EVK,p99,A225,25.49348730484979,24.9
EVK,p99,A226,22.107499098716954,24.983
EVK,p99,A227,25.407979515569018,22.999999999999996
EVK,p99,A228,13.693821776522269,30.88
EVK,p99,A229,22.75454235577185,23.085
EVK,p99,A230,17.497663349296033,24.447999999999997
EVK,p99,A231,41.494727881990514,22.600999999999996
EVK,p99,A232,15.097930659118324,24.255999999999997
EVK,p99,A233,24.037009180513095,24.685
EVK,p99,A234,25.264752764897104,23.669999999999998
EVK,p99,A235,22.25429863524782,24.07
EVK,p99,A236,17.830854828798433,20.231999999999996
EVK,p99,A237,23.539950025619948,24.136
EVK,p99,A238,24.18605489845347,22.717999999999996
EVK,p99,A239,10.321974047473141,23.875999999999998
EVK,p99,A240,25.822202937069317,23.22
EVK,p99,A241,23.940113322604397,24.549
EVK,p99,A242,30.692794585969338,18.955
EVK,p99,A243,34.92720862423369,24.47
EVK,p99,A244,52.37736223980596,24.676
EVK,p99,A245,8.254201740104172,17.794
EVK,p99,A246,22.970039908810428,22.25
EVK,p99,A247,22.75146736791305,47.86
EVK,p99,A248,25.14235610139115,21.646
EVK,p99,A249,16.657499689643114,24.32
EVK,p99,A250,15.022880335837401,23.823999999999998
EVK,p99,A251,23.22999131149013,38.804
EVK,p99,A252,24.787974595345233,41.016
EVK,p99,A253,18.300365825764526,38.21999999999999
EVK,p99,A254,23.912460941065728,23.614
EVK,p99,A255,22.17614698620612,38.776
EVK,p99,A256,24.47921214212855,42.688
EVK,p99,A301,24.435269324995122,22.296
EVK,p99,A302,63.79526365603665,24.297
EVK,p99,A303,29.774113314803248,24.857999999999997
EVK,p99,A304,28.03862982738615,23.116000000000003
EVK,p99,A305,27.055568084190796,21.90600000000001
EVK,p99,A306,25.05509946922372,23.863999999999997
EVK,p99,A307,24.631226678874818,25.858999999999998
EVK,p99,A308,24.33583719028072,23.496
EVK,p99,A309,22.28902818922813,24.679
EVK,p99,A310,22.210516643127015,18.552999999999997
EVK,p99,A311,23.58879315569875,22.72
EVK,p99,A312,23.935316129632152,22.743
EVK,p99,A313,21.42315818804164,19.971999999999998
EVK,p99,A314,27.13182238896168,19.161999999999995
EVK,p99,A315,24.109072774553766,23.0
EVK,p99,A316,23.91954876927149,24.746000000000002
EVK,p99,A317,23.215925789727038,24.563999999999997
EVK,p99,A318,27.95441038995617,22.148999999999997
EVK,p99,A319,23.971123083716456,24.248
EVK,p99,A320,19.13486890694191,23.116000000000003
EVK,p99,A321,24.815677555536865,24.146
EVK,p99,A322,21.95538617351391,19.338
EVK,p99,A323,23.152455630004017,23.257999999999996
EVK,p99,A324,23.48703964964899,23.2
EVK,p99,A325,24.057654800050084,23.592
EVK,p99,A326,23.764550180936958,24.846
EVK,p99,A327,23.788053716934442,20.902
EVK,p99,A328,21.312618062707813,18.098
EVK,p99,A329,23.900607399358623,23.564
EVK,p99,A330,23.218965227118318,35.724000000000004
EVK,p99,A331,25.799445830163002,26.732999999999993
EVK,p99,A332,24.470591988864985,24.556
EVK,p99,A333,25.32607921955708,22.438000000000002
EVK,p99,A334,23.092891146066748,22.228
EVK,p99,A335,26.786322787210196,23.264
EVK,p99,A336,23.895379762459566,23.868
EVK,p99,A337,26.291820621835363,24.157999999999998
EVK,p99,A338,25.510951528125076,24.492
EVK,p99,A339,26.008882588201697,22.876
EVK,p99,A340,26.844360101437225,23.410999999999998
EVK,p99,A341,21.278107915835204,20.483999999999998
EVK,p99,A342,24.09929934882592,24.647
EVK,p99,A343,23.712609244433686,23.376999999999995
EVK,p99,A344,34.35843042209179,22.839999999999996
EVK,p99,A345,28.759940404908043,20.866
EVK,p99,A346,24.148569701694246,18.221999999999994
EVK,p99,A347,23.313569039286488,23.646
EVK,p99,A348,22.24659555456408,23.798
EVK,p99,A349,23.437990345334917,23.980999999999998
EVK,p99,A350,23.97142967650165,23.708
EVK,p99,A351,23.636376455559347,23.212999999999997
EVK,p99,A352,21.400541642582766,19.604
EVK,p99,A353,26.115351645283198,20.212999999999997
EVK,p99,A354,23.684086964403566,22.983999999999998
EVK,p99,A355,31.633817040685855,20.964
EVK,p99,A356,37.116375066538744,16.588
EVK,p99,A357,21.592841660769597,23.17999999999999
EVK,p99,A358,25.012583913239347,23.956
EVK,p99,A359,20.51527613209157,24.279999999999998
EVK,p99,A360,26.097785601277593,19.0
EVK,p99,A361,23.74202730172822,20.831
EVK,p99,A362,23.205898930687077,24.540000000000003
EVK,p99,A363,22.859479189538433,24.268
EVK,p99,A364,24.06157052829611,23.756
EVK,p99,A365,25.379059674077347,22.4
EVK,p99,A366,24.262069220173863,22.375
EVK,p99,A367,22.9934771527542,18.509
EVK,p99,A368,25.12704007331163,20.398
EVK,p99,A369,24.737674438520855,18.49
EVK,p99,A370,23.732460875669908,26.86
EVK,p99,A371,23.638634612604317,28.459999999999997
EVK,p99,A372,25.837095997088134,40.36
EVK,p99,A373,24.555535375868153,21.155
EVK,p99,A374,23.538286402127994,27.462999999999997
EVK,p99,A375,23.412090562535624,29.642
EVK,p99,A376,24.256322924280354,22.228
EVK,p99,A377,23.15729216762248,46.99999999999999
EVK,p99,A401,28.692242612153574,46.574999999999996
EVK,p99,A402,24.13506414859654,23.634
EVK,p99,A403,33.38083478888218,24.91
EVK,p99,A404,23.74475547778784,24.284999999999997
EVK,p99,A405,30.40789961233011,21.282
EVK,p99,A406,28.41134828495194,18.434
EVK,p99,A407,25.089705720081508,19.76
EVK,p99,A408,24.571898485921476,23.646
EVK,p99,A409,32.9736072270394,40.96600000000001
EVK,p99,A410,27.25195235905666,28.743999999999996
EVK,p99,A411,24.310437283160944,21.288
EVK,p99,A412,24.183704618509566,24.38
EVK,p99,A413,25.863842464694446,24.208999999999996
EVK,p99,A414,25.04973171648464,22.98
EVK,p99,A415,24.288285938422934,21.7
EVK,p99,A416,24.634182726530593,24.748
EVK,p99,A417,28.407864328191216,23.996000000000002
EVK,p99,A418,24.833787098266157,20.546999999999997
EVK,p99,A419,25.90927156002636,21.896
EVK,p99,A420,25.36616000478671,24.479
EVK,p99,A421,36.88102185654063,18.252
EVK,p99,A422,36.52511852351641,24.663999999999998
EVK,p99,A423,29.168277947641375,24.598
EVK,p99,A424,26.030060673525142,22.061999999999998
EVK,p99,A425,24.393860108112428,22.112
EVK,p99,A426,23.449663779690795,23.432
EVK,p99,A427,21.601705260093826,23.752
EVK,p99,A428,25.789032931866565,23.170999999999996
EVK,p99,A429,24.793684872644132,26.225999999999996
EVK,p99,A430,24.067527758117464,21.436
EVK,p99,A431,40.73030940052291,19.046999999999997
EVK,p99,A432,25.32054834949916,24.825
EVK,p99,A433,24.626263850962033,24.323999999999995
EVK,p99,A434,25.308238245321913,21.087999999999994
EVK,p99,A435,24.731400762458417,24.496000000000002
EVK,p99,A436,26.06666784055296,24.212999999999997
EVK,p99,A437,25.673506233302277,16.813
EVK,p99,A438,28.0344527556398,23.715999999999998
EVK,p99,A439,23.896153087550392,24.483
EVK,p99,A440,25.407893362684547,23.75
EVK,p99,A441,26.696741779345878,22.181
EVK,p99,A442,25.149127984219803,25.0
EVK,p99,A443,26.634400474935738,23.852
EVK,p99,A444,26.679209525136176,19.974999999999998
EVK,p99,A445,25.47069639900034,23.840000000000003
EVK,p99,A446,24.60197100346718,25.75
EVK,p99,A447,23.57112699417949,22.512
EVK,p99,A448,24.55076728715726,20.520000000000003
EVK,p99,A449,27.604833030885256,19.225
EVK,p99,A450,24.395985209715043,21.455
EVK,p99,A451,27.48554338336738,21.368000000000002
EVK,p99,A452,23.437748136077595,20.173
EVK,p99,A453,25.155008547495378,16.258
EVK,p99,A454,24.05959249243479,21.228
EVK,p99,A455,23.167568053207763,23.737000000000002
EVK,p99,A456,30.707955666595456,17.481
EVK,p99,A458,26.204433311230517,39.364999999999995
EVK,p99,A501,26.449512741762852,21.552
EVK,p99,A502,27.51254808548444,24.843
EVK,p99,A503,25.29961827052349,25.0
EVK,p99,A504,26.0680033727672,20.454
EVK,p99,A505,25.81686419217884,24.793
EVK,p99,A506,23.80899022342508,24.025
EVK,p99,A507,26.306353956044855,22.868000000000002
EVK,p99,A508,25.344148454396333,23.477999999999998
EVK,p99,A509,26.273315137743403,23.737000000000002
EVK,p99,A510,26.52686615865289,22.6
EVK,p99,A511,26.23636126586165,18.229
EVK,p99,A512,26.69117319533086,32.13299999999999
EVK,p99,A513,26.321496446990594,24.6
EVK,p99,A514,26.059043663984966,33.81799999999999
EVK,p99,A515,26.840923550311476,23.296
EVK,p99,A516,25.44170469608321,24.905
EVK,p99,A517,25.739235526174955,24.81
EVK,p99,A518,27.538773337521924,27.564
EVK,p99,A519,27.53531200622321,24.743
EVK,p99,A520,26.003626726116064,25.267
EVK,p99,A521,26.39356879257393,24.848
EVK,p99,A522,24.030591312450618,22.728
EVK,p99,A523,26.28706886615395,22.2
EVK,p99,A524,26.276200750326257,23.991
EVK,p99,A525,25.825175407239122,23.962
EVK,p99,A526,25.389975675772853,24.088
EVK,p99,A527,24.517638654900917,24.162
EVK,p99,A528,25.79756111771475,23.019999999999996
EVK,p99,A529,27.183454696283036,24.746000000000002
EVK,p99,A530,26.187354511366777,22.877
EVK,p99,A531,27.034010782014843,22.343
EVK,p99,A532,24.33767938777551,28.573999999999998
EVK,p99,A533,24.96662814732953,24.71
EVK,p99,A534,24.687054200680585,24.794999999999998
EVK,p99,A535,27.282950044641854,20.681
EVK,p99,A536,25.588053064760373,24.964
EVK,p99,A537,24.72652973997902,23.546000000000003
EVK,p99,A538,25.856364055000615,23.572
EVK,p99,A539,24.672014408956976,23.291999999999998
EVK,p99,A540,24.348157266051082,23.686000000000003
EVK,p99,A541,24.259999157163882,24.0
EVK,p99,A542,25.912281610175057,24.402
EVK,p99,A543,24.434062119506642,23.48
EVK,p99,A544,26.125448372819537,26.919999999999995
EVK,p99,A545,25.334422039692583,21.764
EVK,p99,A546,25.672817200287113,24.192
EVK,p99,A547,24.773576989805562,26.194
EVK,p99,A548,27.467165215727903,24.328
EVK,p99,A549,24.69304139641759,24.586000000000002
EVK,p99,A550,24.939760780146102,24.358
EVK,p99,A551,24.488577794981936,23.502
EVK,p99,A552,24.874122339855255,22.61
EVK,p99,A553,25.590700709722547,24.72
EVK,p99,A554,25.12340049612355,24.366000000000003
EVK,p99,A555,26.299048054514394,24.683
EVK,p99,A556,25.228945092036234,24.735
EVK,p99,A557,27.281253145667563,24.566
EVK,p99,A559,24.724660495515803,19.1
EVK,p99,A560,26.106448166497614,21.622999999999998
EVK,p99,A561,25.749210711894307,24.32
EVK,p99,A562,25.83288154749486,26.036
EVK,p99,A563,24.04625982700343,21.564
EVK,p99,A564,26.50194112139352,24.832
EVK,p99,A565,25.948068236427943,34.374
EVK,p99,A566,24.7054913938928,22.46
EVK,p99,A567,26.115012680572107,45.04
EVK,p99,A568,26.153102993939118,24.652
EVK,p99,A569,26.14695125529631,23.782
EVK,p99,A570,26.708466360120322,37.372
EVK,p99,A571,25.652672011151243,27.128999999999998
EVK,p99,A572,26.402615942075233,19.9
EVK,p99,A601,30.784420009404478,29.05
EVK,p99,A602,32.96590479972576,31.28
EVK,p99,A603,30.183661263414386,27.217
EVK,p99,A604,27.891089069241183,20.285999999999998
EVK,p99,A605,32.9187866478547,21.228
EVK,p99,A606,50.46048647557079,33.178
EVK,p99,A607,28.543490252646983,35.44499999999999
EVK,p99,A608,30.385058394687732,32.9
EVK,p99,A609,26.985859493718934,41.57499999999999
EVK,p99,A610,28.68467791511587,42.315999999999995
EVK,p99,A611,29.165817168668802,27.614999999999995
EVK,p99,A612,41.887381520437025,23.429
EVK,p99,A613,28.40892262767045,21.81
EVK,p99,A614,27.10924092595859,36.908
EVK,p99,A615,29.65133002175098,29.48399999999999
EVK,p99,A616,26.656532681967697,21.662
EVK,p99,A617,25.823025244163603,24.867
EVK,p99,A618,30.962595287645172,20.7
EVK,p99,A619,29.924704174964624,23.667
EVK,p99,A620,37.41779363490422,22.942999999999998
EVK,p99,A621,31.52185891270633,32.078
EVK,p99,A622,29.065584599704785,26.825999999999997
EVK,p99,A623,24.849306571146485,24.84
EVK,p99,A624,29.248454494417885,24.49
EVK,p99,A625,28.34249372071551,21.047
EVK,p99,A626,29.15504067936726,24.048
EVK,p99,A627,32.6262771825746,19.144
EVK,p99,A628,29.40829004508773,29.736
EVK,p99,A629,27.621034392625848,23.044999999999998
EVK,p99,A630,27.874332245948075,18.503999999999998
EVK,p99,A631,24.023059013916466,47.192
EVK,p99,A632,25.84104291540959,44.11599999999999
EVK,p99,A633,25.753770617587854,18.032
EVK,p99,A634,35.36073583234452,20.1
EVK,p99,A635,27.591194691843956,30.76
EVK,p99,A636,32.35779617047797,29.224
EVK,p99,A637,29.06169109593629,19.225
EVK,p99,A651,32.92142328638812,19.6
EVK,p99,A652,32.2014126923162,33.74
EVK,p99,A653,33.34114893748705,20.9
EVK,p99,A654,32.90643714961746,26.887999999999998
EVK,p99,A655,32.32314183719912,16.4
EVK,p99,A656,32.67238170409327,14.9
EVK,p99,A657,24.569815190327624,37.78799999999999
EVK,p99,A659,32.01431359607507,23.6
EVK,p99,A667,34.10692103242221,26.6
EVK,p99,A701,25.05824291804463,27.895999999999997
EVK,p99,A702,30.123029694956596,27.799999999999994
EVK,p99,A703,25.345198830832576,22.537000000000003
EVK,p99,A704,28.18003387725157,25.056
EVK,p99,A705,28.445630719830362,24.483999999999998
EVK,p99,A706,27.023603034400566,18.881
EVK,p99,A707,28.551830882690382,23.978
EVK,p99,A708,25.973212000584144,22.863
EVK,p99,A709,31.586467613160938,33.86000000000001
EVK,p99,A710,28.02971017261553,29.896000000000004
EVK,p99,A711,27.117132326687656,24.3
EVK,p99,A712,26.558138450918246,24.567
EVK,p99,A713,26.703970956657653,25.323999999999998
EVK,p99,A714,29.13200769297039,24.642999999999997
EVK,p99,A715,27.362617306906092,24.642999999999997
EVK,p99,A716,28.366318142737757,34.26899999999999
EVK,p99,A717,26.47997711889215,24.4
EVK,p99,A718,28.181104009159966,24.648
EVK,p99,A719,30.07807314173754,22.4
EVK,p99,A720,27.264850479046594,24.167
EVK,p99,A721,30.935097437451304,28.606999999999996
EVK,p99,A722,30.760492694416744,24.162
EVK,p99,A723,56.20939652303785,23.948
EVK,p99,A724,21.650618558823165,37.564
EVK,p99,A725,29.00595992160833,24.752999999999997
EVK,p99,A726,26.631015188256463,26.256
EVK,p99,A727,28.319048959772378,24.729
EVK,p99,A728,26.28312331649989,24.681
EVK,p99,A729,27.83342249480538,23.483999999999998
EVK,p99,A730,27.63065166360589,24.391
EVK,p99,A731,31.429361559969344,23.63
EVK,p99,A732,28.01622046682369,25.0
EVK,p99,A733,27.88088190033228,24.856
EVK,p99,A734,27.563125153609985,28.240000000000002
EVK,p99,A735,27.79736520628442,24.564
EVK,p99,A736,27.310725625911452,24.81
EVK,p99,A737,27.785434718578678,24.674
EVK,p99,A738,26.049243078783363,24.394
EVK,p99,A739,26.159359551880044,24.188
EVK,p99,A740,26.57195676278743,27.323999999999995
EVK,p99,A741,28.085872074663737,24.556
EVK,p99,A742,28.091211547421196,24.783
EVK,p99,A743,30.580612023965873,30.656
EVK,p99,A744,25.99537306914429,41.964
EVK,p99,A745,25.365820736186446,24.125
EVK,p99,A746,28.31281077195328,20.25
EVK,p99,A747,26.220725370399617,26.063999999999997
EVK,p99,A748,26.504006991318803,22.715
EVK,p99,A749,31.608724774529357,23.24
EVK,p99,A750,27.278645631619398,24.386
EVK,p99,A751,30.187972236548188,24.983
EVK,p99,A752,32.374378637684366,24.884
EVK,p99,A753,25.86247067760261,24.898
EVK,p99,A754,30.224154323027914,39.13499999999998
EVK,p99,A755,25.88065415424464,29.057
EVK,p99,A756,28.973305333891098,24.740000000000002
EVK,p99,A757,24.641382180259104,24.16
EVK,p99,A758,26.7702245315117,23.886
EVK,p99,A759,29.01808824250076,25.82
EVK,p99,A760,26.926539865365022,24.948
EVK,p99,A761,25.718686974376446,24.663999999999998
EVK,p99,A762,27.952984637159332,40.346
EVK,p99,A763,28.353761420953646,33.016
EVK,p99,A764,26.75117595840344,24.969
EVK,p99,A765,25.49587620189745,27.192
EVK,p99,A766,27.073879843446885,37.12
EVK,p99,A767,27.27120787982409,28.323999999999998
EVK,p99,A768,28.07912475507981,26.292
EVK,p99,A769,27.278931646716114,27.794999999999998
EVK,p99,A770,26.184280232334284,22.68
EVK,p99,A771,25.56070699924789,29.325999999999997
EVK,p99,A801,39.01494342688835,32.35
EVK,p99,A802,46.16565751718112,31.435999999999996
EVK,p99,A803,37.99076491622941,26.228
EVK,p99,A804,41.81618995930667,32.036
EVK,p99,A805,42.07218941967926,38.56799999999999
EVK,p99,A806,41.53732573458233,33.114000000000004
EVK,p99,A807,31.68970696621536,26.384999999999998
EVK,p99,A808,33.527044875005316,30.246000000000002
EVK,p99,A809,56.38256011127165,28.133999999999997
EVK,p99,A810,41.34234167418424,36.03
EVK,p99,A811,33.9956919006825,36.2
EVK,p99,A814,35.70297634953969,31.484999999999985
EVK,p99,A815,37.02239450718389,29.725999999999996
EVK,p99,A816,35.62377583773812,37.445
EVK,p99,A817,36.36701055538258,34.815
EVK,p99,A818,29.704875982086534,24.747999999999998
EVK,p99,A819,30.37564477013622,25.456000000000003
EVK,p99,A820,31.97905070599872,34.334
EVK,p99,A821,28.691803498503305,28.315999999999995
EVK,p99,A822,30.117921355012435,29.032
EVK,p99,A823,30.970593508708703,33.306999999999995
EVK,p99,A824,31.918568083081198,31.82
EVK,p99,A825,32.06889843518057,32.650000000000006
EVK,p99,A826,30.496823725563456,26.142999999999997
EVK,p99,A827,38.17047754434434,38.182
EVK,p99,A828,40.007274317679034,33.812999999999995
EVK,p99,A829,35.193111612957885,41.701999999999984
EVK,p99,A830,40.18254675194554,31.838
EVK,p99,A831,33.71548326894518,33.312000000000005
EVK,p99,A832,31.18208187749065,30.32
EVK,p99,A833,31.775107666077172,41.480000000000004
EVK,p99,A834,33.441191276027226,36.192
EVK,p99,A835,28.835763042196735,29.630999999999993
EVK,p99,A836,36.985496499517765,34.214000000000006
EVK,p99,A837,39.54334323514125,39.212999999999994
EVK,p99,A839,42.728801738513965,32.734
EVK,p99,A840,44.607384729575834,29.276999999999997
EVK,p99,A841,38.665388134300805,30.291999999999998
EVK,p99,A842,28.703403398230794,29.288
EVK,p99,A843,33.07952190578692,39.76
EVK,p99,A844,38.44262023274079,41.366
EVK,p99,A845,35.25395012223359,41.332
EVK,p99,A846,32.98300826214669,31.874999999999993
EVK,p99,A847,29.606303467382745,34.63300000000001
EVK,p99,A848,35.7050852802704,32.504
EVK,p99,A849,30.021495698924895,32.95799999999999
EVK,p99,A850,28.412714425174556,34.651999999999994
EVK,p99,A851,30.76277795348941,27.782
EVK,p99,A852,42.31133146483134,28.138
EVK,p99,A853,39.098369674748795,42.098
EVK,p99,A854,42.262812135677365,30.356
EVK,p99,A855,35.32064412759698,34.804
EVK,p99,A856,42.18273709889546,37.38899999999998
EVK,p99,A857,37.148603229238425,35.071999999999996
EVK,p99,A858,35.84582611188455,32.57899999999999
EVK,p99,A859,35.39129619236163,31.116
EVK,p99,A860,36.69162598565691,42.21199999999999
EVK,p99,A861,36.06938701852246,30.596
EVK,p99,A862,33.74661533772498,29.821999999999992
EVK,p99,A863,37.4788239647934,30.845
EVK,p99,A864,34.01098078285061,33.168
EVK,p99,A865,37.36645020042849,24.701
EVK,p99,A866,29.384385197725138,43.588
EVK,p99,A867,35.408759366117096,29.346999999999998
EVK,p99,A868,36.7214699411404,32.654999999999994
EVK,p99,A869,31.157895744257388,27.255999999999997
EVK,p99,A870,37.21550755276994,24.008
EVK,p99,A871,29.013090649210273,31.349999999999994
EVK,p99,A872,29.3586619368242,27.866
EVK,p99,A873,29.99462722412395,33.89099999999999
EVK,p99,A874,31.592949504530146,30.991999999999997
EVK,p99,A875,33.422058680398116,23.546999999999997
EVK,p99,A876,33.32178550580534,32.839999999999996
EVK,p99,A878,37.59763120236137,40.62
EVK,p99,A879,36.168840526757755,47.26999999999998
EVK,p99,A880,36.87032095009424,44.732
EVK,p99,A881,36.33802601284698,34.105
EVK,p99,A882,41.09231961910169,33.873999999999995
EVK,p99,A883,40.351440506611794,24.496
EVK,p99,A884,38.461293732273575,24.939999999999998
EVK,p99,A886,36.39405265175904,34.987
EVK,p99,A889,30.81537219621714,25.091
EVK,p99,A893,43.168911521578835,32.144000000000005
EVK,p99,A894,40.75829242439951,24.5
EVK,p99,A895,38.00279132928308,29.956
EVK,p99,A897,34.82408329110433,29.765
EVK,p99,A898,37.679363291729885,33.948
EVK,p99,A901,26.912180662111982,24.293
EVK,p99,A902,25.85641037530277,24.978
EVK,p99,A903,28.50730652339106,21.94
EVK,p99,A904,27.028969019180654,22.657999999999998
EVK,p99,A905,25.836282299888417,24.474
EVK,p99,A906,36.23697533534383,24.76
EVK,p99,A907,25.09332717870931,24.778000000000002
EVK,p99,A908,25.79662221029446,24.781
EVK,p99,A909,25.701204825543872,23.706
EVK,p99,A910,23.340625927167522,22.163999999999998
EVK,p99,A911,25.632142604136437,39.344
EVK,p99,A912,25.87824444245167,24.381
EVK,p99,A913,23.61825996571656,23.11
EVK,p99,A914,23.999144403817724,22.068
EVK,p99,A915,27.193677017052067,24.42
EVK,p99,A916,24.51023662443132,24.283
EVK,p99,A917,22.03812861334149,23.858
EVK,p99,A918,28.68814606347886,23.728
EVK,p99,A919,28.082093139026888,24.615
EVK,p99,A920,28.195292036892575,24.448
EVK,p99,A921,29.21075572987851,24.612
EVK,p99,A922,27.726335309248487,23.610999999999997
EVK,p99,A923,26.368958171658036,45.41499999999999
EVK,p99,A924,24.15680888959474,22.81
EVK,p99,A925,25.274224335076696,24.983
EVK,p99,A926,25.741854852860747,23.996
EVK,p99,A927,25.48492228008784,22.684
EVK,p99,A928,25.906722062576304,23.761999999999997
EVK,p99,A929,26.492306514306854,24.784
EVK,p99,A930,26.580500717107576,22.2
EVK,p99,A931,26.735141305225312,24.532
EVK,p99,A932,25.748722520397976,22.983
EVK,p99,A933,25.416336171610887,24.38
EVK,p99,A934,26.04955917998513,24.966
EVK,p99,A935,26.113698724882703,22.564999999999998
EVK,p99,A936,27.166884734509548,22.698
EVK,p99,A937,28.770087652833,23.983999999999998
EVK,p99,A938,24.47378590907329,22.68
EVK,p99,A939,22.85175449075817,24.314999999999998
EVK,p99,A940,27.821617894245087,24.986
EVK,p99,A941,25.89281716139173,22.219
EVK,p99,A942,29.12344512367285,33.524
EVK,p99,A943,26.930648027494286,27.43
EVK,p99,A944,26.83619232160877,19.886
EVK,p99,B803,30.76208248837591,34.516
EVK,p99,B804,30.894449104380648,35.116
EVK,p99,B806,30.528570041204283,23.573999999999998
EVK,p99,B807,40.27847372537005,29.843999999999998
EVK,p99,B808,39.26374543504876,12.8
EVK,p99,B809,39.207109017038334,16.0
EVK,p99,B810,42.716505021132164,15.0
EVK,p99,B811,44.75462045302074,15.7
EVK,p99,B812,42.00473934948798,13.1
EVK,p99,B813,43.119711222346396,10.4
EVK,p99,B814,40.60522170754081,10.6
EVK,p99,B816,38.08642954747438,9.3
EVK,p99,B817,38.2954397352114,11.7
EVK,p99,B818,38.95292698355049,12.2
EVK,p99,B819,35.778811012065816,16.4
EVK,p99,B820,35.67682175452912,14.9
EVK,p99,B821,39.612103671693504,8.6
EVK,p99,B822,38.40579910341776,12.6
EVK,p99,B823,43.11846682582092,11.1
EVK,p99,B825,40.28002064805518,13.5
EVK,p99,B827,39.754193320349174,11.5
EVK,p99,B828,57.649332726736674,14.9
EVK,p99,B829,23.326728842387833,18.7
EVK,p99,F501,26.43474999456819,28.978
Quantile Kriging,p95,A001,24.528991808012492,24.1
Quantile Kriging,p95,A002,24.120537017915968,22.3
Quantile Kriging,p95,A003,27.759404505817557,23.88
Quantile Kriging,p95,A004,22.73298403486624,23.305
Quantile Kriging,p95,A005,22.20675988769045,22.2
Quantile Kriging,p95,A006,24.391728720016616,17.125
Quantile Kriging,p95,A007,21.02626997259247,23.235
Quantile Kriging,p95,A008,25.869243871530248,23.6
Quantile Kriging,p95,A009,22.95362242490269,23.09
Quantile Kriging,p95,A010,24.192444714454027,22.2
Quantile Kriging,p95,A011,25.137906224035603,24.72
Quantile Kriging,p95,A012,29.55484690843743,23.835
Quantile Kriging,p95,A013,24.114346596629105,22.509999999999994
Quantile Kriging,p95,A014,24.676043837253726,23.91
Quantile Kriging,p95,A015,21.38796139780328,23.88
Quantile Kriging,p95,A016,23.89476777073346,24.23
Quantile Kriging,p95,A017,23.926958494887252,23.23
Quantile Kriging,p95,A018,21.545768628578536,24.71
Quantile Kriging,p95,A019,24.106330279231248,22.459999999999994
Quantile Kriging,p95,A020,30.388292138581203,23.43
Quantile Kriging,p95,A021,29.386215588209097,17.889999999999997
Quantile Kriging,p95,A022,24.963574442427852,24.15
Quantile Kriging,p95,A023,23.042936562918676,23.65
Quantile Kriging,p95,A024,22.835705530304367,22.119999999999997
Quantile Kriging,p95,A025,27.546418946548897,24.959999999999997
Quantile Kriging,p95,A026,23.665871192119774,24.81
Quantile Kriging,p95,A027,31.8731980828047,23.86
Quantile Kriging,p95,A028,22.53050741181037,24.38
Quantile Kriging,p95,A029,23.896140146365052,37.12
Quantile Kriging,p95,A031,22.652632934299657,28.78
Quantile Kriging,p95,A032,22.95207576547723,24.64
Quantile Kriging,p95,A033,23.726548678204328,23.5
Quantile Kriging,p95,A034,21.390562504261307,21.759999999999998
Quantile Kriging,p95,A035,24.74500174825112,24.36
Quantile Kriging,p95,A036,29.456505364638684,24.66
Quantile Kriging,p95,A037,23.81619911381022,21.7
Quantile Kriging,p95,A038,23.90811410871717,24.415
Quantile Kriging,p95,A039,25.441432959675296,23.709999999999997
Quantile Kriging,p95,A040,24.154244602866644,24.2
Quantile Kriging,p95,A041,30.48247807126505,24.67
Quantile Kriging,p95,A042,21.941128182413085,28.279999999999998
Quantile Kriging,p95,A043,22.082247096570466,19.14
Quantile Kriging,p95,A044,22.409803717492814,24.175
Quantile Kriging,p95,A045,24.426239682837117,21.544999999999998
Quantile Kriging,p95,A046,25.37127240689464,25.72
Quantile Kriging,p95,A047,28.36746228732504,23.1
Quantile Kriging,p95,A048,23.371040638362082,33.249999999999986
Quantile Kriging,p95,A049,20.050996971485954,33.234999999999985
Quantile Kriging,p95,A050,21.36371155731817,27.46999999999999
Quantile Kriging,p95,A051,23.530990682827074,21.38
Quantile Kriging,p95,A052,24.443253602787557,22.2
Quantile Kriging,p95,A053,24.33006122957461,24.099999999999998
Quantile Kriging,p95,A054,24.7224712437049,23.6
Quantile Kriging,p95,A055,21.178901493125974,25.18499999999999
Quantile Kriging,p95,A056,23.67177905007856,41.72
Quantile Kriging,p95,A101,22.683568806125933,38.375
Quantile Kriging,p95,A102,24.12888555525509,22.349999999999998
Quantile Kriging,p95,A104,21.687766668977886,23.759999999999998
Quantile Kriging,p95,A108,18.224702378869683,19.14
Quantile Kriging,p95,A109,21.73053606383849,21.735
Quantile Kriging,p95,A110,23.584688011793638,22.68
Quantile Kriging,p95,A111,24.000210363280868,19.93
Quantile Kriging,p95,A112,22.088231979311157,24.259999999999998
Quantile Kriging,p95,A113,21.78457567125372,23.625
Quantile Kriging,p95,A117,16.714475439934503,21.53
Quantile Kriging,p95,A119,31.63083736516817,22.055
Quantile Kriging,p95,A121,23.3867776431026,20.199999999999996
Quantile Kriging,p95,A122,17.95685951887912,19.275
Quantile Kriging,p95,A123,19.490648067801352,18.825
Quantile Kriging,p95,A124,17.481893748169867,17.0
Quantile Kriging,p95,A125,31.518308318850693,21.964999999999996
Quantile Kriging,p95,A126,18.544362830473343,20.5
Quantile Kriging,p95,A127,21.150295045300275,14.8
Quantile Kriging,p95,A128,10.357291232080312,19.48
Quantile Kriging,p95,A133,26.572425523010196,23.04
Quantile Kriging,p95,A134,23.46397181391462,19.259999999999998
Quantile Kriging,p95,A135,12.801287280415337,23.15
Quantile Kriging,p95,A136,21.93503248257449,19.89
Quantile Kriging,p95,A137,20.45125657427579,24.92
Quantile Kriging,p95,A138,21.448134883798332,23.95
Quantile Kriging,p95,A140,23.447871616789556,20.459999999999997
Quantile Kriging,p95,A144,24.394119003565233,21.525
Quantile Kriging,p95,A201,20.28623637019044,19.57
Quantile Kriging,p95,A202,18.28481155608767,20.839999999999996
Quantile Kriging,p95,A203,25.56752195497182,17.58
Quantile Kriging,p95,A204,19.821775326647426,23.619999999999997
Quantile Kriging,p95,A205,22.70453196243698,20.999999999999996
Quantile Kriging,p95,A206,20.982378244165805,23.58
Quantile Kriging,p95,A207,22.058146591722725,20.374999999999993
Quantile Kriging,p95,A208,37.885171135803,18.36
Quantile Kriging,p95,A209,32.65052879304123,17.729999999999997
Quantile Kriging,p95,A210,28.81504691877755,20.979999999999997
Quantile Kriging,p95,A211,14.621918272354051,21.34
Quantile Kriging,p95,A212,28.829679267052065,23.889999999999997
Quantile Kriging,p95,A213,20.401224712479234,19.515
Quantile Kriging,p95,A214,32.3479361030344,21.34
Quantile Kriging,p95,A215,23.157954375200937,17.455
Quantile Kriging,p95,A216,18.038869605955576,31.999999999999993
Quantile Kriging,p95,A217,15.541638134603836,23.035
Quantile Kriging,p95,A218,23.933274545675413,18.75
Quantile Kriging,p95,A219,26.31292480454921,19.06
Quantile Kriging,p95,A220,25.630806636125392,22.36
Quantile Kriging,p95,A221,19.82352634856823,21.479999999999997
Quantile Kriging,p95,A222,21.999729132164752,23.534999999999997
Quantile Kriging,p95,A223,25.96234334808034,22.16
Quantile Kriging,p95,A224,19.65678147205573,24.19
Quantile Kriging,p95,A225,24.9621633479913,24.9
Quantile Kriging,p95,A226,18.469200751955963,24.915
Quantile Kriging,p95,A227,22.87146801396705,20.199999999999996
Quantile Kriging,p95,A228,19.73353734663373,30.4
Quantile Kriging,p95,A229,22.914793500643153,23.025
Quantile Kriging,p95,A230,36.14704301005574,23.439999999999998
Quantile Kriging,p95,A231,21.898283720434883,21.405
Quantile Kriging,p95,A232,20.389451820854926,23.679999999999996
Quantile Kriging,p95,A233,34.02931654416912,24.625
Quantile Kriging,p95,A234,33.98359123824457,22.75
Quantile Kriging,p95,A235,20.79409678468759,23.95
Quantile Kriging,p95,A236,25.295532341740465,19.56
Quantile Kriging,p95,A237,23.128169480899793,23.88
Quantile Kriging,p95,A238,37.73423556004312,21.99
Quantile Kriging,p95,A239,18.206909593108556,23.779999999999998
Quantile Kriging,p95,A240,21.15607385896269,22.499999999999996
Quantile Kriging,p95,A241,34.47225011879521,24.345
Quantile Kriging,p95,A242,11.013479344708747,18.775
Quantile Kriging,p95,A243,32.737745187298074,23.549999999999997
Quantile Kriging,p95,A244,26.096924940026156,23.779999999999998
Quantile Kriging,p95,A245,32.36371392965378,17.77
Quantile Kriging,p95,A246,25.72520797294651,22.05
Quantile Kriging,p95,A247,17.052185218053708,45.69999999999999
Quantile Kriging,p95,A248,24.488545074305687,21.029999999999998
Quantile Kriging,p95,A249,31.733920898713656,23.599999999999998
Quantile Kriging,p95,A250,24.206193173026136,21.519999999999992
Quantile Kriging,p95,A251,24.035559556309813,35.22
Quantile Kriging,p95,A252,21.716840108008817,40.68
Quantile Kriging,p95,A253,17.50827123033653,35.099999999999994
Quantile Kriging,p95,A254,33.518902973486284,22.869999999999997
Quantile Kriging,p95,A255,18.64489974276561,35.48
Quantile Kriging,p95,A256,19.24248753581967,41.04
Quantile Kriging,p95,A301,19.725673784329036,21.48
Quantile Kriging,p95,A302,0.001,23.485
Quantile Kriging,p95,A303,16.240644314236757,24.525
Quantile Kriging,p95,A304,19.09960217395793,21.179999999999996
Quantile Kriging,p95,A305,17.766512287410325,15.88
Quantile Kriging,p95,A306,20.993912388251957,22.575000000000003
Quantile Kriging,p95,A307,21.736615124075758,24.189999999999998
Quantile Kriging,p95,A308,18.836193817792008,21.53
Quantile Kriging,p95,A309,22.067127387311018,24.51
Quantile Kriging,p95,A310,17.840683436157416,18.0
Quantile Kriging,p95,A311,29.11453298756041,22.0
Quantile Kriging,p95,A312,25.77052101653996,22.515
Quantile Kriging,p95,A313,19.265287848215106,19.060000000000002
Quantile Kriging,p95,A314,19.529588747293428,18.209999999999997
Quantile Kriging,p95,A315,24.442636120935735,21.4
Quantile Kriging,p95,A316,25.672755310329894,24.53
Quantile Kriging,p95,A317,31.280172318943173,24.019999999999996
Quantile Kriging,p95,A318,24.46445398816202,21.944999999999997
Quantile Kriging,p95,A319,21.600109245377322,23.24
Quantile Kriging,p95,A320,19.18398327479041,20.379999999999992
Quantile Kriging,p95,A321,23.41932596058428,23.93
Quantile Kriging,p95,A322,22.04249649027792,18.689999999999998
Quantile Kriging,p95,A323,22.760421024726288,21.49
Quantile Kriging,p95,A324,23.89115882434897,22.0
Quantile Kriging,p95,A325,20.511733435601307,23.16
Quantile Kriging,p95,A326,25.641699483710802,24.63
Quantile Kriging,p95,A327,19.25563731520927,20.11
Quantile Kriging,p95,A328,19.931781374955566,17.69
Quantile Kriging,p95,A329,22.073303529427204,23.419999999999998
Quantile Kriging,p95,A330,22.433270860410392,26.21999999999997
Quantile Kriging,p95,A331,23.776959982773914,23.264999999999993
Quantile Kriging,p95,A332,19.34853250719814,23.979999999999997
Quantile Kriging,p95,A333,21.38041335329629,21.79
Quantile Kriging,p95,A334,23.456186166221602,21.939999999999998
Quantile Kriging,p95,A335,21.08570538357134,23.12
Quantile Kriging,p95,A336,21.489356879331257,23.74
Quantile Kriging,p95,A337,21.182970679853284,22.389999999999997
Quantile Kriging,p95,A338,22.911354408616404,23.259999999999998
Quantile Kriging,p95,A339,20.23395021432872,21.579999999999995
Quantile Kriging,p95,A340,27.408716462791133,22.255
Quantile Kriging,p95,A341,18.026789063304726,19.619999999999997
Quantile Kriging,p95,A342,20.512979539070667,24.034999999999997
Quantile Kriging,p95,A343,23.32017151365369,22.084999999999997
Quantile Kriging,p95,A344,23.6640678329753,22.599999999999998
Quantile Kriging,p95,A345,23.006466975208006,20.73
Quantile Kriging,p95,A346,24.356648686925745,15.909999999999995
Quantile Kriging,p95,A347,21.05661658129625,23.029999999999998
Quantile Kriging,p95,A348,20.247881998201496,23.39
Quantile Kriging,p95,A349,23.675049281262055,23.505
Quantile Kriging,p95,A350,22.85431918595068,22.939999999999998
Quantile Kriging,p95,A351,24.30496317245307,22.465
Quantile Kriging,p95,A352,18.902605224728905,17.619999999999997
Quantile Kriging,p95,A353,17.533498573971293,19.465
Quantile Kriging,p95,A354,24.097193306948796,22.919999999999998
Quantile Kriging,p95,A355,17.897702139710507,18.019999999999996
Quantile Kriging,p95,A356,24.522990273116083,16.14
Quantile Kriging,p95,A357,18.752977087695406,19.09999999999999
Quantile Kriging,p95,A358,23.125920043892602,23.38
Quantile Kriging,p95,A359,18.560259876965734,22.599999999999994
Quantile Kriging,p95,A360,22.514287116071372,19.0
Quantile Kriging,p95,A361,23.87927281393163,20.154999999999998
Quantile Kriging,p95,A362,43.80088902416264,24.3
Quantile Kriging,p95,A363,24.621019586095905,24.14
Quantile Kriging,p95,A364,25.383419297763975,23.18
Quantile Kriging,p95,A365,20.97545345657191,22.4
Quantile Kriging,p95,A366,24.17966535850272,21.475
Quantile Kriging,p95,A367,23.33251768142735,18.145
Quantile Kriging,p95,A368,23.20376541593455,19.99
Quantile Kriging,p95,A369,22.81767207106868,18.45
Quantile Kriging,p95,A370,22.109153662256844,25.9
Quantile Kriging,p95,A371,21.045476772661925,26.699999999999996
Quantile Kriging,p95,A372,23.38470840918786,35.4
Quantile Kriging,p95,A373,21.926396956089064,20.975
Quantile Kriging,p95,A374,21.609429695733407,24.914999999999996
Quantile Kriging,p95,A375,21.436335309440835,27.009999999999994
Quantile Kriging,p95,A376,20.80692176266138,21.94
Quantile Kriging,p95,A377,24.04458505711484,45.8
Quantile Kriging,p95,A401,20.88942747577553,44.975
Quantile Kriging,p95,A402,22.61812801215544,23.4
Quantile Kriging,p95,A403,28.884259353298123,24.55
Quantile Kriging,p95,A404,23.80084716749311,23.704999999999995
Quantile Kriging,p95,A405,23.265705084176155,19.77
Quantile Kriging,p95,A406,22.721209348590836,18.069999999999997
Quantile Kriging,p95,A407,19.36020487076225,18.0
Quantile Kriging,p95,A408,21.779682804999872,23.09
Quantile Kriging,p95,A409,16.11803580973661,35.59999999999997
Quantile Kriging,p95,A410,17.66993017898248,25.479999999999993
Quantile Kriging,p95,A411,24.024818445478367,20.84
Quantile Kriging,p95,A412,24.04971497646325,24.3
Quantile Kriging,p95,A413,20.706327229701404,22.644999999999996
Quantile Kriging,p95,A414,24.58548770283975,20.09999999999999
Quantile Kriging,p95,A415,23.055523585622762,21.7
Quantile Kriging,p95,A416,22.43440590070867,23.74
Quantile Kriging,p95,A417,27.3552059973405,21.979999999999993
Quantile Kriging,p95,A418,22.65683206489387,19.935
Quantile Kriging,p95,A419,26.569705541673557,21.08
Quantile Kriging,p95,A420,17.45607982657944,23.595
Quantile Kriging,p95,A421,25.529755515496916,16.459999999999997
Quantile Kriging,p95,A422,16.145096049509895,24.52
Quantile Kriging,p95,A423,20.03253424598199,24.19
Quantile Kriging,p95,A424,21.524348584578533,21.109999999999996
Quantile Kriging,p95,A425,22.649439008064522,19.359999999999996
Quantile Kriging,p95,A426,22.308937564048527,23.16
Quantile Kriging,p95,A427,21.014381728087123,23.56
Quantile Kriging,p95,A428,22.678571579741547,20.654999999999998
Quantile Kriging,p95,A429,23.81463567940655,24.729999999999997
Quantile Kriging,p95,A430,19.917573375463544,21.18
Quantile Kriging,p95,A431,30.113275608763733,18.435
Quantile Kriging,p95,A432,23.238063682498368,24.525
Quantile Kriging,p95,A433,20.96743804918423,22.419999999999995
Quantile Kriging,p95,A434,17.256864412692746,18.639999999999997
Quantile Kriging,p95,A435,21.509769019701697,24.080000000000002
Quantile Kriging,p95,A436,25.32683228919902,23.465
Quantile Kriging,p95,A437,25.655595945608674,16.064999999999998
Quantile Kriging,p95,A438,26.326731651324923,18.979999999999993
Quantile Kriging,p95,A439,22.03384375073756,24.415
Quantile Kriging,p95,A440,21.67953698877889,23.15
Quantile Kriging,p95,A441,23.727182426590474,21.705000000000002
Quantile Kriging,p95,A442,26.872769523085264,25.0
Quantile Kriging,p95,A443,22.552024265757293,22.06
Quantile Kriging,p95,A444,22.17158062882408,19.075
Quantile Kriging,p95,A445,20.855532069337254,21.199999999999996
Quantile Kriging,p95,A446,19.640298330315254,25.15
Quantile Kriging,p95,A447,22.41748252998997,21.36
Quantile Kriging,p95,A448,24.02106254273806,20.200000000000003
Quantile Kriging,p95,A449,23.34976958812369,18.925
Quantile Kriging,p95,A450,22.368026400468906,21.275
Quantile Kriging,p95,A451,24.472812434483483,20.44
Quantile Kriging,p95,A452,22.73537321162179,20.064999999999998
Quantile Kriging,p95,A453,21.49644021990751,16.09
Quantile Kriging,p95,A454,21.398823368109014,20.94
Quantile Kriging,p95,A455,21.302858158756347,23.485
Quantile Kriging,p95,A456,32.9686635904036,17.005
Quantile Kriging,p95,A458,22.193503057570407,36.425
Quantile Kriging,p95,A501,23.950880626269136,21.36
Quantile Kriging,p95,A502,27.475691914246873,24.615000000000002
Quantile Kriging,p95,A503,24.400466752841382,25.0
Quantile Kriging,p95,A504,30.063123993180785,20.27
Quantile Kriging,p95,A505,24.149502019576214,23.995
Quantile Kriging,p95,A506,21.753242328731243,22.07
Quantile Kriging,p95,A507,22.56953305435553,22.4
Quantile Kriging,p95,A508,25.030829922689442,22.204999999999995
Quantile Kriging,p95,A509,28.265003881095364,23.455
Quantile Kriging,p95,A510,22.913702316379293,21.4
Quantile Kriging,p95,A511,24.287795275910046,17.545
Quantile Kriging,p95,A512,24.13228072098577,25.06500000000001
Quantile Kriging,p95,A513,25.04711658247867,24.6
Quantile Kriging,p95,A514,27.4062028267847,27.890000000000004
Quantile Kriging,p95,A515,31.5681533369471,22.080000000000002
Quantile Kriging,p95,A516,25.268354844556175,24.525
Quantile Kriging,p95,A517,20.870856216824436,24.05
Quantile Kriging,p95,A518,21.799924833250905,27.419999999999998
Quantile Kriging,p95,A519,24.529564949016937,24.515
Quantile Kriging,p95,A520,23.905309363078196,24.735
Quantile Kriging,p95,A521,22.994054290774237,24.24
Quantile Kriging,p95,A522,25.30499326192113,22.439999999999998
Quantile Kriging,p95,A523,24.667430213055685,22.2
Quantile Kriging,p95,A524,30.174694381928987,23.155
Quantile Kriging,p95,A525,23.939598265849753,23.810000000000002
Quantile Kriging,p95,A526,21.870493577211203,21.639999999999993
Quantile Kriging,p95,A527,29.52683827214956,24.01
Quantile Kriging,p95,A528,23.321917240171246,21.5
Quantile Kriging,p95,A529,26.814390015368495,24.53
Quantile Kriging,p95,A530,26.28036925661357,21.585
Quantile Kriging,p95,A531,26.214001769801925,22.115000000000002
Quantile Kriging,p95,A532,23.733817462444712,28.069999999999997
Quantile Kriging,p95,A533,22.9580274318554,24.35
Quantile Kriging,p95,A534,27.464110658719424,24.375
Quantile Kriging,p95,A535,24.509896373642643,20.205000000000002
Quantile Kriging,p95,A536,23.743384655470287,24.82
Quantile Kriging,p95,A537,23.126134649974873,23.330000000000002
Quantile Kriging,p95,A538,20.585658207883547,22.660000000000004
Quantile Kriging,p95,A539,19.611210542880357,22.86
Quantile Kriging,p95,A540,36.128832158771694,22.029999999999998
Quantile Kriging,p95,A541,22.845459298885736,24.0
Quantile Kriging,p95,A542,28.615508239660002,23.61
Quantile Kriging,p95,A543,23.120360953227397,23.0
Quantile Kriging,p95,A544,22.88268471158866,24.199999999999996
Quantile Kriging,p95,A545,23.348554570141253,21.62
Quantile Kriging,p95,A546,25.16124394873448,23.759999999999998
Quantile Kriging,p95,A547,21.507999583305836,24.969999999999995
Quantile Kriging,p95,A548,23.480110044771035,24.04
Quantile Kriging,p95,A549,21.256851997820288,22.929999999999996
Quantile Kriging,p95,A550,22.03827875249452,22.989999999999995
Quantile Kriging,p95,A551,22.682641795707415,22.709999999999997
Quantile Kriging,p95,A552,21.956134263046447,22.25
Quantile Kriging,p95,A553,22.898379463961152,23.999999999999996
Quantile Kriging,p95,A554,20.68203671832831,23.43
Quantile Kriging,p95,A555,23.61638408131447,24.615000000000002
Quantile Kriging,p95,A556,22.033428320379066,24.075
Quantile Kriging,p95,A557,21.686730161071473,23.63
Quantile Kriging,p95,A559,23.474487832154313,19.1
Quantile Kriging,p95,A560,22.847221610273646,21.314999999999998
Quantile Kriging,p95,A561,22.081048862255262,24.0
Quantile Kriging,p95,A562,22.787105125780535,24.98
Quantile Kriging,p95,A563,21.62582034968718,21.42
Quantile Kriging,p95,A564,25.845522338625084,24.16
Quantile Kriging,p95,A565,24.077861890961604,30.26999999999999
Quantile Kriging,p95,A566,22.566876114573503,21.5
Quantile Kriging,p95,A567,18.61475016170899,41.199999999999996
Quantile Kriging,p95,A568,24.438895758441355,24.46
Quantile Kriging,p95,A569,21.73268248330163,23.71
Quantile Kriging,p95,A570,23.37835543359959,34.46
Quantile Kriging,p95,A571,24.315971740432754,25.644999999999996
Quantile Kriging,p95,A572,24.208263860009193,19.9
Quantile Kriging,p95,A601,26.441530539540025,27.025
Quantile Kriging,p95,A602,23.373953775036295,28.049999999999997
Quantile Kriging,p95,A603,24.198178822725687,25.525
Quantile Kriging,p95,A604,23.742780090302638,19.830000000000002
Quantile Kriging,p95,A605,22.790513103636172,20.94
Quantile Kriging,p95,A606,27.079656994863445,30.290000000000003
Quantile Kriging,p95,A607,22.1753921003789,32.025000000000006
Quantile Kriging,p95,A608,24.852296021082978,32.9
Quantile Kriging,p95,A609,27.65384743644908,35.87500000000001
Quantile Kriging,p95,A610,21.107096935366492,39.58
Quantile Kriging,p95,A611,28.98137692365179,26.475
Quantile Kriging,p95,A612,21.25707753477208,22.745
Quantile Kriging,p95,A613,24.260946172829254,21.449999999999996
Quantile Kriging,p95,A614,26.258794475947354,26.53999999999997
Quantile Kriging,p95,A615,21.546464337833285,24.620000000000005
Quantile Kriging,p95,A616,25.92645532339823,21.51
Quantile Kriging,p95,A617,25.73377729221345,24.335
Quantile Kriging,p95,A618,23.318117202365162,20.7
Quantile Kriging,p95,A619,26.36017588509029,23.135
Quantile Kriging,p95,A620,33.86700961379955,21.514999999999997
Quantile Kriging,p95,A621,23.73555733409575,29.989999999999995
Quantile Kriging,p95,A622,22.06800684585938,25.33
Quantile Kriging,p95,A623,28.4198363555437,24.6
Quantile Kriging,p95,A624,21.804841691150045,23.65
Quantile Kriging,p95,A625,24.99231145749777,20.435
Quantile Kriging,p95,A626,31.467121803164922,23.04
Quantile Kriging,p95,A627,23.010172252220453,18.919999999999998
Quantile Kriging,p95,A628,27.643454518535776,25.479999999999997
Quantile Kriging,p95,A629,20.735286946201747,21.224999999999998
Quantile Kriging,p95,A630,25.85024100643561,17.72
Quantile Kriging,p95,A631,22.35103797104362,41.559999999999995
Quantile Kriging,p95,A632,25.590024699839187,35.37999999999999
Quantile Kriging,p95,A633,26.568662535538582,16.56
Quantile Kriging,p95,A634,22.42480589860193,19.3
Quantile Kriging,p95,A635,27.39779867179294,29.8
Quantile Kriging,p95,A636,23.754399176257543,26.119999999999997
Quantile Kriging,p95,A637,28.328304904519158,18.925
Quantile Kriging,p95,A651,23.069705991265263,19.6
Quantile Kriging,p95,A652,21.417459769354256,32.3
Quantile Kriging,p95,A653,23.188949018685587,20.9
Quantile Kriging,p95,A654,23.50270435023145,25.639999999999997
Quantile Kriging,p95,A655,24.2089141589628,16.4
Quantile Kriging,p95,A656,23.951782256738028,14.9
Quantile Kriging,p95,A657,19.592457095131724,28.939999999999984
Quantile Kriging,p95,A659,25.52896874068186,23.6
Quantile Kriging,p95,A667,24.83767736520836,25.0
Quantile Kriging,p95,A701,29.888684265585965,26.680000000000003
Quantile Kriging,p95,A702,27.598775637888902,25.619999999999994
Quantile Kriging,p95,A703,24.246472894208047,22.29
Quantile Kriging,p95,A704,29.656251427735604,24.889999999999997
Quantile Kriging,p95,A705,25.819197491283198,23.519999999999996
Quantile Kriging,p95,A706,24.445872015245577,18.805
Quantile Kriging,p95,A707,28.20528853441532,23.83
Quantile Kriging,p95,A708,24.578109996019823,21.354999999999997
Quantile Kriging,p95,A709,27.61495702733184,24.9
Quantile Kriging,p95,A710,24.36925766086658,24.279999999999983
Quantile Kriging,p95,A711,23.035029782071838,24.3
Quantile Kriging,p95,A712,28.257770117558145,24.035
Quantile Kriging,p95,A713,27.43453210251545,25.02
Quantile Kriging,p95,A714,23.13227805063404,24.415
Quantile Kriging,p95,A715,24.66499024290088,24.415
Quantile Kriging,p95,A716,27.706327091164866,31.34499999999999
Quantile Kriging,p95,A717,25.493527026965257,24.4
Quantile Kriging,p95,A718,27.456491049360732,24.04
Quantile Kriging,p95,A719,24.96254115097281,22.4
Quantile Kriging,p95,A720,25.108375173916397,23.635
Quantile Kriging,p95,A721,25.168376111593005,25.035000000000004
Quantile Kriging,p95,A722,22.20346193170403,24.01
Quantile Kriging,p95,A723,25.733215760739906,23.34
Quantile Kriging,p95,A724,24.21904962516246,26.61999999999997
Quantile Kriging,p95,A725,25.208422573203887,23.765
Quantile Kriging,p95,A726,24.17127274480402,25.68
Quantile Kriging,p95,A727,25.613684605550944,24.045
Quantile Kriging,p95,A728,22.79978093851293,24.605
Quantile Kriging,p95,A729,23.01304265301125,23.419999999999998
Quantile Kriging,p95,A730,25.027321182747464,23.555
Quantile Kriging,p95,A731,27.92839952310736,22.55
Quantile Kriging,p95,A732,23.893656300672504,25.0
Quantile Kriging,p95,A733,23.866115304169437,24.279999999999998
Quantile Kriging,p95,A734,30.402854510170663,26.799999999999997
Quantile Kriging,p95,A735,24.26890432315647,24.419999999999998
Quantile Kriging,p95,A736,22.71814893075193,24.449999999999996
Quantile Kriging,p95,A737,24.992107802577415,24.169999999999998
Quantile Kriging,p95,A738,24.044392482421244,23.169999999999995
Quantile Kriging,p95,A739,29.888927194908604,22.139999999999997
Quantile Kriging,p95,A740,23.58475181371003,25.419999999999995
Quantile Kriging,p95,A741,22.912260148118087,23.98
Quantile Kriging,p95,A742,22.661532086837884,24.715
Quantile Kriging,p95,A743,24.821152904421485,30.08
Quantile Kriging,p95,A744,23.510353605696203,40.62
Quantile Kriging,p95,A745,26.758474021816077,23.825
Quantile Kriging,p95,A746,30.1908646412731,19.65
Quantile Kriging,p95,A747,23.00982547989304,25.519999999999996
Quantile Kriging,p95,A748,23.842477807625794,21.575000000000003
Quantile Kriging,p95,A749,24.886122325752698,22.599999999999998
Quantile Kriging,p95,A750,21.25084677243774,24.33
Quantile Kriging,p95,A751,27.441804296452037,24.915
Quantile Kriging,p95,A752,27.81129360912465,24.82
Quantile Kriging,p95,A753,23.046703391267613,24.49
Quantile Kriging,p95,A754,25.187271177242536,29.27499999999998
Quantile Kriging,p95,A755,29.33773713888871,28.485
Quantile Kriging,p95,A756,24.741429473271406,24.5
Quantile Kriging,p95,A757,22.687008712201113,24.0
Quantile Kriging,p95,A758,23.303172969136043,23.83
Quantile Kriging,p95,A759,32.42414690166481,25.099999999999998
Quantile Kriging,p95,A760,24.428363293386518,24.740000000000002
Quantile Kriging,p95,A761,23.30129543931386,24.52
Quantile Kriging,p95,A762,24.714088138319976,36.52999999999999
Quantile Kriging,p95,A763,24.776024668463076,29.879999999999995
Quantile Kriging,p95,A764,23.80928921628887,22.844999999999995
Quantile Kriging,p95,A765,24.778696164437797,27.16
Quantile Kriging,p95,A766,22.962841851951982,31.999999999999993
Quantile Kriging,p95,A767,24.170644658854396,28.02
Quantile Kriging,p95,A768,27.388145297912434,26.26
Quantile Kriging,p95,A769,23.590937644288548,27.374999999999996
Quantile Kriging,p95,A770,23.42816332654425,22.2
Quantile Kriging,p95,A771,27.56293324284394,27.029999999999994
Quantile Kriging,p95,A801,16.83449457450493,28.775
Quantile Kriging,p95,A802,41.91592055999309,30.48
Quantile Kriging,p95,A803,23.997499740119096,25.88
Quantile Kriging,p95,A804,36.97672624400818,31.09
Quantile Kriging,p95,A805,30.713754945262707,35.059999999999995
Quantile Kriging,p95,A806,30.138093136163487,27.939999999999994
Quantile Kriging,p95,A807,24.300317631471053,25.169999999999998
Quantile Kriging,p95,A808,31.05323360947564,26.42999999999999
Quantile Kriging,p95,A809,31.58061227923147,27.07
Quantile Kriging,p95,A810,30.47961766501493,33.75
Quantile Kriging,p95,A811,16.354568570965682,32.599999999999994
Quantile Kriging,p95,A814,35.778676899840974,25.024999999999988
Quantile Kriging,p95,A815,33.20449070875684,28.229999999999997
Quantile Kriging,p95,A816,31.838461168879903,36.425
Quantile Kriging,p95,A817,26.24674402877909,33.675000000000004
Quantile Kriging,p95,A818,28.786672502157586,24.14
Quantile Kriging,p95,A819,24.754241188271568,24.88
Quantile Kriging,p95,A820,30.67580027581576,33.27
Quantile Kriging,p95,A821,30.26353400503682,25.580000000000002
Quantile Kriging,p95,A822,29.238743727166117,28.36
Quantile Kriging,p95,A823,23.176940842802654,29.735000000000003
Quantile Kriging,p95,A824,25.28613751041581,31.1
Quantile Kriging,p95,A825,31.13236826849269,30.849999999999994
Quantile Kriging,p95,A826,32.709985332733,25.915
Quantile Kriging,p95,A827,11.824644824540242,30.90999999999998
Quantile Kriging,p95,A828,27.896841797190802,28.265000000000004
Quantile Kriging,p95,A829,26.66741697067078,30.91000000000001
Quantile Kriging,p95,A830,23.46232158629124,31.189999999999998
Quantile Kriging,p95,A831,27.23847786719917,32.16
Quantile Kriging,p95,A832,25.531674800562758,29.599999999999998
Quantile Kriging,p95,A833,26.165737407941336,37.0
Quantile Kriging,p95,A834,25.826817787403172,33.76
Quantile Kriging,p95,A835,28.795088060933217,25.755000000000003
Quantile Kriging,p95,A836,17.24497988060726,32.269999999999996
Quantile Kriging,p95,A837,24.193544519303096,38.464999999999996
Quantile Kriging,p95,A839,30.861758300991433,31.67
Quantile Kriging,p95,A840,21.22173254935782,27.985
Quantile Kriging,p95,A841,30.414562308293768,29.86
Quantile Kriging,p95,A842,26.694215075912687,27.24
Quantile Kriging,p95,A843,36.167532100369925,37.599999999999994
Quantile Kriging,p95,A844,32.86216937918151,36.82999999999999
Quantile Kriging,p95,A845,27.443375644208658,41.06
Quantile Kriging,p95,A846,31.52426969436607,30.174999999999997
Quantile Kriging,p95,A847,24.83396006134019,30.364999999999995
Quantile Kriging,p95,A848,32.89346721554531,32.12
Quantile Kriging,p95,A849,27.15447001140506,31.189999999999998
Quantile Kriging,p95,A850,26.570716512647937,31.659999999999993
Quantile Kriging,p95,A851,29.204911988587867,27.71
Quantile Kriging,p95,A852,37.332166032447425,27.49
Quantile Kriging,p95,A853,33.34173954504995,39.28999999999999
Quantile Kriging,p95,A854,31.879858853847843,26.17999999999999
Quantile Kriging,p95,A855,35.066084086733625,33.22
Quantile Kriging,p95,A856,30.527208130050525,31.744999999999987
Quantile Kriging,p95,A857,30.987149645342797,31.359999999999996
Quantile Kriging,p95,A858,30.455281145689757,31.694999999999997
Quantile Kriging,p95,A859,29.673526730340445,27.979999999999997
Quantile Kriging,p95,A860,30.553965050315007,37.85999999999999
Quantile Kriging,p95,A861,31.508712242069336,29.78
Quantile Kriging,p95,A862,30.296895997145022,27.509999999999994
Quantile Kriging,p95,A863,28.711919531952667,29.825
Quantile Kriging,p95,A864,27.36611663870359,31.439999999999998
Quantile Kriging,p95,A865,37.39396876980156,24.305
Quantile Kriging,p95,A866,26.840114246782612,38.339999999999996
Quantile Kriging,p95,A867,31.800495957892842,28.735
Quantile Kriging,p95,A868,28.73892044145547,27.675
Quantile Kriging,p95,A869,30.230841809751055,25.08
Quantile Kriging,p95,A870,30.50231118391971,23.24
Quantile Kriging,p95,A871,26.913246797535066,27.949999999999992
Quantile Kriging,p95,A872,24.67914142835619,26.93
Quantile Kriging,p95,A873,25.12134934686045,28.65499999999999
Quantile Kriging,p95,A874,27.033336346354442,24.15999999999999
Quantile Kriging,p95,A875,30.375892391121624,22.935
Quantile Kriging,p95,A876,32.46934584152525,30.599999999999994
Quantile Kriging,p95,A878,34.02829293379827,38.7
Quantile Kriging,p95,A879,14.047792622276898,41.149999999999984
Quantile Kriging,p95,A880,22.22191310320118,44.46
Quantile Kriging,p95,A881,24.286716880773724,30.925
Quantile Kriging,p95,A882,14.767349901257624,28.569999999999997
Quantile Kriging,p95,A883,38.39523467245127,23.679999999999996
Quantile Kriging,p95,A884,16.161184975163437,24.7
Quantile Kriging,p95,A886,31.41712308061485,32.934999999999995
Quantile Kriging,p95,A889,32.3626145843294,25.055
Quantile Kriging,p95,A893,10.7338427908395,31.92
Quantile Kriging,p95,A894,35.563402496711014,24.5
Quantile Kriging,p95,A895,31.670291437507846,29.38
Quantile Kriging,p95,A897,24.03225143854338,29.224999999999998
Quantile Kriging,p95,A898,32.25156041019003,32.94
Quantile Kriging,p95,A901,19.692731984235266,23.525
Quantile Kriging,p95,A902,21.216034639180812,24.889999999999997
Quantile Kriging,p95,A903,22.13784136472645,21.7
Quantile Kriging,p95,A904,22.902780798063606,22.445
Quantile Kriging,p95,A905,29.756835653623668,23.96
Quantile Kriging,p95,A906,27.395669421176194,24.6
Quantile Kriging,p95,A907,27.432749761450644,24.639999999999997
Quantile Kriging,p95,A908,21.488420549458354,24.705
Quantile Kriging,p95,A909,23.697459637512857,22.529999999999998
Quantile Kriging,p95,A910,23.225317479164406,22.02
Quantile Kriging,p95,A911,23.104834888172896,36.72
Quantile Kriging,p95,A912,32.92041495377442,24.305
Quantile Kriging,p95,A913,29.375542071414042,22.75
Quantile Kriging,p95,A914,20.77385757299624,21.939999999999998
Quantile Kriging,p95,A915,22.480451873507093,24.1
Quantile Kriging,p95,A916,26.554644973644997,24.215
Quantile Kriging,p95,A917,22.705314778915987,22.489999999999995
Quantile Kriging,p95,A918,27.81584882050101,23.44
Quantile Kriging,p95,A919,22.673150666826796,24.275
Quantile Kriging,p95,A920,22.92586786814161,23.84
Quantile Kriging,p95,A921,25.671705262650953,23.46
Quantile Kriging,p95,A922,20.697549619402793,22.455
Quantile Kriging,p95,A923,24.324608936654236,41.07499999999999
Quantile Kriging,p95,A924,22.35459865139378,22.45
Quantile Kriging,p95,A925,23.875388015621393,24.915
Quantile Kriging,p95,A926,22.721096791810172,22.779999999999998
Quantile Kriging,p95,A927,30.343315228045984,22.62
Quantile Kriging,p95,A928,20.98659228630574,22.81
Quantile Kriging,p95,A929,19.361551748437215,24.72
Quantile Kriging,p95,A930,22.868943306409864,22.2
Quantile Kriging,p95,A931,31.19951985084481,24.259999999999998
Quantile Kriging,p95,A932,29.167685329786835,22.915
Quantile Kriging,p95,A933,23.184432653058202,23.9
Quantile Kriging,p95,A934,23.359374932675234,24.830000000000002
Quantile Kriging,p95,A935,22.595795235553382,22.025
Quantile Kriging,p95,A936,24.303102113365526,22.29
Quantile Kriging,p95,A937,22.979878819259284,22.319999999999997
Quantile Kriging,p95,A938,24.34411119172693,22.2
Quantile Kriging,p95,A939,21.510442587345604,23.974999999999998
Quantile Kriging,p95,A940,25.201620132317185,24.93
Quantile Kriging,p95,A941,21.931682984214227,21.895
Quantile Kriging,p95,A942,24.299337226834588,32.82
Quantile Kriging,p95,A943,24.95912124698141,26.35
Quantile Kriging,p95,A944,22.966154188912117,19.43
Quantile Kriging,p95,B803,32.286952901154365,32.98
Quantile Kriging,p95,B804,34.772979314136556,34.379999999999995
Quantile Kriging,p95,B806,24.919512910970433,23.069999999999997
Quantile Kriging,p95,B807,18.13158983124583,29.22
Quantile Kriging,p95,B808,19.771221640561887,12.8
Quantile Kriging,p95,B809,17.29892941214506,16.0
Quantile Kriging,p95,B810,16.407966469786324,15.0
Quantile Kriging,p95,B811,24.436100368702284,15.7
Quantile Kriging,p95,B812,15.898014580962508,13.1
Quantile Kriging,p95,B813,18.315739984998572,10.4
Quantile Kriging,p95,B814,16.293467129916934,10.6
Quantile Kriging,p95,B816,19.975847455121556,9.3
Quantile Kriging,p95,B817,32.10971859140677,11.7
Quantile Kriging,p95,B818,24.64491349183595,12.2
Quantile Kriging,p95,B819,24.011430345099985,16.4
Quantile Kriging,p95,B820,24.06697680466335,14.9
Quantile Kriging,p95,B821,24.426237057365487,8.6
Quantile Kriging,p95,B822,21.89849445996014,12.6
Quantile Kriging,p95,B823,23.640987531381285,11.1
Quantile Kriging,p95,B825,23.002131071128233,13.5
Quantile Kriging,p95,B827,21.780335118960874,11.5
Quantile Kriging,p95,B828,23.303226060398902,14.9
Quantile Kriging,p95,B829,42.53173406690354,18.7
Quantile Kriging,p95,F501,22.252448740891776,28.89
Quantile Kriging,p99,A001,24.025750032010528,25.875
Quantile Kriging,p99,A002,24.632495797042306,22.983999999999998
Quantile Kriging,p99,A003,24.912078672954927,24.77
Quantile Kriging,p99,A004,24.332112664670635,23.781
Quantile Kriging,p99,A005,24.7612674082264,23.24
Quantile Kriging,p99,A006,24.824347875679283,17.345
Quantile Kriging,p99,A007,24.7941988656015,23.447
Quantile Kriging,p99,A008,24.12564577128328,24.08
Quantile Kriging,p99,A009,25.86239944564218,23.337
Quantile Kriging,p99,A010,24.698597939827934,24.200000000000003
Quantile Kriging,p99,A011,26.22025268977743,24.863999999999997
Quantile Kriging,p99,A012,24.093592620462026,24.367
Quantile Kriging,p99,A013,25.188378869702156,24.022
Quantile Kriging,p99,A014,24.780730600757064,23.982
Quantile Kriging,p99,A015,24.553655470095965,24.456
Quantile Kriging,p99,A016,25.89437339496256,24.446
Quantile Kriging,p99,A017,23.882739368418168,23.446
Quantile Kriging,p99,A018,25.069072498107644,24.782
Quantile Kriging,p99,A019,25.283052258904778,24.332
Quantile Kriging,p99,A020,26.297200822337178,23.646
Quantile Kriging,p99,A021,26.9293340183072,18.538
Quantile Kriging,p99,A022,24.388917822419316,24.51
Quantile Kriging,p99,A023,25.464277464084976,24.01
Quantile Kriging,p99,A024,24.14312189237078,23.784
Quantile Kriging,p99,A025,25.61200011554042,25.392
Quantile Kriging,p99,A026,25.758844117435075,24.881999999999998
Quantile Kriging,p99,A027,25.117492537083695,24.131999999999998
Quantile Kriging,p99,A028,25.13060001143935,24.716
Quantile Kriging,p99,A029,24.779680081568838,40.544
Quantile Kriging,p99,A031,24.990730689000554,29.036
Quantile Kriging,p99,A032,24.21925615517363,24.928
Quantile Kriging,p99,A033,24.433812807632673,23.5
Quantile Kriging,p99,A034,24.612439926286523,22.032
Quantile Kriging,p99,A035,25.26853961569142,24.791999999999998
Quantile Kriging,p99,A036,24.02882645999671,24.932
Quantile Kriging,p99,A037,24.40597880131903,23.62
Quantile Kriging,p99,A038,24.862332484622538,24.483
Quantile Kriging,p99,A039,25.304871667010648,24.661999999999995
Quantile Kriging,p99,A040,25.085043500809903,24.2
Quantile Kriging,p99,A041,26.255459944430832,24.774
Quantile Kriging,p99,A042,24.016856740412578,29.976
Quantile Kriging,p99,A043,26.17062152738776,19.428
Quantile Kriging,p99,A044,26.77400835057635,24.355
Quantile Kriging,p99,A045,24.00705170016488,21.749
Quantile Kriging,p99,A046,24.090900597986657,26.424000000000003
Quantile Kriging,p99,A047,23.95942927130487,23.26
Quantile Kriging,p99,A048,26.54765001701275,36.49
Quantile Kriging,p99,A049,26.250898526345548,38.167
Quantile Kriging,p99,A050,25.570067192372356,29.413999999999998
Quantile Kriging,p99,A051,25.96659433971047,21.476
Quantile Kriging,p99,A052,25.278771537641,23.16
Quantile Kriging,p99,A053,25.078276652525155,24.82
Quantile Kriging,p99,A054,25.053786975183503,23.84
Quantile Kriging,p99,A055,25.66398578650494,28.317000000000004
Quantile Kriging,p99,A056,23.667981324787686,42.504000000000005
Quantile Kriging,p99,A101,20.305420912138064,40.575
Quantile Kriging,p99,A102,22.83294863080592,22.63
Quantile Kriging,p99,A104,23.078437627906062,23.951999999999998
Quantile Kriging,p99,A108,20.554415784664897,19.588
Quantile Kriging,p99,A109,20.342941637738633,22.267
Quantile Kriging,p99,A110,24.05670228455311,23.256
Quantile Kriging,p99,A111,25.814609836339702,20.066
Quantile Kriging,p99,A112,25.056505278009315,24.451999999999998
Quantile Kriging,p99,A113,24.605106636360986,23.685
Quantile Kriging,p99,A117,23.317448077107443,21.666
Quantile Kriging,p99,A119,22.006951799799907,23.211
Quantile Kriging,p99,A121,22.433472122862135,21.559999999999995
Quantile Kriging,p99,A122,23.08881122539764,19.455
Quantile Kriging,p99,A123,23.185015559166178,20.325
Quantile Kriging,p99,A124,22.80848001474541,17.32
Quantile Kriging,p99,A125,21.565400471436867,24.072999999999997
Quantile Kriging,p99,A126,21.069908140732267,24.099999999999998
Quantile Kriging,p99,A127,22.572344919963538,14.8
Quantile Kriging,p99,A128,20.935860489625906,20.696
Quantile Kriging,p99,A133,23.934296599403275,24.608
Quantile Kriging,p99,A134,19.83031449381467,19.372
Quantile Kriging,p99,A135,39.649253328390216,24.23
Quantile Kriging,p99,A136,22.656278513217465,19.978
Quantile Kriging,p99,A137,22.09624815232636,24.984
Quantile Kriging,p99,A138,21.380878661890364,24.07
Quantile Kriging,p99,A140,23.862755516303636,21.692
Quantile Kriging,p99,A144,24.92284996377681,23.265
Quantile Kriging,p99,A201,24.641218481297525,20.068
Quantile Kriging,p99,A202,24.059332972949267,21.156
Quantile Kriging,p99,A203,22.45625795913336,18.246
Quantile Kriging,p99,A204,25.902227343826524,24.163999999999998
Quantile Kriging,p99,A205,26.577889889857552,21.72
Quantile Kriging,p99,A206,22.900379206586955,24.476
Quantile Kriging,p99,A207,25.94389286349295,22.715000000000003
Quantile Kriging,p99,A208,27.096486962913822,18.472
Quantile Kriging,p99,A209,26.108882723191883,18.346
Quantile Kriging,p99,A210,26.78978124578342,21.555999999999997
Quantile Kriging,p99,A211,25.16376655977663,23.708000000000002
Quantile Kriging,p99,A212,25.229435289276317,24.538
Quantile Kriging,p99,A213,25.728591352831543,19.583000000000002
Quantile Kriging,p99,A214,26.71045012987697,22.108
Quantile Kriging,p99,A215,22.782718471922674,18.610999999999997
Quantile Kriging,p99,A216,26.19642625565361,35.519999999999996
Quantile Kriging,p99,A217,21.13567476690572,24.047
Quantile Kriging,p99,A218,21.588539806587175,19.27
Quantile Kriging,p99,A219,22.222330941799072,19.252
Quantile Kriging,p99,A220,24.357105670424144,22.552
Quantile Kriging,p99,A221,25.270191697800573,23.656
Quantile Kriging,p99,A222,24.80126715601602,24.147
Quantile Kriging,p99,A223,25.576171302956055,22.432
Quantile Kriging,p99,A224,26.55337342272002,24.598
Quantile Kriging,p99,A225,26.494133393772557,24.9
Quantile Kriging,p99,A226,22.184909766098276,24.983
Quantile Kriging,p99,A227,23.66860706547565,22.999999999999996
Quantile Kriging,p99,A228,25.150877912600304,30.88
Quantile Kriging,p99,A229,26.715671877852444,23.085
Quantile Kriging,p99,A230,27.07914879622332,24.447999999999997
Quantile Kriging,p99,A231,24.259322448241818,22.600999999999996
Quantile Kriging,p99,A232,23.424160441256532,24.255999999999997
Quantile Kriging,p99,A233,26.366185527970462,24.685
Quantile Kriging,p99,A234,26.958713702528115,23.669999999999998
Quantile Kriging,p99,A235,26.840125535345756,24.07
Quantile Kriging,p99,A236,25.941433816548432,20.231999999999996
Quantile Kriging,p99,A237,23.745291696472314,24.136
Quantile Kriging,p99,A238,25.58027934255351,22.717999999999996
Quantile Kriging,p99,A239,24.56251036732879,23.875999999999998
Quantile Kriging,p99,A240,27.014306913220068,23.22
Quantile Kriging,p99,A241,26.67852104228635,24.549
Quantile Kriging,p99,A242,33.725791995505496,18.955
Quantile Kriging,p99,A243,22.554716575986294,24.47
Quantile Kriging,p99,A244,23.741341981633802,24.676
Quantile Kriging,p99,A245,25.94540871352348,17.794
Quantile Kriging,p99,A246,25.214880024083183,22.25
Quantile Kriging,p99,A247,26.21528677732718,47.86
Quantile Kriging,p99,A248,23.784808946733882,21.646
Quantile Kriging,p99,A249,24.260351319209533,24.32
Quantile Kriging,p99,A250,24.290409780949595,23.823999999999998
Quantile Kriging,p99,A251,22.05199584884455,38.804
Quantile Kriging,p99,A252,25.585018314011542,41.016
Quantile Kriging,p99,A253,25.215024255922348,38.21999999999999
Quantile Kriging,p99,A254,26.821468386770306,23.614
Quantile Kriging,p99,A255,23.555780388247932,38.776
Quantile Kriging,p99,A256,26.012477293593673,42.688
Quantile Kriging,p99,A301,19.69076043013354,22.296
Quantile Kriging,p99,A302,67.49,24.297
Quantile Kriging,p99,A303,20.82566071700015,24.857999999999997
Quantile Kriging,p99,A304,22.78529157282919,23.116000000000003
Quantile Kriging,p99,A305,23.739148697810535,21.90600000000001
Quantile Kriging,p99,A306,22.398728777050383,23.863999999999997
Quantile Kriging,p99,A307,23.92966911647519,25.858999999999998
Quantile Kriging,p99,A308,21.59370668460019,23.496
Quantile Kriging,p99,A309,22.883562109950113,24.679
Quantile Kriging,p99,A310,22.4630853139203,18.552999999999997
Quantile Kriging,p99,A311,24.391660656533286,22.72
Quantile Kriging,p99,A312,23.649614111369154,22.743
Quantile Kriging,p99,A313,22.4033182548707,19.971999999999998
Quantile Kriging,p99,A314,23.634278620709278,19.161999999999995
Quantile Kriging,p99,A315,23.67282097781162,23.0
Quantile Kriging,p99,A316,23.48828111524746,24.746000000000002
Quantile Kriging,p99,A317,24.22068223213725,24.563999999999997
Quantile Kriging,p99,A318,24.337480017357912,22.148999999999997
Quantile Kriging,p99,A319,23.569330475419633,24.248
Quantile Kriging,p99,A320,20.130069943650376,23.116000000000003
Quantile Kriging,p99,A321,23.342407149813695,24.146
Quantile Kriging,p99,A322,22.41208276436436,19.338
Quantile Kriging,p99,A323,23.164495183025334,23.257999999999996
Quantile Kriging,p99,A324,23.50012501968432,23.2
Quantile Kriging,p99,A325,23.421134412397173,23.592
Quantile Kriging,p99,A326,24.908718229545414,24.846
Quantile Kriging,p99,A327,22.475561002927357,20.902
Quantile Kriging,p99,A328,21.92743023431878,18.098
Quantile Kriging,p99,A329,23.744170435206307,23.564
Quantile Kriging,p99,A330,23.655743308786057,35.724000000000004
Quantile Kriging,p99,A331,24.19187677139531,26.732999999999993
Quantile Kriging,p99,A332,23.69918907515468,24.556
Quantile Kriging,p99,A333,23.635749531450777,22.438000000000002
Quantile Kriging,p99,A334,23.091935674010486,22.228
Quantile Kriging,p99,A335,22.78776861434817,23.264
Quantile Kriging,p99,A336,24.83375422918386,23.868
Quantile Kriging,p99,A337,24.54994410423623,24.157999999999998
Quantile Kriging,p99,A338,22.548742378880988,24.492
Quantile Kriging,p99,A339,24.138503439037265,22.876
Quantile Kriging,p99,A340,23.84264676017537,23.410999999999998
Quantile Kriging,p99,A341,21.91160707098513,20.483999999999998
Quantile Kriging,p99,A342,23.17387510517616,24.647
Quantile Kriging,p99,A343,23.8923364242729,23.376999999999995
Quantile Kriging,p99,A344,24.17563186661593,22.839999999999996
Quantile Kriging,p99,A345,24.46179535608621,20.866
Quantile Kriging,p99,A346,25.232141182931617,18.221999999999994
Quantile Kriging,p99,A347,23.71123346710841,23.646
Quantile Kriging,p99,A348,22.52002506450616,23.798
Quantile Kriging,p99,A349,23.29100714707788,23.980999999999998
Quantile Kriging,p99,A350,23.526232550396255,23.708
Quantile Kriging,p99,A351,23.615291268581338,23.212999999999997
Quantile Kriging,p99,A352,22.033157636220242,19.604
Quantile Kriging,p99,A353,22.518537867643964,20.212999999999997
Quantile Kriging,p99,A354,24.094789214251726,22.983999999999998
Quantile Kriging,p99,A355,22.09607780664107,20.964
Quantile Kriging,p99,A356,21.23423169836547,16.588
Quantile Kriging,p99,A357,20.805214021866085,23.17999999999999
Quantile Kriging,p99,A358,23.629580696103297,23.956
Quantile Kriging,p99,A359,22.48092518354365,24.279999999999998
Quantile Kriging,p99,A360,22.552277715410682,19.0
Quantile Kriging,p99,A361,23.453480259824406,20.831
Quantile Kriging,p99,A362,23.959058387296142,24.540000000000003
Quantile Kriging,p99,A363,23.795664225414406,24.268
Quantile Kriging,p99,A364,25.10374684519974,23.756
Quantile Kriging,p99,A365,24.532234662821303,22.4
Quantile Kriging,p99,A366,23.825772478221683,22.375
Quantile Kriging,p99,A367,23.488262182809404,18.509
Quantile Kriging,p99,A368,22.44890577396047,20.398
Quantile Kriging,p99,A369,23.656270462399377,18.49
Quantile Kriging,p99,A370,23.592796048466603,26.86
Quantile Kriging,p99,A371,23.244391605261317,28.459999999999997
Quantile Kriging,p99,A372,22.95639967105315,40.36
Quantile Kriging,p99,A373,23.601849746624254,21.155
Quantile Kriging,p99,A374,24.780440762612542,27.462999999999997
Quantile Kriging,p99,A375,25.228485309232973,29.642
Quantile Kriging,p99,A376,23.311931229930263,22.228
Quantile Kriging,p99,A377,23.25243856914706,46.99999999999999
Quantile Kriging,p99,A401,23.710338560040483,46.574999999999996
Quantile Kriging,p99,A402,24.253065299898726,23.634
Quantile Kriging,p99,A403,24.291518814981686,24.91
Quantile Kriging,p99,A404,24.395214797159642,24.284999999999997
Quantile Kriging,p99,A405,26.488028088436693,21.282
Quantile Kriging,p99,A406,24.49910609800164,18.434
Quantile Kriging,p99,A407,24.459893957312275,19.76
Quantile Kriging,p99,A408,24.20537497636427,23.646
Quantile Kriging,p99,A409,22.30392594731239,40.96600000000001
Quantile Kriging,p99,A410,24.76672757372451,28.743999999999996
Quantile Kriging,p99,A411,23.592873351663172,21.288
Quantile Kriging,p99,A412,24.14562222869885,24.38
Quantile Kriging,p99,A413,24.227597179679552,24.208999999999996
Quantile Kriging,p99,A414,24.309349610863958,22.98
Quantile Kriging,p99,A415,24.56642154782654,21.7
Quantile Kriging,p99,A416,23.785217082837526,24.748
Quantile Kriging,p99,A417,23.67495457623564,23.996000000000002
Quantile Kriging,p99,A418,23.856402868870248,20.546999999999997
Quantile Kriging,p99,A419,23.73645778997368,21.896
Quantile Kriging,p99,A420,23.429543154049046,24.479
Quantile Kriging,p99,A421,22.604051517958556,18.252
Quantile Kriging,p99,A422,27.045837620149378,24.663999999999998
Quantile Kriging,p99,A423,24.202314534490085,24.598
Quantile Kriging,p99,A424,24.12702364646797,22.061999999999998
Quantile Kriging,p99,A425,24.083295108290855,22.112
Quantile Kriging,p99,A426,23.69352053322863,23.432
Quantile Kriging,p99,A427,25.637455863806807,23.752
Quantile Kriging,p99,A428,24.03490172955335,23.170999999999996
Quantile Kriging,p99,A429,24.169315011032587,26.225999999999996
Quantile Kriging,p99,A430,24.012433265127335,21.436
Quantile Kriging,p99,A431,24.077737879815306,19.046999999999997
Quantile Kriging,p99,A432,24.367422001054564,24.825
Quantile Kriging,p99,A433,23.92578178199444,24.323999999999995
Quantile Kriging,p99,A434,24.447919934125064,21.087999999999994
Quantile Kriging,p99,A435,23.874156720991774,24.496000000000002
Quantile Kriging,p99,A436,24.035071679752857,24.212999999999997
Quantile Kriging,p99,A437,25.49895648332422,16.813
Quantile Kriging,p99,A438,24.742297630493237,23.715999999999998
Quantile Kriging,p99,A439,23.986775515810024,24.483
Quantile Kriging,p99,A440,24.088248381614232,23.75
Quantile Kriging,p99,A441,24.157924218837362,22.181
Quantile Kriging,p99,A442,23.875520063908603,25.0
Quantile Kriging,p99,A443,24.087636085774648,23.852
Quantile Kriging,p99,A444,24.64315531232507,19.974999999999998
Quantile Kriging,p99,A445,24.611150046054437,23.840000000000003
Quantile Kriging,p99,A446,24.566787084330922,25.75
Quantile Kriging,p99,A447,25.535802031894242,22.512
Quantile Kriging,p99,A448,23.95106868283862,20.520000000000003
Quantile Kriging,p99,A449,24.375997626211213,19.225
Quantile Kriging,p99,A450,23.715314437471985,21.455
Quantile Kriging,p99,A451,23.40058505473515,21.368000000000002
Quantile Kriging,p99,A452,24.75554504708628,20.173
Quantile Kriging,p99,A453,23.40847530548646,16.258
Quantile Kriging,p99,A454,23.919814546441287,21.228
Quantile Kriging,p99,A455,25.625007095385623,23.737000000000002
Quantile Kriging,p99,A456,24.592731771938446,17.481
Quantile Kriging,p99,A458,23.49920509509417,39.364999999999995
Quantile Kriging,p99,A501,24.401231389754727,21.552
Quantile Kriging,p99,A502,25.170680241777596,24.843
Quantile Kriging,p99,A503,25.473454783323103,25.0
Quantile Kriging,p99,A504,25.758197537109545,20.454
Quantile Kriging,p99,A505,24.863868525277127,24.793
Quantile Kriging,p99,A506,23.393209660163254,24.025
Quantile Kriging,p99,A507,25.129168730285613,22.868000000000002
Quantile Kriging,p99,A508,24.561086691946027,23.477999999999998
Quantile Kriging,p99,A509,26.88816268925433,23.737000000000002
Quantile Kriging,p99,A510,25.103591959332807,22.6
Quantile Kriging,p99,A511,24.616170073756322,18.229
Quantile Kriging,p99,A512,25.61499516934476,32.13299999999999
Quantile Kriging,p99,A513,24.724071762952946,24.6
Quantile Kriging,p99,A514,24.915387774243392,33.81799999999999
Quantile Kriging,p99,A515,25.61575132342033,23.296
Quantile Kriging,p99,A516,25.466913249055683,24.905
Quantile Kriging,p99,A517,25.521963628417613,24.81
Quantile Kriging,p99,A518,25.605945287821513,27.564
Quantile Kriging,p99,A519,26.129776857676255,24.743
Quantile Kriging,p99,A520,25.715053765652755,25.267
Quantile Kriging,p99,A521,24.308624931372634,24.848
Quantile Kriging,p99,A522,25.404657647574847,22.728
Quantile Kriging,p99,A523,24.583123018888408,22.2
Quantile Kriging,p99,A524,24.83019369817807,23.991
Quantile Kriging,p99,A525,25.27975537678815,23.962
Quantile Kriging,p99,A526,23.530025084090084,24.088
Quantile Kriging,p99,A527,24.447778980307916,24.162
Quantile Kriging,p99,A528,23.74953426108712,23.019999999999996
Quantile Kriging,p99,A529,26.14515436050364,24.746000000000002
Quantile Kriging,p99,A530,26.275701700160447,22.877
Quantile Kriging,p99,A531,26.216149170169416,22.343
Quantile Kriging,p99,A532,24.395768076422264,28.573999999999998
Quantile Kriging,p99,A533,24.025739606217556,24.71
Quantile Kriging,p99,A534,25.429488936740047,24.794999999999998
Quantile Kriging,p99,A535,24.38206529275396,20.681
Quantile Kriging,p99,A536,24.28366797662917,24.964
Quantile Kriging,p99,A537,23.697181874912673,23.546000000000003
Quantile Kriging,p99,A538,23.809231684893962,23.572
Quantile Kriging,p99,A539,23.44331302382432,23.291999999999998
Quantile Kriging,p99,A540,25.169948280811205,23.686000000000003
Quantile Kriging,p99,A541,23.93475427318827,24.0
Quantile Kriging,p99,A542,23.76150989737738,24.402
Quantile Kriging,p99,A543,23.614526422928318,23.48
Quantile Kriging,p99,A544,23.58224322288348,26.919999999999995
Quantile Kriging,p99,A545,23.47364435995322,21.764
Quantile Kriging,p99,A546,24.06598858882418,24.192
Quantile Kriging,p99,A547,23.33890701275548,26.194
Quantile Kriging,p99,A548,23.491095845528122,24.328
Quantile Kriging,p99,A549,24.058684731766036,24.586000000000002
Quantile Kriging,p99,A550,24.157212051156755,24.358
Quantile Kriging,p99,A551,23.69145501757685,23.502
Quantile Kriging,p99,A552,23.77387921101515,22.61
Quantile Kriging,p99,A553,23.758649585743115,24.72
Quantile Kriging,p99,A554,24.812986023866344,24.366000000000003
Quantile Kriging,p99,A555,24.389803054577932,24.683
Quantile Kriging,p99,A556,25.075255493524846,24.735
Quantile Kriging,p99,A557,25.502762549531077,24.566
Quantile Kriging,p99,A559,23.482713473992607,19.1
Quantile Kriging,p99,A560,24.088155758913643,21.622999999999998
Quantile Kriging,p99,A561,25.83663251218325,24.32
Quantile Kriging,p99,A562,24.089691891255953,26.036
Quantile Kriging,p99,A563,23.511709707426082,21.564
Quantile Kriging,p99,A564,24.51442034951524,24.832
Quantile Kriging,p99,A565,24.580313414784882,34.374
Quantile Kriging,p99,A566,23.96812908427163,22.46
Quantile Kriging,p99,A567,25.564315991189268,45.04
Quantile Kriging,p99,A568,25.435580835976378,24.652
Quantile Kriging,p99,A569,24.104005010136685,23.782
Quantile Kriging,p99,A570,24.643039133999924,37.372
Quantile Kriging,p99,A571,23.823215932406494,27.128999999999998
Quantile Kriging,p99,A572,24.43185318257932,19.9
Quantile Kriging,p99,A601,26.341630712524434,29.05
Quantile Kriging,p99,A602,26.55412892638066,31.28
Quantile Kriging,p99,A603,26.31466386009635,27.217
Quantile Kriging,p99,A604,26.251624321652972,20.285999999999998
Quantile Kriging,p99,A605,26.81893193838292,21.228
Quantile Kriging,p99,A606,26.822067999373978,33.178
Quantile Kriging,p99,A607,26.28918715183656,35.44499999999999
Quantile Kriging,p99,A608,26.575627154160244,32.9
Quantile Kriging,p99,A609,25.86336814600372,41.57499999999999
Quantile Kriging,p99,A610,25.921386634271798,42.315999999999995
Quantile Kriging,p99,A611,26.02385955589304,27.614999999999995
Quantile Kriging,p99,A612,26.77927848176358,23.429
Quantile Kriging,p99,A613,26.294054057718075,21.81
Quantile Kriging,p99,A614,25.680975894654306,36.908
Quantile Kriging,p99,A615,26.28198822657933,29.48399999999999
Quantile Kriging,p99,A616,26.296805466467013,21.662
Quantile Kriging,p99,A617,25.85993989582636,24.867
Quantile Kriging,p99,A618,26.424082309071622,20.7
Quantile Kriging,p99,A619,26.84237389365724,23.667
Quantile Kriging,p99,A620,27.649822975584556,22.942999999999998
Quantile Kriging,p99,A621,26.409408828547065,32.078
Quantile Kriging,p99,A622,26.46076202677812,26.825999999999997
Quantile Kriging,p99,A623,25.615263289616003,24.84
Quantile Kriging,p99,A624,26.377642689866796,24.49
Quantile Kriging,p99,A625,26.015341123665063,21.047
Quantile Kriging,p99,A626,26.303495267528632,24.048
Quantile Kriging,p99,A627,26.85064543699036,19.144
Quantile Kriging,p99,A628,26.48223489595847,29.736
Quantile Kriging,p99,A629,26.09131209108313,23.044999999999998
Quantile Kriging,p99,A630,26.609186833652075,18.503999999999998
Quantile Kriging,p99,A631,24.522912041495967,47.192
Quantile Kriging,p99,A632,25.211208491087024,44.11599999999999
Quantile Kriging,p99,A633,26.024358037634215,18.032
Quantile Kriging,p99,A634,27.00902346149622,20.1
Quantile Kriging,p99,A635,25.99177436929489,30.76
Quantile Kriging,p99,A636,26.546453324977435,29.224
Quantile Kriging,p99,A637,26.206109851553034,19.225
Quantile Kriging,p99,A651,26.863023822248127,19.6
Quantile Kriging,p99,A652,26.50527770758801,33.74
Quantile Kriging,p99,A653,26.86519489635743,20.9
Quantile Kriging,p99,A654,26.65734468899329,26.887999999999998
Quantile Kriging,p99,A655,26.865482399374194,16.4
Quantile Kriging,p99,A656,26.956483807555344,14.9
Quantile Kriging,p99,A657,25.436139382922196,37.78799999999999
Quantile Kriging,p99,A659,26.871093893284126,23.6
Quantile Kriging,p99,A667,26.862235039936674,26.6
Quantile Kriging,p99,A701,27.598284145028074,27.895999999999997
Quantile Kriging,p99,A702,27.554819847134436,27.799999999999994
Quantile Kriging,p99,A703,29.445086409562165,22.537000000000003
Quantile Kriging,p99,A704,28.006003875462106,25.056
Quantile Kriging,p99,A705,28.113104600631008,24.483999999999998
Quantile Kriging,p99,A706,26.706735805649718,18.881
Quantile Kriging,p99,A707,29.072118973224335,23.978
Quantile Kriging,p99,A708,25.75928362198129,22.863
Quantile Kriging,p99,A709,29.250771034845688,33.86000000000001
Quantile Kriging,p99,A710,26.851762563713816,29.896000000000004
Quantile Kriging,p99,A711,27.120397514113197,24.3
Quantile Kriging,p99,A712,28.968911840780393,24.567
Quantile Kriging,p99,A713,28.095237498931947,25.323999999999998
Quantile Kriging,p99,A714,29.242247577071794,24.642999999999997
Quantile Kriging,p99,A715,28.68499287929552,24.642999999999997
Quantile Kriging,p99,A716,28.91320259146716,34.26899999999999
Quantile Kriging,p99,A717,25.563776463207912,24.4
Quantile Kriging,p99,A718,29.11040066838187,24.648
Quantile Kriging,p99,A719,27.32741300310433,22.4
Quantile Kriging,p99,A720,26.150521238542332,24.167
Quantile Kriging,p99,A721,29.05379300273187,28.606999999999996
Quantile Kriging,p99,A722,26.853566536381685,24.162
Quantile Kriging,p99,A723,27.933414639793753,23.948
Quantile Kriging,p99,A724,23.612209282505045,37.564
Quantile Kriging,p99,A725,28.647540088731088,24.752999999999997
Quantile Kriging,p99,A726,27.52776411545259,26.256
Quantile Kriging,p99,A727,27.934881515091273,24.729
Quantile Kriging,p99,A728,26.835810163244446,24.681
Quantile Kriging,p99,A729,27.02740417867439,23.483999999999998
Quantile Kriging,p99,A730,26.581197869194845,24.391
Quantile Kriging,p99,A731,28.594162545979863,23.63
Quantile Kriging,p99,A732,26.830330970067738,25.0
Quantile Kriging,p99,A733,27.098656837953104,24.856
Quantile Kriging,p99,A734,28.142934492099485,28.240000000000002
Quantile Kriging,p99,A735,27.547816288537057,24.564
Quantile Kriging,p99,A736,26.987866389127724,24.81
Quantile Kriging,p99,A737,27.56051213328475,24.674
Quantile Kriging,p99,A738,26.493872432453628,24.394
Quantile Kriging,p99,A739,26.86945802838538,24.188
Quantile Kriging,p99,A740,26.919837758961428,27.323999999999995
Quantile Kriging,p99,A741,27.923430714285566,24.556
Quantile Kriging,p99,A742,26.663318640339334,24.783
Quantile Kriging,p99,A743,28.725617889067326,30.656
Quantile Kriging,p99,A744,26.88463871802995,41.964
Quantile Kriging,p99,A745,27.95605930915931,24.125
Quantile Kriging,p99,A746,29.64183052366882,20.25
Quantile Kriging,p99,A747,26.709007577349226,26.063999999999997
Quantile Kriging,p99,A748,26.393574518217267,22.715
Quantile Kriging,p99,A749,29.90479610027871,23.24
Quantile Kriging,p99,A750,29.868161187987916,24.386
Quantile Kriging,p99,A751,30.702854233283848,24.983
Quantile Kriging,p99,A752,30.379612345852074,24.884
Quantile Kriging,p99,A753,25.780357633531146,24.898
Quantile Kriging,p99,A754,27.599856880044843,39.13499999999998
Quantile Kriging,p99,A755,27.721951714438593,29.057
Quantile Kriging,p99,A756,27.88937573768239,24.740000000000002
Quantile Kriging,p99,A757,28.64660164120619,24.16
Quantile Kriging,p99,A758,28.101486023681144,23.886
Quantile Kriging,p99,A759,28.97053531314842,25.82
Quantile Kriging,p99,A760,26.37569317893954,24.948
Quantile Kriging,p99,A761,25.623737536573472,24.663999999999998
Quantile Kriging,p99,A762,28.248035816567914,40.346
Quantile Kriging,p99,A763,28.395341208481323,33.016
Quantile Kriging,p99,A764,26.622187775005774,24.969
Quantile Kriging,p99,A765,27.68326671325812,27.192
Quantile Kriging,p99,A766,28.78256918263863,37.12
Quantile Kriging,p99,A767,27.391247845485662,28.323999999999998
Quantile Kriging,p99,A768,28.506347104791182,26.292
Quantile Kriging,p99,A769,26.352844333064482,27.794999999999998
Quantile Kriging,p99,A770,26.54425526468185,22.68
Quantile Kriging,p99,A771,27.77947099817201,29.325999999999997
Quantile Kriging,p99,A801,26.143741783692604,32.35
Quantile Kriging,p99,A802,19.745519191611002,31.435999999999996
Quantile Kriging,p99,A803,28.04663182537589,26.228
Quantile Kriging,p99,A804,28.325882874610603,32.036
Quantile Kriging,p99,A805,30.201346580911277,38.56799999999999
Quantile Kriging,p99,A806,29.439213666346618,33.114000000000004
Quantile Kriging,p99,A807,30.063290288222873,26.384999999999998
Quantile Kriging,p99,A808,27.63406031360908,30.246000000000002
Quantile Kriging,p99,A809,37.32563526698339,28.133999999999997
Quantile Kriging,p99,A810,30.563468466885784,36.03
Quantile Kriging,p99,A811,22.7145743473478,36.2
Quantile Kriging,p99,A814,28.78360393214604,31.484999999999985
Quantile Kriging,p99,A815,29.16935095158999,29.725999999999996
Quantile Kriging,p99,A816,30.85231453363882,37.445
Quantile Kriging,p99,A817,29.869265266495525,34.815
Quantile Kriging,p99,A818,30.634911393746446,24.747999999999998
Quantile Kriging,p99,A819,30.225106883687367,25.456000000000003
Quantile Kriging,p99,A820,30.77140026330784,34.334
Quantile Kriging,p99,A821,29.428375059463175,28.315999999999995
Quantile Kriging,p99,A822,30.678915738550966,29.032
Quantile Kriging,p99,A823,30.64393091206097,33.306999999999995
Quantile Kriging,p99,A824,30.17959949110039,31.82
Quantile Kriging,p99,A825,30.646138989543413,32.650000000000006
Quantile Kriging,p99,A826,30.606152349690426,26.142999999999997
Quantile Kriging,p99,A827,24.010093348904693,38.182
Quantile Kriging,p99,A828,30.090933279055978,33.812999999999995
Quantile Kriging,p99,A829,28.267124496242065,41.701999999999984
Quantile Kriging,p99,A830,31.84108816332021,31.838
Quantile Kriging,p99,A831,31.413107526610613,33.312000000000005
Quantile Kriging,p99,A832,27.33419011693024,30.32
Quantile Kriging,p99,A833,29.357574758875455,41.480000000000004
Quantile Kriging,p99,A834,25.79044337985969,36.192
Quantile Kriging,p99,A835,30.090860681146452,29.630999999999993
Quantile Kriging,p99,A836,18.331914303784608,34.214000000000006
Quantile Kriging,p99,A837,28.535414397084296,39.212999999999994
Quantile Kriging,p99,A839,29.536876670437362,32.734
Quantile Kriging,p99,A840,28.05652913914043,29.276999999999997
Quantile Kriging,p99,A841,30.388256706822734,30.291999999999998
Quantile Kriging,p99,A842,29.64621946022113,29.288
Quantile Kriging,p99,A843,30.916569571150283,39.76
Quantile Kriging,p99,A844,29.19807934930132,41.366
Quantile Kriging,p99,A845,28.938188584837654,41.332
Quantile Kriging,p99,A846,31.235402077990372,31.874999999999993
Quantile Kriging,p99,A847,29.496695151040353,34.63300000000001
Quantile Kriging,p99,A848,31.130737698979047,32.504
Quantile Kriging,p99,A849,29.59562779558626,32.95799999999999
Quantile Kriging,p99,A850,29.486718798925786,34.651999999999994
Quantile Kriging,p99,A851,29.914916319394926,27.782
Quantile Kriging,p99,A852,30.8586403464725,28.138
Quantile Kriging,p99,A853,29.229332969806233,42.098
Quantile Kriging,p99,A854,30.681807179503558,30.356
Quantile Kriging,p99,A855,31.1019403745793,34.804
Quantile Kriging,p99,A856,30.011183530348262,37.38899999999998
Quantile Kriging,p99,A857,30.900946634842462,35.071999999999996
Quantile Kriging,p99,A858,30.658662492497143,32.57899999999999
Quantile Kriging,p99,A859,30.435218160562588,31.116
Quantile Kriging,p99,A860,29.892061117150458,42.21199999999999
Quantile Kriging,p99,A861,30.183181390751972,30.596
Quantile Kriging,p99,A862,30.200742174391774,29.821999999999992
Quantile Kriging,p99,A863,29.819033060372956,30.845
Quantile Kriging,p99,A864,30.369733082605425,33.168
Quantile Kriging,p99,A865,29.767831605599326,24.701
Quantile Kriging,p99,A866,27.746499745580802,43.588
Quantile Kriging,p99,A867,28.365768974538028,29.346999999999998
Quantile Kriging,p99,A868,29.766772075596066,32.654999999999994
Quantile Kriging,p99,A869,30.26526142009684,27.255999999999997
Quantile Kriging,p99,A870,29.77675554423783,24.008
Quantile Kriging,p99,A871,29.66249444667062,31.349999999999994
Quantile Kriging,p99,A872,30.0271522564222,27.866
Quantile Kriging,p99,A873,29.736379103449124,33.89099999999999
Quantile Kriging,p99,A874,30.466982147405957,30.991999999999997
Quantile Kriging,p99,A875,30.82530293753383,23.546999999999997
Quantile Kriging,p99,A876,30.861710068650606,32.839999999999996
Quantile Kriging,p99,A878,21.074492449002857,40.62
Quantile Kriging,p99,A879,27.198264358939426,47.26999999999998
Quantile Kriging,p99,A880,28.694484736360966,44.732
Quantile Kriging,p99,A881,26.110444236869615,34.105
Quantile Kriging,p99,A882,27.48701386143246,33.873999999999995
Quantile Kriging,p99,A883,29.445269119276222,24.496
Quantile Kriging,p99,A884,27.166356801039875,24.939999999999998
Quantile Kriging,p99,A886,28.878894462532305,34.987
Quantile Kriging,p99,A889,29.200032376286895,25.091
Quantile Kriging,p99,A893,25.294557531101763,32.144000000000005
Quantile Kriging,p99,A894,28.952673805849567,24.5
Quantile Kriging,p99,A895,30.686463408997255,29.956
Quantile Kriging,p99,A897,28.155972408817714,29.765
Quantile Kriging,p99,A898,30.095002762800487,33.948
Quantile Kriging,p99,A901,24.544383164846277,24.293
Quantile Kriging,p99,A902,23.928082202193025,24.978
Quantile Kriging,p99,A903,24.506869737224285,21.94
Quantile Kriging,p99,A904,24.888417746268054,22.657999999999998
Quantile Kriging,p99,A905,23.938050876507724,24.474
Quantile Kriging,p99,A906,25.458657209490575,24.76
Quantile Kriging,p99,A907,25.184822967495418,24.778000000000002
Quantile Kriging,p99,A908,25.032637670165002,24.781
Quantile Kriging,p99,A909,25.743644746548984,23.706
Quantile Kriging,p99,A910,25.143961536180683,22.163999999999998
Quantile Kriging,p99,A911,22.930603948449605,39.344
Quantile Kriging,p99,A912,24.832690857379305,24.381
Quantile Kriging,p99,A913,23.156969316311912,23.11
Quantile Kriging,p99,A914,24.804841119307422,22.068
Quantile Kriging,p99,A915,24.962299719523664,24.42
Quantile Kriging,p99,A916,25.263511882634017,24.283
Quantile Kriging,p99,A917,24.986354100027924,23.858
Quantile Kriging,p99,A918,25.88483119346687,23.728
Quantile Kriging,p99,A919,24.792078323937748,24.615
Quantile Kriging,p99,A920,24.421125108195216,24.448
Quantile Kriging,p99,A921,25.51283314879684,24.612
Quantile Kriging,p99,A922,22.398210066386103,23.610999999999997
Quantile Kriging,p99,A923,24.38186457282198,45.41499999999999
Quantile Kriging,p99,A924,25.26321160570842,22.81
Quantile Kriging,p99,A925,24.899290827286084,24.983
Quantile Kriging,p99,A926,25.28568179069455,23.996
Quantile Kriging,p99,A927,24.251048809443812,22.684
Quantile Kriging,p99,A928,24.4025658964463,23.761999999999997
Quantile Kriging,p99,A929,24.88909049298814,24.784
Quantile Kriging,p99,A930,25.182560548351123,22.2
Quantile Kriging,p99,A931,25.001106436307285,24.532
Quantile Kriging,p99,A932,25.333550426694227,22.983
Quantile Kriging,p99,A933,25.48276856326793,24.38
Quantile Kriging,p99,A934,25.97246907885948,24.966
Quantile Kriging,p99,A935,24.07657956253711,22.564999999999998
Quantile Kriging,p99,A936,23.613749635859747,22.698
Quantile Kriging,p99,A937,22.703115012921693,23.983999999999998
Quantile Kriging,p99,A938,23.547460469914444,22.68
Quantile Kriging,p99,A939,23.816294183810562,24.314999999999998
Quantile Kriging,p99,A940,24.44204755819891,24.986
Quantile Kriging,p99,A941,23.861310630481658,22.219
Quantile Kriging,p99,A942,25.488516873284976,33.524
Quantile Kriging,p99,A943,25.337297712231077,27.43
Quantile Kriging,p99,A944,24.515670123845606,19.886
Quantile Kriging,p99,B803,30.759309128335968,34.516
Quantile Kriging,p99,B804,30.905741098430305,35.116
Quantile Kriging,p99,B806,30.054249503906682,23.573999999999998
Quantile Kriging,p99,B807,25.908357479882348,29.843999999999998
Quantile Kriging,p99,B808,26.961738755414263,12.8
Quantile Kriging,p99,B809,27.12521075021482,16.0
Quantile Kriging,p99,B810,26.5736265692524,15.0
Quantile Kriging,p99,B811,25.677938028290058,15.7
Quantile Kriging,p99,B812,26.891195722344925,13.1
Quantile Kriging,p99,B813,26.70097839437173,10.4
Quantile Kriging,p99,B814,27.3501647632964,10.6
Quantile Kriging,p99,B816,27.90578784720739,9.3
Quantile Kriging,p99,B817,28.80265911342317,11.7
Quantile Kriging,p99,B818,28.30391330575581,12.2
Quantile Kriging,p99,B819,27.521157075371544,16.4
Quantile Kriging,p99,B820,27.92918395875221,14.9
Quantile Kriging,p99,B821,25.725766627065827,8.6
Quantile Kriging,p99,B822,27.31334774253863,12.6
Quantile Kriging,p99,B823,24.220681322620567,11.1
Quantile Kriging,p99,B825,26.476449734528607,13.5
Quantile Kriging,p99,B827,25.827166295453225,11.5
Quantile Kriging,p99,B828,24.69777555552321,14.9
Quantile Kriging,p99,B829,15.883484905973747,18.7
Quantile Kriging,p99,F501,24.282422286531705,28.978
RBF Multiquadric,p95,A001,24.17690387182458,24.1
RBF Multiquadric,p95,A002,25.50736474228739,22.3
RBF Multiquadric,p95,A003,26.95800799492674,23.88
RBF Multiquadric,p95,A004,22.98346911773089,23.305
RBF Multiquadric,p95,A005,22.79744336209571,22.2
RBF Multiquadric,p95,A006,24.080219091241073,17.125
RBF Multiquadric,p95,A007,22.3544822113261,23.235
RBF Multiquadric,p95,A008,25.71542363090882,23.6
RBF Multiquadric,p95,A009,23.90454409164808,23.09
RBF Multiquadric,p95,A010,23.953367609976002,22.2
RBF Multiquadric,p95,A011,25.394356298456497,24.72
RBF Multiquadric,p95,A012,30.407918891344853,23.835
RBF Multiquadric,p95,A013,23.782096695002377,22.509999999999994
RBF Multiquadric,p95,A014,23.814983057053535,23.91
RBF Multiquadric,p95,A015,21.083396957900682,23.88
RBF Multiquadric,p95,A016,24.420353297772127,24.23
RBF Multiquadric,p95,A017,23.642905562283573,23.23
RBF Multiquadric,p95,A018,22.170506135311822,24.71
RBF Multiquadric,p95,A019,23.759347673289692,22.459999999999994
RBF Multiquadric,p95,A020,27.92821816978201,23.43
RBF Multiquadric,p95,A021,28.69461195733876,17.889999999999997
RBF Multiquadric,p95,A022,24.821326577446687,24.15
RBF Multiquadric,p95,A023,23.901916247556308,23.65
RBF Multiquadric,p95,A024,23.38361440610834,22.119999999999997
RBF Multiquadric,p95,A025,26.460322713229512,24.959999999999997
RBF Multiquadric,p95,A026,23.33157494405317,24.81
RBF Multiquadric,p95,A027,29.953496703337514,23.86
RBF Multiquadric,p95,A028,22.978739931543206,24.38
RBF Multiquadric,p95,A029,23.824748728196916,37.12
RBF Multiquadric,p95,A031,22.955149391292935,28.78
RBF Multiquadric,p95,A032,22.811483502654742,24.64
RBF Multiquadric,p95,A033,22.471452553208778,23.5
RBF Multiquadric,p95,A034,22.633230830535375,21.759999999999998
RBF Multiquadric,p95,A035,24.784505127655923,24.36
RBF Multiquadric,p95,A036,32.79319874026433,24.66
RBF Multiquadric,p95,A037,23.60864776628745,21.7
RBF Multiquadric,p95,A038,23.8436718297626,24.415
RBF Multiquadric,p95,A039,23.757278162320866,23.709999999999997
RBF Multiquadric,p95,A040,23.862967558639255,24.2
RBF Multiquadric,p95,A041,27.059407987226106,24.67
RBF Multiquadric,p95,A042,23.37235092088883,28.279999999999998
RBF Multiquadric,p95,A043,23.752576328731553,19.14
RBF Multiquadric,p95,A044,23.444325433365314,24.175
RBF Multiquadric,p95,A045,23.952284132578566,21.544999999999998
RBF Multiquadric,p95,A046,23.543159765586722,25.72
RBF Multiquadric,p95,A047,29.266892742723144,23.1
RBF Multiquadric,p95,A048,23.645875152330632,33.249999999999986
RBF Multiquadric,p95,A049,22.79218015745616,33.234999999999985
RBF Multiquadric,p95,A050,22.551665693286704,27.46999999999999
RBF Multiquadric,p95,A051,24.229650533128147,21.38
RBF Multiquadric,p95,A052,23.764230597026586,22.2
RBF Multiquadric,p95,A053,24.114551679528176,24.099999999999998
RBF Multiquadric,p95,A054,24.680500264532284,23.6
RBF Multiquadric,p95,A055,21.667244504050288,25.18499999999999
RBF Multiquadric,p95,A056,23.833440155111816,41.72
RBF Multiquadric,p95,A101,21.665512894350908,38.375
RBF Multiquadric,p95,A102,23.36978910552271,22.349999999999998
RBF Multiquadric,p95,A104,21.84593493751744,23.759999999999998
RBF Multiquadric,p95,A108,20.198593386533908,19.14
RBF Multiquadric,p95,A109,21.816352444449308,21.735
RBF Multiquadric,p95,A110,22.97907138998446,22.68
RBF Multiquadric,p95,A111,23.64695592874061,19.93
RBF Multiquadric,p95,A112,22.627786731644697,24.259999999999998
RBF Multiquadric,p95,A113,22.401086326359685,23.625
RBF Multiquadric,p95,A117,19.01262542503934,21.53
RBF Multiquadric,p95,A119,28.074823021760228,22.055
RBF Multiquadric,p95,A121,21.824630541764925,20.199999999999996
RBF Multiquadric,p95,A122,19.627944009214062,19.275
RBF Multiquadric,p95,A123,19.537925044836282,18.825
RBF Multiquadric,p95,A124,18.868281725900676,17.0
RBF Multiquadric,p95,A125,28.32271716466675,21.964999999999996
RBF Multiquadric,p95,A126,19.604049874431922,20.5
RBF Multiquadric,p95,A127,22.489653916662917,14.8
RBF Multiquadric,p95,A128,17.610450184864582,19.48
RBF Multiquadric,p95,A133,23.832191982458955,23.04
RBF Multiquadric,p95,A134,20.309808153418206,19.259999999999998
RBF Multiquadric,p95,A135,17.586156511527022,23.15
RBF Multiquadric,p95,A136,22.049182781256388,19.89
RBF Multiquadric,p95,A137,20.140532626635853,24.92
RBF Multiquadric,p95,A138,21.90426303741327,23.95
RBF Multiquadric,p95,A140,23.723697302387542,20.459999999999997
RBF Multiquadric,p95,A144,24.090708319044353,21.525
RBF Multiquadric,p95,A201,20.43220077701263,19.57
RBF Multiquadric,p95,A202,19.25758476864816,20.839999999999996
RBF Multiquadric,p95,A203,24.27021731529569,17.58
RBF Multiquadric,p95,A204,20.474790966352497,23.619999999999997
RBF Multiquadric,p95,A205,21.756069444277625,20.999999999999996
RBF Multiquadric,p95,A206,22.120969753626305,23.58
RBF Multiquadric,p95,A207,22.72872062324891,20.374999999999993
RBF Multiquadric,p95,A208,34.42653281581076,18.36
RBF Multiquadric,p95,A209,30.326945606007232,17.729999999999997
RBF Multiquadric,p95,A210,25.95302913114862,20.979999999999997
RBF Multiquadric,p95,A211,20.026104226800623,21.34
RBF Multiquadric,p95,A212,26.433391178956484,23.889999999999997
RBF Multiquadric,p95,A213,22.000397582371228,19.515
RBF Multiquadric,p95,A214,30.083526721690124,21.34
RBF Multiquadric,p95,A215,22.852493442754415,17.455
RBF Multiquadric,p95,A216,22.311050182642813,31.999999999999993
RBF Multiquadric,p95,A217,17.508481893121985,23.035
RBF Multiquadric,p95,A218,22.3169566965321,18.75
RBF Multiquadric,p95,A219,24.31054596834081,19.06
RBF Multiquadric,p95,A220,25.65466151061394,22.36
RBF Multiquadric,p95,A221,21.39127522901747,21.479999999999997
RBF Multiquadric,p95,A222,22.27936311649033,23.534999999999997
RBF Multiquadric,p95,A223,24.273078463102316,22.16
RBF Multiquadric,p95,A224,20.67928719026652,24.19
RBF Multiquadric,p95,A225,24.584578834175794,24.9
RBF Multiquadric,p95,A226,18.838343258328308,24.915
RBF Multiquadric,p95,A227,21.129896896950477,20.199999999999996
RBF Multiquadric,p95,A228,20.72946710711242,30.4
RBF Multiquadric,p95,A229,23.007902142343127,23.025
RBF Multiquadric,p95,A230,31.38108393690665,23.439999999999998
RBF Multiquadric,p95,A231,20.892868993207223,21.405
RBF Multiquadric,p95,A232,20.440632343857896,23.679999999999996
RBF Multiquadric,p95,A233,30.74789886903245,24.625
RBF Multiquadric,p95,A234,32.48826122041322,22.75
RBF Multiquadric,p95,A235,22.021867694705627,23.95
RBF Multiquadric,p95,A236,24.064724929269595,19.56
RBF Multiquadric,p95,A237,23.127549264341248,23.88
RBF Multiquadric,p95,A238,32.63014141248604,21.99
RBF Multiquadric,p95,A239,20.92411373559028,23.779999999999998
RBF Multiquadric,p95,A240,23.70586140521996,22.499999999999996
RBF Multiquadric,p95,A241,30.617167286396356,24.345
RBF Multiquadric,p95,A242,21.346589950612284,18.775
RBF Multiquadric,p95,A243,27.53508110000356,23.549999999999997
RBF Multiquadric,p95,A244,27.637513652734995,23.779999999999998
RBF Multiquadric,p95,A245,28.910832907104883,17.77
RBF Multiquadric,p95,A246,24.101157213500333,22.05
RBF Multiquadric,p95,A247,21.234728963160684,45.69999999999999
RBF Multiquadric,p95,A248,23.68529831275478,21.029999999999998
RBF Multiquadric,p95,A249,29.777691177210276,23.599999999999998
RBF Multiquadric,p95,A250,22.889057590128317,21.519999999999992
RBF Multiquadric,p95,A251,23.666163794654665,35.22
RBF Multiquadric,p95,A252,22.3065139370783,40.68
RBF Multiquadric,p95,A253,18.534873412428528,35.099999999999994
RBF Multiquadric,p95,A254,28.589511674876253,22.869999999999997
RBF Multiquadric,p95,A255,21.183339614166737,35.48
RBF Multiquadric,p95,A256,23.81897652573188,41.04
RBF Multiquadric,p95,A301,18.682818647031418,21.48
RBF Multiquadric,p95,A302,18.69025934750027,23.485
RBF Multiquadric,p95,A303,16.907332686128466,24.525
RBF Multiquadric,p95,A304,19.741529573345268,21.179999999999996
RBF Multiquadric,p95,A305,19.404507576612865,15.88
RBF Multiquadric,p95,A306,20.685457082302488,22.575000000000003
RBF Multiquadric,p95,A307,21.96156249830894,24.189999999999998
RBF Multiquadric,p95,A308,20.011422850547408,21.53
RBF Multiquadric,p95,A309,21.520920415379674,24.51
RBF Multiquadric,p95,A310,18.48984128074455,18.0
RBF Multiquadric,p95,A311,31.767585656359824,22.0
RBF Multiquadric,p95,A312,23.042185924818494,22.515
RBF Multiquadric,p95,A313,19.70331654257373,19.060000000000002
RBF Multiquadric,p95,A314,18.773169879123113,18.209999999999997
RBF Multiquadric,p95,A315,23.33432932989113,21.4
RBF Multiquadric,p95,A316,25.394961419279714,24.53
RBF Multiquadric,p95,A317,28.80348139255196,24.019999999999996
RBF Multiquadric,p95,A318,23.716344029588214,21.944999999999997
RBF Multiquadric,p95,A319,22.364392475795285,23.24
RBF Multiquadric,p95,A320,18.89067225070988,20.379999999999992
RBF Multiquadric,p95,A321,22.680825009296775,23.93
RBF Multiquadric,p95,A322,21.24266910866547,18.689999999999998
RBF Multiquadric,p95,A323,21.9335438704282,21.49
RBF Multiquadric,p95,A324,23.368807626622054,22.0
RBF Multiquadric,p95,A325,20.007379288244326,23.16
RBF Multiquadric,p95,A326,24.326123996735348,24.63
RBF Multiquadric,p95,A327,20.045238365418545,20.11
RBF Multiquadric,p95,A328,20.64595157520909,17.69
RBF Multiquadric,p95,A329,23.11433672297831,23.419999999999998
RBF Multiquadric,p95,A330,22.43492540432092,26.21999999999997
RBF Multiquadric,p95,A331,22.975118792397318,23.264999999999993
RBF Multiquadric,p95,A332,20.174271990850784,23.979999999999997
RBF Multiquadric,p95,A333,22.166422997816632,21.79
RBF Multiquadric,p95,A334,23.890699682116836,21.939999999999998
RBF Multiquadric,p95,A335,21.983190950860436,23.12
RBF Multiquadric,p95,A336,21.871363199730883,23.74
RBF Multiquadric,p95,A337,22.030390176397795,22.389999999999997
RBF Multiquadric,p95,A338,22.550089654578787,23.259999999999998
RBF Multiquadric,p95,A339,21.58724136182429,21.579999999999995
RBF Multiquadric,p95,A340,26.348221163737485,22.255
RBF Multiquadric,p95,A341,19.239600973233458,19.619999999999997
RBF Multiquadric,p95,A342,21.332608784528787,24.034999999999997
RBF Multiquadric,p95,A343,23.341311974096445,22.084999999999997
RBF Multiquadric,p95,A344,21.59466737273939,22.599999999999998
RBF Multiquadric,p95,A345,22.82707292374034,20.73
RBF Multiquadric,p95,A346,24.013700276652678,15.909999999999995
RBF Multiquadric,p95,A347,21.95959954842265,23.029999999999998
RBF Multiquadric,p95,A348,19.81455265589627,23.39
RBF Multiquadric,p95,A349,23.326879604183848,23.505
RBF Multiquadric,p95,A350,22.8363182314642,22.939999999999998
RBF Multiquadric,p95,A351,23.291378819331584,22.465
RBF Multiquadric,p95,A352,19.37773649166642,17.619999999999997
RBF Multiquadric,p95,A353,18.94443634098143,19.465
RBF Multiquadric,p95,A354,25.225642321454966,22.919999999999998
RBF Multiquadric,p95,A355,18.84425102176624,18.019999999999996
RBF Multiquadric,p95,A356,22.781648450061077,16.14
RBF Multiquadric,p95,A357,18.179633373668025,19.09999999999999
RBF Multiquadric,p95,A358,22.850153981227084,23.38
RBF Multiquadric,p95,A359,18.875224471933425,22.599999999999994
RBF Multiquadric,p95,A360,21.808694461458295,19.0
RBF Multiquadric,p95,A361,23.558010072504576,20.154999999999998
RBF Multiquadric,p95,A362,41.15985087855405,24.3
RBF Multiquadric,p95,A363,25.15842865482349,24.14
RBF Multiquadric,p95,A364,24.639491309890634,23.18
RBF Multiquadric,p95,A365,21.680087948424553,22.4
RBF Multiquadric,p95,A366,23.697068014687183,21.475
RBF Multiquadric,p95,A367,23.365126606643173,18.145
RBF Multiquadric,p95,A368,22.340715488824628,19.99
RBF Multiquadric,p95,A369,22.4905316817915,18.45
RBF Multiquadric,p95,A370,22.505727478463253,25.9
RBF Multiquadric,p95,A371,21.19189124089437,26.699999999999996
RBF Multiquadric,p95,A372,23.121188402448816,35.4
RBF Multiquadric,p95,A373,22.558827273313288,20.975
RBF Multiquadric,p95,A374,22.174885391363787,24.914999999999996
RBF Multiquadric,p95,A375,21.36603384628506,27.009999999999994
RBF Multiquadric,p95,A376,22.15730001682474,21.94
RBF Multiquadric,p95,A377,23.939311194056575,45.8
RBF Multiquadric,p95,A401,18.37534320844518,44.975
RBF Multiquadric,p95,A402,22.72640589719297,23.4
RBF Multiquadric,p95,A403,24.54231723048949,24.55
RBF Multiquadric,p95,A404,23.512936935372803,23.704999999999995
RBF Multiquadric,p95,A405,23.205048482913504,19.77
RBF Multiquadric,p95,A406,21.728556331988134,18.069999999999997
RBF Multiquadric,p95,A407,19.630180063333487,18.0
RBF Multiquadric,p95,A408,21.63612810420378,23.09
RBF Multiquadric,p95,A409,18.297295993136313,35.59999999999997
RBF Multiquadric,p95,A410,19.027723510153056,25.479999999999993
RBF Multiquadric,p95,A411,24.38666173056382,20.84
RBF Multiquadric,p95,A412,22.586708663802227,24.3
RBF Multiquadric,p95,A413,18.429470341999266,22.644999999999996
RBF Multiquadric,p95,A414,23.523898449238168,20.09999999999999
RBF Multiquadric,p95,A415,22.915196140657933,21.7
RBF Multiquadric,p95,A416,22.21812751960683,23.74
RBF Multiquadric,p95,A417,26.48450202032372,21.979999999999993
RBF Multiquadric,p95,A418,22.78063127113135,19.935
RBF Multiquadric,p95,A419,27.812010922020296,21.08
RBF Multiquadric,p95,A420,18.66956026475989,23.595
RBF Multiquadric,p95,A421,23.093902307688285,16.459999999999997
RBF Multiquadric,p95,A422,20.108047755087117,24.52
RBF Multiquadric,p95,A423,20.5984138029952,24.19
RBF Multiquadric,p95,A424,22.143958930114376,21.109999999999996
RBF Multiquadric,p95,A425,21.949001558672585,19.359999999999996
RBF Multiquadric,p95,A426,22.004062302073685,23.16
RBF Multiquadric,p95,A427,21.997271725671375,23.56
RBF Multiquadric,p95,A428,23.492285860362916,20.654999999999998
RBF Multiquadric,p95,A429,23.0883431295003,24.729999999999997
RBF Multiquadric,p95,A430,20.419804598839836,21.18
RBF Multiquadric,p95,A431,25.292196521662145,18.435
RBF Multiquadric,p95,A432,23.2618249773933,24.525
RBF Multiquadric,p95,A433,21.167013897555,22.419999999999995
RBF Multiquadric,p95,A434,18.67007758563423,18.639999999999997
RBF Multiquadric,p95,A435,21.517371607063094,24.080000000000002
RBF Multiquadric,p95,A436,23.787516334944716,23.465
RBF Multiquadric,p95,A437,24.55627855594799,16.064999999999998
RBF Multiquadric,p95,A438,25.625603319979675,18.979999999999993
RBF Multiquadric,p95,A439,21.935343759985084,24.415
RBF Multiquadric,p95,A440,22.135935204534018,23.15
RBF Multiquadric,p95,A441,26.203749831408917,21.705000000000002
RBF Multiquadric,p95,A442,26.003072344409762,25.0
RBF Multiquadric,p95,A443,22.143177959830975,22.06
RBF Multiquadric,p95,A444,24.14209113759535,19.075
RBF Multiquadric,p95,A445,20.295394942960368,21.199999999999996
RBF Multiquadric,p95,A446,20.365687232758514,25.15
RBF Multiquadric,p95,A447,21.911525591521592,21.36
RBF Multiquadric,p95,A448,23.685997503522014,20.200000000000003
RBF Multiquadric,p95,A449,23.441813467997438,18.925
RBF Multiquadric,p95,A450,23.731247536935705,21.275
RBF Multiquadric,p95,A451,24.89891648749789,20.44
RBF Multiquadric,p95,A452,23.485781226409646,20.064999999999998
RBF Multiquadric,p95,A453,22.137040523966252,16.09
RBF Multiquadric,p95,A454,21.472427694563425,20.94
RBF Multiquadric,p95,A455,21.829538234451253,23.485
RBF Multiquadric,p95,A456,34.88281760855777,17.005
RBF Multiquadric,p95,A458,21.56482573471604,36.425
RBF Multiquadric,p95,A501,23.827711166390543,21.36
RBF Multiquadric,p95,A502,26.133309048424493,24.615000000000002
RBF Multiquadric,p95,A503,23.979302752007918,25.0
RBF Multiquadric,p95,A504,34.98729424209581,20.27
RBF Multiquadric,p95,A505,24.378266427157623,23.995
RBF Multiquadric,p95,A506,21.734836427318708,22.07
RBF Multiquadric,p95,A507,23.032778531206844,22.4
RBF Multiquadric,p95,A508,23.497373052078174,22.204999999999995
RBF Multiquadric,p95,A509,28.71371371453468,23.455
RBF Multiquadric,p95,A510,23.404364920991853,21.4
RBF Multiquadric,p95,A511,24.13361499796172,17.545
RBF Multiquadric,p95,A512,24.80802660355402,25.06500000000001
RBF Multiquadric,p95,A513,25.130426504056338,24.6
RBF Multiquadric,p95,A514,28.039597688013973,27.890000000000004
RBF Multiquadric,p95,A515,29.67226710295698,22.080000000000002
RBF Multiquadric,p95,A516,23.788900873589633,24.525
RBF Multiquadric,p95,A517,21.881066801522767,24.05
RBF Multiquadric,p95,A518,22.441410377660546,27.419999999999998
RBF Multiquadric,p95,A519,23.981985157931472,24.515
RBF Multiquadric,p95,A520,23.88496578075051,24.735
RBF Multiquadric,p95,A521,19.836109016771246,24.24
RBF Multiquadric,p95,A522,29.318791750518166,22.439999999999998
RBF Multiquadric,p95,A523,24.139578165971937,22.2
RBF Multiquadric,p95,A524,28.16117597714332,23.155
RBF Multiquadric,p95,A525,23.940807893653748,23.810000000000002
RBF Multiquadric,p95,A526,22.704537635891263,21.639999999999993
RBF Multiquadric,p95,A527,29.298475856777518,24.01
RBF Multiquadric,p95,A528,23.191529270601503,21.5
RBF Multiquadric,p95,A529,27.020220844777565,24.53
RBF Multiquadric,p95,A530,29.749206466077723,21.585
RBF Multiquadric,p95,A531,24.202573430659708,22.115000000000002
RBF Multiquadric,p95,A532,22.952939113769908,28.069999999999997
RBF Multiquadric,p95,A533,22.80258874965787,24.35
RBF Multiquadric,p95,A534,28.869020216443232,24.375
RBF Multiquadric,p95,A535,22.778527536355433,20.205000000000002
RBF Multiquadric,p95,A536,24.831707358132434,24.82
RBF Multiquadric,p95,A537,23.20641780776078,23.330000000000002
RBF Multiquadric,p95,A538,22.13996703223331,22.660000000000004
RBF Multiquadric,p95,A539,20.351297513488174,22.86
RBF Multiquadric,p95,A540,32.74173506845182,22.029999999999998
RBF Multiquadric,p95,A541,23.353392081041395,24.0
RBF Multiquadric,p95,A542,28.292572706615672,23.61
RBF Multiquadric,p95,A543,22.793639783493422,23.0
RBF Multiquadric,p95,A544,23.313137450593,24.199999999999996
RBF Multiquadric,p95,A545,23.124817071455926,21.62
RBF Multiquadric,p95,A546,24.203066377916805,23.759999999999998
RBF Multiquadric,p95,A547,21.81706074473492,24.969999999999995
RBF Multiquadric,p95,A548,23.020610903211644,24.04
RBF Multiquadric,p95,A549,22.274627240084374,22.929999999999996
RBF Multiquadric,p95,A550,22.37247919030213,22.989999999999995
RBF Multiquadric,p95,A551,22.35374829054578,22.709999999999997
RBF Multiquadric,p95,A552,22.252061719647703,22.25
RBF Multiquadric,p95,A553,23.632818686118856,23.999999999999996
RBF Multiquadric,p95,A554,21.948610281261498,23.43
RBF Multiquadric,p95,A555,26.51313653617212,24.615000000000002
RBF Multiquadric,p95,A556,22.919573255998916,24.075
RBF Multiquadric,p95,A557,25.37932307434948,23.63
RBF Multiquadric,p95,A559,23.073942788889855,19.1
RBF Multiquadric,p95,A560,22.782077436120115,21.314999999999998
RBF Multiquadric,p95,A561,22.395785738793077,24.0
RBF Multiquadric,p95,A562,23.05182625928087,24.98
RBF Multiquadric,p95,A563,22.07897072707915,21.42
RBF Multiquadric,p95,A564,25.714696481645756,24.16
RBF Multiquadric,p95,A565,23.622895530095285,30.26999999999999
RBF Multiquadric,p95,A566,22.920239794735963,21.5
RBF Multiquadric,p95,A567,20.442529246243712,41.199999999999996
RBF Multiquadric,p95,A568,24.027292036635398,24.46
RBF Multiquadric,p95,A569,21.43198004604134,23.71
RBF Multiquadric,p95,A570,24.17790275422812,34.46
RBF Multiquadric,p95,A571,23.8681581882142,25.644999999999996
RBF Multiquadric,p95,A572,26.68153573264582,19.9
RBF Multiquadric,p95,A601,27.270543551450626,27.025
RBF Multiquadric,p95,A602,28.448937229674844,28.049999999999997
RBF Multiquadric,p95,A603,31.852579125502263,25.525
RBF Multiquadric,p95,A604,22.648276511523225,19.830000000000002
RBF Multiquadric,p95,A605,20.22103968896385,20.94
RBF Multiquadric,p95,A606,28.87735216885875,30.290000000000003
RBF Multiquadric,p95,A607,22.25099992422586,32.025000000000006
RBF Multiquadric,p95,A608,23.22999476252646,32.9
RBF Multiquadric,p95,A609,27.465962385174436,35.87500000000001
RBF Multiquadric,p95,A610,22.309950637531184,39.58
RBF Multiquadric,p95,A611,22.98319926845917,26.475
RBF Multiquadric,p95,A612,20.287426617633677,22.745
RBF Multiquadric,p95,A613,27.117079042644974,21.449999999999996
RBF Multiquadric,p95,A614,27.91347830334469,26.53999999999997
RBF Multiquadric,p95,A615,20.1881785422212,24.620000000000005
RBF Multiquadric,p95,A616,24.421812531412836,21.51
RBF Multiquadric,p95,A617,22.326527669928936,24.335
RBF Multiquadric,p95,A618,26.164462908374297,20.7
RBF Multiquadric,p95,A619,27.067199789265224,23.135
RBF Multiquadric,p95,A620,32.71377637656593,21.514999999999997
RBF Multiquadric,p95,A621,23.367670623410806,29.989999999999995
RBF Multiquadric,p95,A622,25.29174303831879,25.33
RBF Multiquadric,p95,A623,29.458065373691777,24.6
RBF Multiquadric,p95,A624,20.85458406759036,23.65
RBF Multiquadric,p95,A625,24.508723586408795,20.435
RBF Multiquadric,p95,A626,29.254000272648298,23.04
RBF Multiquadric,p95,A627,20.830926917333667,18.919999999999998
RBF Multiquadric,p95,A628,26.060443684782907,25.479999999999997
RBF Multiquadric,p95,A629,21.01086386517484,21.224999999999998
RBF Multiquadric,p95,A630,25.00444838946564,17.72
RBF Multiquadric,p95,A631,22.842206980377657,41.559999999999995
RBF Multiquadric,p95,A632,24.11794997787746,35.37999999999999
RBF Multiquadric,p95,A633,26.70526653124018,16.56
RBF Multiquadric,p95,A634,23.309569683854754,19.3
RBF Multiquadric,p95,A635,30.203354549414925,29.8
RBF Multiquadric,p95,A636,26.724207320080772,26.119999999999997
RBF Multiquadric,p95,A637,32.3002614260493,18.925
RBF Multiquadric,p95,A651,20.655828170127254,19.6
RBF Multiquadric,p95,A652,21.333607715967077,32.3
RBF Multiquadric,p95,A653,27.101187461118148,20.9
RBF Multiquadric,p95,A654,24.8841697718635,25.639999999999997
RBF Multiquadric,p95,A655,19.70206733894078,16.4
RBF Multiquadric,p95,A656,17.86247514241293,14.9
RBF Multiquadric,p95,A657,19.44790328219745,28.939999999999984
RBF Multiquadric,p95,A659,25.831892190414653,23.6
RBF Multiquadric,p95,A667,25.047184928156923,25.0
RBF Multiquadric,p95,A701,30.047620327567117,26.680000000000003
RBF Multiquadric,p95,A702,27.208728141866544,25.619999999999994
RBF Multiquadric,p95,A703,23.81417840194885,22.29
RBF Multiquadric,p95,A704,29.54077725058801,24.889999999999997
RBF Multiquadric,p95,A705,25.352111914755934,23.519999999999996
RBF Multiquadric,p95,A706,23.686117722418047,18.805
RBF Multiquadric,p95,A707,29.08845694071495,23.83
RBF Multiquadric,p95,A708,24.32567565152786,21.354999999999997
RBF Multiquadric,p95,A709,28.376797421186264,24.9
RBF Multiquadric,p95,A710,24.349697190915645,24.279999999999983
RBF Multiquadric,p95,A711,23.885668366585993,24.3
RBF Multiquadric,p95,A712,30.474222784857865,24.035
RBF Multiquadric,p95,A713,26.50332328173091,25.02
RBF Multiquadric,p95,A714,23.79987130230518,24.415
RBF Multiquadric,p95,A715,26.545875796621008,24.415
RBF Multiquadric,p95,A716,26.28186517067345,31.34499999999999
RBF Multiquadric,p95,A717,25.01173109270513,24.4
RBF Multiquadric,p95,A718,26.05446941418609,24.04
RBF Multiquadric,p95,A719,25.03645839484457,22.4
RBF Multiquadric,p95,A720,24.605315529347994,23.635
RBF Multiquadric,p95,A721,24.68300278216124,25.035000000000004
RBF Multiquadric,p95,A722,23.19021658309091,24.01
RBF Multiquadric,p95,A723,24.55067694894779,23.34
RBF Multiquadric,p95,A724,23.575519847685523,26.61999999999997
RBF Multiquadric,p95,A725,25.470801220499748,23.765
RBF Multiquadric,p95,A726,25.01249660023291,25.68
RBF Multiquadric,p95,A727,26.18462467645294,24.045
RBF Multiquadric,p95,A728,23.031162994133542,24.605
RBF Multiquadric,p95,A729,24.113571903623715,23.419999999999998
RBF Multiquadric,p95,A730,24.665457211295333,23.555
RBF Multiquadric,p95,A731,27.153237575387198,22.55
RBF Multiquadric,p95,A732,24.15456302099029,25.0
RBF Multiquadric,p95,A733,24.216071417572653,24.279999999999998
RBF Multiquadric,p95,A734,28.837743162654576,26.799999999999997
RBF Multiquadric,p95,A735,23.9375136188004,24.419999999999998
RBF Multiquadric,p95,A736,23.186362829636685,24.449999999999996
RBF Multiquadric,p95,A737,24.236673038609435,24.169999999999998
RBF Multiquadric,p95,A738,21.62363888849154,23.169999999999995
RBF Multiquadric,p95,A739,28.87366568117028,22.139999999999997
RBF Multiquadric,p95,A740,25.427428892281206,25.419999999999995
RBF Multiquadric,p95,A741,23.736148285519473,23.98
RBF Multiquadric,p95,A742,23.938949297660788,24.715
RBF Multiquadric,p95,A743,25.08714434292569,30.08
RBF Multiquadric,p95,A744,24.590075446412914,40.62
RBF Multiquadric,p95,A745,26.982732640830346,23.825
RBF Multiquadric,p95,A746,28.799735172037753,19.65
RBF Multiquadric,p95,A747,23.026811776368334,25.519999999999996
RBF Multiquadric,p95,A748,23.631385392019826,21.575000000000003
RBF Multiquadric,p95,A749,24.847070281910348,22.599999999999998
RBF Multiquadric,p95,A750,22.5940263012073,24.33
RBF Multiquadric,p95,A751,26.64201740314614,24.915
RBF Multiquadric,p95,A752,27.931266291924956,24.82
RBF Multiquadric,p95,A753,22.77648418012225,24.49
RBF Multiquadric,p95,A754,24.827425601156396,29.27499999999998
RBF Multiquadric,p95,A755,27.655200735050858,28.485
RBF Multiquadric,p95,A756,25.320981555683534,24.5
RBF Multiquadric,p95,A757,23.009283288116322,24.0
RBF Multiquadric,p95,A758,23.206436846131396,23.83
RBF Multiquadric,p95,A759,30.83191481569006,25.099999999999998
RBF Multiquadric,p95,A760,24.273041537611324,24.740000000000002
RBF Multiquadric,p95,A761,23.71805507324643,24.52
RBF Multiquadric,p95,A762,25.18323673122398,36.52999999999999
RBF Multiquadric,p95,A763,26.42439318823095,29.879999999999995
RBF Multiquadric,p95,A764,23.61663870707842,22.844999999999995
RBF Multiquadric,p95,A765,25.298996898040464,27.16
RBF Multiquadric,p95,A766,23.058383705125777,31.999999999999993
RBF Multiquadric,p95,A767,25.54326875140895,28.02
RBF Multiquadric,p95,A768,26.607799637526803,26.26
RBF Multiquadric,p95,A769,24.14019590190011,27.374999999999996
RBF Multiquadric,p95,A770,24.110232343917062,22.2
RBF Multiquadric,p95,A771,26.100331989622404,27.029999999999994
RBF Multiquadric,p95,A801,15.804465697404776,28.775
RBF Multiquadric,p95,A802,34.00568826511609,30.48
RBF Multiquadric,p95,A803,23.83324359213568,25.88
RBF Multiquadric,p95,A804,30.07788500814372,31.09
RBF Multiquadric,p95,A805,32.51703666857122,35.059999999999995
RBF Multiquadric,p95,A806,26.97268869529027,27.939999999999994
RBF Multiquadric,p95,A807,24.166018538202152,25.169999999999998
RBF Multiquadric,p95,A808,29.539440369145726,26.42999999999999
RBF Multiquadric,p95,A809,31.02645968317404,27.07
RBF Multiquadric,p95,A810,31.906315076657037,33.75
RBF Multiquadric,p95,A811,19.998287276293834,32.599999999999994
RBF Multiquadric,p95,A814,35.56335203887943,25.024999999999988
RBF Multiquadric,p95,A815,33.09201519317333,28.229999999999997
RBF Multiquadric,p95,A816,32.47798520131733,36.425
RBF Multiquadric,p95,A817,27.558581927611502,33.675000000000004
RBF Multiquadric,p95,A818,27.685649837583032,24.14
RBF Multiquadric,p95,A819,24.54926530841096,24.88
RBF Multiquadric,p95,A820,30.017414912016424,33.27
RBF Multiquadric,p95,A821,28.6175179430824,25.580000000000002
RBF Multiquadric,p95,A822,29.075819401057508,28.36
RBF Multiquadric,p95,A823,24.739142903213256,29.735000000000003
RBF Multiquadric,p95,A824,26.08230939012459,31.1
RBF Multiquadric,p95,A825,31.0527699412582,30.849999999999994
RBF Multiquadric,p95,A826,31.673734779500332,25.915
RBF Multiquadric,p95,A827,11.690563360941542,30.90999999999998
RBF Multiquadric,p95,A828,31.09677179330572,28.265000000000004
RBF Multiquadric,p95,A829,29.40479828763634,30.91000000000001
RBF Multiquadric,p95,A830,27.6344585873474,31.189999999999998
RBF Multiquadric,p95,A831,27.64239379041754,32.16
RBF Multiquadric,p95,A832,22.5417578026477,29.599999999999998
RBF Multiquadric,p95,A833,27.351943826180612,37.0
RBF Multiquadric,p95,A834,24.448562083932387,33.76
RBF Multiquadric,p95,A835,28.204746815765308,25.755000000000003
RBF Multiquadric,p95,A836,18.139899723539223,32.269999999999996
RBF Multiquadric,p95,A837,24.714453871197207,38.464999999999996
RBF Multiquadric,p95,A839,30.50276196082504,31.67
RBF Multiquadric,p95,A840,18.954782451227217,27.985
RBF Multiquadric,p95,A841,30.17288785127841,29.86
RBF Multiquadric,p95,A842,27.479495381109185,27.24
RBF Multiquadric,p95,A843,34.86886982064599,37.599999999999994
RBF Multiquadric,p95,A844,31.59605343546422,36.82999999999999
RBF Multiquadric,p95,A845,25.702112988887116,41.06
RBF Multiquadric,p95,A846,31.378461716229353,30.174999999999997
RBF Multiquadric,p95,A847,25.285357768886637,30.364999999999995
RBF Multiquadric,p95,A848,33.44882521436536,32.12
RBF Multiquadric,p95,A849,27.186273925064203,31.189999999999998
RBF Multiquadric,p95,A850,26.578769682532908,31.659999999999993
RBF Multiquadric,p95,A851,29.834694580612776,27.71
RBF Multiquadric,p95,A852,35.41143836909161,27.49
RBF Multiquadric,p95,A853,30.748446365234244,39.28999999999999
RBF Multiquadric,p95,A854,31.85650691019351,26.17999999999999
RBF Multiquadric,p95,A855,33.849469257445435,33.22
RBF Multiquadric,p95,A856,30.59094445626495,31.744999999999987
RBF Multiquadric,p95,A857,30.53335746462113,31.359999999999996
RBF Multiquadric,p95,A858,29.542009173315968,31.694999999999997
RBF Multiquadric,p95,A859,30.2383889376069,27.979999999999997
RBF Multiquadric,p95,A860,29.139713744158414,37.85999999999999
RBF Multiquadric,p95,A861,32.79035729858586,29.78
RBF Multiquadric,p95,A862,29.320654906309045,27.509999999999994
RBF Multiquadric,p95,A863,30.2651017590019,29.825
RBF Multiquadric,p95,A864,26.959237309040493,31.439999999999998
RBF Multiquadric,p95,A865,36.4114364046838,24.305
RBF Multiquadric,p95,A866,26.96581931150751,38.339999999999996
RBF Multiquadric,p95,A867,28.09303546000373,28.735
RBF Multiquadric,p95,A868,29.81082744462107,27.675
RBF Multiquadric,p95,A869,30.681427317741978,25.08
RBF Multiquadric,p95,A870,32.399067598640315,23.24
RBF Multiquadric,p95,A871,26.22238887618737,27.949999999999992
RBF Multiquadric,p95,A872,25.901929119769477,26.93
RBF Multiquadric,p95,A873,25.816937396671012,28.65499999999999
RBF Multiquadric,p95,A874,28.075449800149133,24.15999999999999
RBF Multiquadric,p95,A875,29.024595126650286,22.935
RBF Multiquadric,p95,A876,32.86796869586415,30.599999999999994
RBF Multiquadric,p95,A878,30.045288753168414,38.7
RBF Multiquadric,p95,A879,10.983625597387654,41.149999999999984
RBF Multiquadric,p95,A880,21.642663976129327,44.46
RBF Multiquadric,p95,A881,23.89716355610149,30.925
RBF Multiquadric,p95,A882,20.07491935895669,28.569999999999997
RBF Multiquadric,p95,A883,36.43360123916325,23.679999999999996
RBF Multiquadric,p95,A884,12.977642272321205,24.7
RBF Multiquadric,p95,A886,32.72686049426421,32.934999999999995
RBF Multiquadric,p95,A889,32.87638088154303,25.055
RBF Multiquadric,p95,A893,13.523038148069109,31.92
RBF Multiquadric,p95,A894,34.05094458678694,24.5
RBF Multiquadric,p95,A895,30.82650552396715,29.38
RBF Multiquadric,p95,A897,26.366258631091668,29.224999999999998
RBF Multiquadric,p95,A898,33.34906393193833,32.94
RBF Multiquadric,p95,A901,21.57535337036106,23.525
RBF Multiquadric,p95,A902,21.843551384361444,24.889999999999997
RBF Multiquadric,p95,A903,22.40365639156973,21.7
RBF Multiquadric,p95,A904,22.55882695252418,22.445
RBF Multiquadric,p95,A905,27.40568585236196,23.96
RBF Multiquadric,p95,A906,25.220557336449478,24.6
RBF Multiquadric,p95,A907,27.420981198336694,24.639999999999997
RBF Multiquadric,p95,A908,22.464403780928777,24.705
RBF Multiquadric,p95,A909,24.124274148996218,22.529999999999998
RBF Multiquadric,p95,A910,23.0800601817243,22.02
RBF Multiquadric,p95,A911,23.0538749462004,36.72
RBF Multiquadric,p95,A912,30.459530945938408,24.305
RBF Multiquadric,p95,A913,27.311984921594533,22.75
RBF Multiquadric,p95,A914,22.384033548919493,21.939999999999998
RBF Multiquadric,p95,A915,24.434516255033028,24.1
RBF Multiquadric,p95,A916,25.582166048550874,24.215
RBF Multiquadric,p95,A917,22.877209485350924,22.489999999999995
RBF Multiquadric,p95,A918,28.63673185434656,23.44
RBF Multiquadric,p95,A919,22.448908106381793,24.275
RBF Multiquadric,p95,A920,23.34750629496954,23.84
RBF Multiquadric,p95,A921,25.641265362229383,23.46
RBF Multiquadric,p95,A922,22.211823618309083,22.455
RBF Multiquadric,p95,A923,24.143586692093187,41.07499999999999
RBF Multiquadric,p95,A924,22.44711821263257,22.45
RBF Multiquadric,p95,A925,23.52364108188986,24.915
RBF Multiquadric,p95,A926,22.98114174857219,22.779999999999998
RBF Multiquadric,p95,A927,28.13058859988109,22.62
RBF Multiquadric,p95,A928,22.29358943467497,22.81
RBF Multiquadric,p95,A929,22.74717388920714,24.72
RBF Multiquadric,p95,A930,24.519713844247896,22.2
RBF Multiquadric,p95,A931,29.273753096516117,24.259999999999998
RBF Multiquadric,p95,A932,27.804418727525675,22.915
RBF Multiquadric,p95,A933,23.78225085029723,23.9
RBF Multiquadric,p95,A934,23.70985908177934,24.830000000000002
RBF Multiquadric,p95,A935,22.332771290339437,22.025
RBF Multiquadric,p95,A936,23.774942614522324,22.29
RBF Multiquadric,p95,A937,22.840053769818013,22.319999999999997
RBF Multiquadric,p95,A938,25.12026902126765,22.2
RBF Multiquadric,p95,A939,22.986693139147505,23.974999999999998
RBF Multiquadric,p95,A940,24.33764412069882,24.93
RBF Multiquadric,p95,A941,22.464127041696784,21.895
RBF Multiquadric,p95,A942,24.17651255027777,32.82
RBF Multiquadric,p95,A943,24.881370539378885,26.35
RBF Multiquadric,p95,A944,23.332797460359426,19.43
RBF Multiquadric,p95,B803,32.03047259117641,32.98
RBF Multiquadric,p95,B804,33.16356755217377,34.379999999999995
RBF Multiquadric,p95,B806,25.103001657740712,23.069999999999997
RBF Multiquadric,p95,B807,13.511016475606922,29.22
RBF Multiquadric,p95,B808,24.74172932565668,12.8
RBF Multiquadric,p95,B809,16.405682977272022,16.0
RBF Multiquadric,p95,B810,12.219796540266259,15.0
RBF Multiquadric,p95,B811,20.290098141394814,15.7
RBF Multiquadric,p95,B812,13.870282771050533,13.1
RBF Multiquadric,p95,B813,20.296963066952348,10.4
RBF Multiquadric,p95,B814,16.330619555556066,10.6
RBF Multiquadric,p95,B816,28.136068113014847,9.3
RBF Multiquadric,p95,B817,32.3186891267476,11.7
RBF Multiquadric,p95,B818,19.687067576734883,12.2
RBF Multiquadric,p95,B819,22.398892496019634,16.4
RBF Multiquadric,p95,B820,28.001779109061516,14.9
RBF Multiquadric,p95,B821,22.198827164323703,8.6
RBF Multiquadric,p95,B822,23.624965532540006,12.6
RBF Multiquadric,p95,B823,23.224219496901537,11.1
RBF Multiquadric,p95,B825,29.2164956958128,13.5
RBF Multiquadric,p95,B827,30.25771641563243,11.5
RBF Multiquadric,p95,B828,29.50742525188582,14.9
RBF Multiquadric,p95,B829,33.732627392029435,18.7
RBF Multiquadric,p95,F501,21.640111863576255,28.89
RBF Multiquadric,p99,A001,24.807984602544582,25.875
RBF Multiquadric,p99,A002,27.190498154560746,22.983999999999998
RBF Multiquadric,p99,A003,28.098976821671123,24.77
RBF Multiquadric,p99,A004,24.12629706619757,23.781
RBF Multiquadric,p99,A005,23.291251691952453,23.24
RBF Multiquadric,p99,A006,24.520423045818376,17.345
RBF Multiquadric,p99,A007,22.552508078294824,23.447
RBF Multiquadric,p99,A008,26.576619552392618,24.08
RBF Multiquadric,p99,A009,24.652214773994846,23.337
RBF Multiquadric,p99,A010,24.31717664626327,24.200000000000003
RBF Multiquadric,p99,A011,28.824637682450756,24.863999999999997
RBF Multiquadric,p99,A012,31.20727860999878,24.367
RBF Multiquadric,p99,A013,24.083018667117436,24.022
RBF Multiquadric,p99,A014,24.17634655367922,23.982
RBF Multiquadric,p99,A015,21.31265750500258,24.456
RBF Multiquadric,p99,A016,24.486338986871633,24.446
RBF Multiquadric,p99,A017,24.770324623162022,23.446
RBF Multiquadric,p99,A018,23.712734773551713,24.782
RBF Multiquadric,p99,A019,24.45101346107487,24.332
RBF Multiquadric,p99,A020,30.13066058795226,23.646
RBF Multiquadric,p99,A021,31.043440402333335,18.538
RBF Multiquadric,p99,A022,25.60235219396523,24.51
RBF Multiquadric,p99,A023,24.302196657122963,24.01
RBF Multiquadric,p99,A024,24.060298545102434,23.784
RBF Multiquadric,p99,A025,27.283024829919302,25.392
RBF Multiquadric,p99,A026,23.966205703864393,24.881999999999998
RBF Multiquadric,p99,A027,31.54339022603906,24.131999999999998
RBF Multiquadric,p99,A028,23.31322694287449,24.716
RBF Multiquadric,p99,A029,24.500200212756422,40.544
RBF Multiquadric,p99,A031,23.423404875230297,29.036
RBF Multiquadric,p99,A032,23.902588566286642,24.928
RBF Multiquadric,p99,A033,23.30033103056207,23.5
RBF Multiquadric,p99,A034,22.658602699674542,22.032
RBF Multiquadric,p99,A035,28.327225410728115,24.791999999999998
RBF Multiquadric,p99,A036,33.50019865092728,24.932
RBF Multiquadric,p99,A037,24.033155832690923,23.62
RBF Multiquadric,p99,A038,24.520444338514654,24.483
RBF Multiquadric,p99,A039,25.269609849272303,24.661999999999995
RBF Multiquadric,p99,A040,25.05930332999443,24.2
RBF Multiquadric,p99,A041,27.365107084516712,24.774
RBF Multiquadric,p99,A042,24.35644083864723,29.976
RBF Multiquadric,p99,A043,24.70202771885291,19.428
RBF Multiquadric,p99,A044,23.912541353400268,24.355
RBF Multiquadric,p99,A045,25.41254592768186,21.749
RBF Multiquadric,p99,A046,24.046985015544475,26.424000000000003
RBF Multiquadric,p99,A047,30.10239407435353,23.26
RBF Multiquadric,p99,A048,24.93451156993867,36.49
RBF Multiquadric,p99,A049,23.47436680887414,38.167
RBF Multiquadric,p99,A050,22.600806901792893,29.413999999999998
RBF Multiquadric,p99,A051,26.24609605655753,21.476
RBF Multiquadric,p99,A052,24.515250371479546,23.16
RBF Multiquadric,p99,A053,24.550938069571323,24.82
RBF Multiquadric,p99,A054,25.436861993609536,23.84
RBF Multiquadric,p99,A055,22.14518553002249,28.317000000000004
RBF Multiquadric,p99,A056,24.163303401783875,42.504000000000005
RBF Multiquadric,p99,A101,23.25688940225138,40.575
RBF Multiquadric,p99,A102,23.775825580616853,22.63
RBF Multiquadric,p99,A104,22.651633564539036,23.951999999999998
RBF Multiquadric,p99,A108,20.304376066237925,19.588
RBF Multiquadric,p99,A109,21.987814258140702,22.267
RBF Multiquadric,p99,A110,23.087695980680223,23.256
RBF Multiquadric,p99,A111,23.83465997598625,20.066
RBF Multiquadric,p99,A112,23.187261534500898,24.451999999999998
RBF Multiquadric,p99,A113,23.897130837591696,23.685
RBF Multiquadric,p99,A117,19.63180409583463,21.666
RBF Multiquadric,p99,A119,29.166539224299708,23.211
RBF Multiquadric,p99,A121,22.65993224939628,21.559999999999995
RBF Multiquadric,p99,A122,20.622303482268546,19.455
RBF Multiquadric,p99,A123,20.07937846185477,20.325
RBF Multiquadric,p99,A124,20.156780018118027,17.32
RBF Multiquadric,p99,A125,30.933185685164734,24.072999999999997
RBF Multiquadric,p99,A126,20.902843097696927,24.099999999999998
RBF Multiquadric,p99,A127,24.473869971859763,14.8
RBF Multiquadric,p99,A128,18.2330503921719,20.696
RBF Multiquadric,p99,A133,24.21209050874237,24.608
RBF Multiquadric,p99,A134,21.026045632282184,19.372
RBF Multiquadric,p99,A135,18.687065301957443,24.23
RBF Multiquadric,p99,A136,22.296815194382926,19.978
RBF Multiquadric,p99,A137,20.325173803318748,24.984
RBF Multiquadric,p99,A138,22.2491338291431,24.07
RBF Multiquadric,p99,A140,24.02492777774415,21.692
RBF Multiquadric,p99,A144,24.23395472970729,23.265
RBF Multiquadric,p99,A201,21.47112278101181,20.068
RBF Multiquadric,p99,A202,20.13216798978377,21.156
RBF Multiquadric,p99,A203,25.401853436254182,18.246
RBF Multiquadric,p99,A204,21.916310376288816,24.163999999999998
RBF Multiquadric,p99,A205,22.683017689017163,21.72
RBF Multiquadric,p99,A206,22.791397566118334,24.476
RBF Multiquadric,p99,A207,23.813416508247673,22.715000000000003
RBF Multiquadric,p99,A208,36.210227186459036,18.472
RBF Multiquadric,p99,A209,33.123905597134126,18.346
RBF Multiquadric,p99,A210,26.806549706696558,21.555999999999997
RBF Multiquadric,p99,A211,21.393484043091117,23.708000000000002
RBF Multiquadric,p99,A212,27.0002583836744,24.538
RBF Multiquadric,p99,A213,22.35432976905326,19.583000000000002
RBF Multiquadric,p99,A214,30.24726052405335,22.108
RBF Multiquadric,p99,A215,23.72309543633677,18.610999999999997
RBF Multiquadric,p99,A216,23.157913261122264,35.519999999999996
RBF Multiquadric,p99,A217,18.01776330856123,24.047
RBF Multiquadric,p99,A218,23.759754236954073,19.27
RBF Multiquadric,p99,A219,25.427656467817755,19.252
RBF Multiquadric,p99,A220,27.429171290386112,22.552
RBF Multiquadric,p99,A221,22.64686847006363,23.656
RBF Multiquadric,p99,A222,23.77837234951969,24.147
RBF Multiquadric,p99,A223,25.334616057967196,22.432
RBF Multiquadric,p99,A224,21.159158992842553,24.598
RBF Multiquadric,p99,A225,25.20334801044793,24.9
RBF Multiquadric,p99,A226,19.563553729057553,24.983
RBF Multiquadric,p99,A227,22.100370796189896,22.999999999999996
RBF Multiquadric,p99,A228,21.62051872531027,30.88
RBF Multiquadric,p99,A229,23.19291343531025,23.085
RBF Multiquadric,p99,A230,32.8503016029066,24.447999999999997
RBF Multiquadric,p99,A231,22.180781628101098,22.600999999999996
RBF Multiquadric,p99,A232,21.954110935143333,24.255999999999997
RBF Multiquadric,p99,A233,31.6256928013092,24.685
RBF Multiquadric,p99,A234,34.95308030257852,23.669999999999998
RBF Multiquadric,p99,A235,22.376810180249443,24.07
RBF Multiquadric,p99,A236,24.43898171483076,20.231999999999996
RBF Multiquadric,p99,A237,23.525054682608815,24.136
RBF Multiquadric,p99,A238,34.17678586826108,22.717999999999996
RBF Multiquadric,p99,A239,22.313923310091212,23.875999999999998
RBF Multiquadric,p99,A240,24.36692923285083,23.22
RBF Multiquadric,p99,A241,32.790027091655524,24.549
RBF Multiquadric,p99,A242,21.95469829445843,18.955
RBF Multiquadric,p99,A243,29.66280555013876,24.47
RBF Multiquadric,p99,A244,29.30642524762067,24.676
RBF Multiquadric,p99,A245,29.84871458863446,17.794
RBF Multiquadric,p99,A246,25.441802999735945,22.25
RBF Multiquadric,p99,A247,21.918726229454887,47.86
RBF Multiquadric,p99,A248,23.9831201160538,21.646
RBF Multiquadric,p99,A249,31.913731515594865,24.32
RBF Multiquadric,p99,A250,23.67187717571471,23.823999999999998
RBF Multiquadric,p99,A251,24.683096547727168,38.804
RBF Multiquadric,p99,A252,22.930317647291428,41.016
RBF Multiquadric,p99,A253,19.006624572540645,38.21999999999999
RBF Multiquadric,p99,A254,29.22236337819527,23.614
RBF Multiquadric,p99,A255,21.595741390351314,38.776
RBF Multiquadric,p99,A256,23.96268722586145,42.688
RBF Multiquadric,p99,A301,21.40313218130884,22.296
RBF Multiquadric,p99,A302,21.002350046115186,24.297
RBF Multiquadric,p99,A303,17.947950267722863,24.857999999999997
RBF Multiquadric,p99,A304,20.765969635031578,23.116000000000003
RBF Multiquadric,p99,A305,20.335479480659682,21.90600000000001
RBF Multiquadric,p99,A306,21.023302906272637,23.863999999999997
RBF Multiquadric,p99,A307,24.296984413356913,25.858999999999998
RBF Multiquadric,p99,A308,20.581990100934096,23.496
RBF Multiquadric,p99,A309,21.96600600313031,24.679
RBF Multiquadric,p99,A310,19.61118622535151,18.552999999999997
RBF Multiquadric,p99,A311,32.49942165336641,22.72
RBF Multiquadric,p99,A312,23.299556173195402,22.743
RBF Multiquadric,p99,A313,20.147570999787145,19.971999999999998
RBF Multiquadric,p99,A314,21.786336619201972,19.161999999999995
RBF Multiquadric,p99,A315,23.99148600703171,23.0
RBF Multiquadric,p99,A316,26.820000381313015,24.746000000000002
RBF Multiquadric,p99,A317,31.600165073012775,24.563999999999997
RBF Multiquadric,p99,A318,25.53369869568544,22.148999999999997
RBF Multiquadric,p99,A319,23.235288829689146,24.248
RBF Multiquadric,p99,A320,20.228811413949263,23.116000000000003
RBF Multiquadric,p99,A321,22.783586235365828,24.146
RBF Multiquadric,p99,A322,22.030064022676214,19.338
RBF Multiquadric,p99,A323,22.93276480195776,23.257999999999996
RBF Multiquadric,p99,A324,23.872883070923876,23.2
RBF Multiquadric,p99,A325,20.19515812537949,23.592
RBF Multiquadric,p99,A326,25.598882148185073,24.846
RBF Multiquadric,p99,A327,20.776854927842063,20.902
RBF Multiquadric,p99,A328,21.747209233906027,18.098
RBF Multiquadric,p99,A329,23.732320443603548,23.564
RBF Multiquadric,p99,A330,24.201997857800507,35.724000000000004
RBF Multiquadric,p99,A331,25.36514450418115,26.732999999999993
RBF Multiquadric,p99,A332,21.08493348467757,24.556
RBF Multiquadric,p99,A333,22.697835074468067,22.438000000000002
RBF Multiquadric,p99,A334,24.023481116207403,22.228
RBF Multiquadric,p99,A335,22.75485600623974,23.264
RBF Multiquadric,p99,A336,22.82833936333511,23.868
RBF Multiquadric,p99,A337,21.862084499514044,24.157999999999998
RBF Multiquadric,p99,A338,23.213831468922372,24.492
RBF Multiquadric,p99,A339,22.408768546950547,22.876
RBF Multiquadric,p99,A340,27.687708818814972,23.410999999999998
RBF Multiquadric,p99,A341,20.86151967358283,20.483999999999998
RBF Multiquadric,p99,A342,22.040667833970875,24.647
RBF Multiquadric,p99,A343,25.487211353969066,23.376999999999995
RBF Multiquadric,p99,A344,23.06751467593114,22.839999999999996
RBF Multiquadric,p99,A345,24.426756538209638,20.866
RBF Multiquadric,p99,A346,24.982348363651365,18.221999999999994
RBF Multiquadric,p99,A347,23.852473866449056,23.646
RBF Multiquadric,p99,A348,20.209947907055952,23.798
RBF Multiquadric,p99,A349,23.895756622957272,23.980999999999998
RBF Multiquadric,p99,A350,23.39459773306465,23.708
RBF Multiquadric,p99,A351,23.702759898090264,23.212999999999997
RBF Multiquadric,p99,A352,21.163317053647365,19.604
RBF Multiquadric,p99,A353,20.5207651824176,20.212999999999997
RBF Multiquadric,p99,A354,26.493997764490615,22.983999999999998
RBF Multiquadric,p99,A355,19.936442224660354,20.964
RBF Multiquadric,p99,A356,24.354782711364034,16.588
RBF Multiquadric,p99,A357,18.799015725807468,23.17999999999999
RBF Multiquadric,p99,A358,23.510585191965227,23.956
RBF Multiquadric,p99,A359,20.44435419620961,24.279999999999998
RBF Multiquadric,p99,A360,23.60886222895201,19.0
RBF Multiquadric,p99,A361,23.825873962193246,20.831
RBF Multiquadric,p99,A362,42.14556292749835,24.540000000000003
RBF Multiquadric,p99,A363,25.574452416202778,24.268
RBF Multiquadric,p99,A364,25.985923254876,23.756
RBF Multiquadric,p99,A365,23.11284153203182,22.4
RBF Multiquadric,p99,A366,26.524439515897964,22.375
RBF Multiquadric,p99,A367,24.888635323224754,18.509
RBF Multiquadric,p99,A368,23.34426080435952,20.398
RBF Multiquadric,p99,A369,22.982604704352674,18.49
RBF Multiquadric,p99,A370,23.147567189560917,26.86
RBF Multiquadric,p99,A371,22.21383401906334,28.459999999999997
RBF Multiquadric,p99,A372,23.502663614660236,40.36
RBF Multiquadric,p99,A373,23.20088358754196,21.155
RBF Multiquadric,p99,A374,22.366085279115428,27.462999999999997
RBF Multiquadric,p99,A375,21.997641253097186,29.642
RBF Multiquadric,p99,A376,22.4727125652112,22.228
RBF Multiquadric,p99,A377,24.191699900193296,46.99999999999999
RBF Multiquadric,p99,A401,19.122979247050896,46.574999999999996
RBF Multiquadric,p99,A402,23.02469432666631,23.634
RBF Multiquadric,p99,A403,25.514802722186747,24.91
RBF Multiquadric,p99,A404,23.62133473691472,24.284999999999997
RBF Multiquadric,p99,A405,23.100797497400848,21.282
RBF Multiquadric,p99,A406,23.061818838971053,18.434
RBF Multiquadric,p99,A407,21.92921276298002,19.76
RBF Multiquadric,p99,A408,22.650565046046147,23.646
RBF Multiquadric,p99,A409,19.603563266270047,40.96600000000001
RBF Multiquadric,p99,A410,21.422066410803748,28.743999999999996
RBF Multiquadric,p99,A411,25.261179071945065,21.288
RBF Multiquadric,p99,A412,23.324247895623433,24.38
RBF Multiquadric,p99,A413,18.709191871938756,24.208999999999996
RBF Multiquadric,p99,A414,24.89852738154292,22.98
RBF Multiquadric,p99,A415,23.588283507174612,21.7
RBF Multiquadric,p99,A416,23.234872273615284,24.748
RBF Multiquadric,p99,A417,28.653396838101436,23.996000000000002
RBF Multiquadric,p99,A418,23.256717734364198,20.546999999999997
RBF Multiquadric,p99,A419,29.44066422359741,21.896
RBF Multiquadric,p99,A420,19.05641875866121,24.479
RBF Multiquadric,p99,A421,26.497665840979064,18.252
RBF Multiquadric,p99,A422,21.933925961590997,24.663999999999998
RBF Multiquadric,p99,A423,22.02998572251702,24.598
RBF Multiquadric,p99,A424,23.485328013436845,22.061999999999998
RBF Multiquadric,p99,A425,22.296975864295753,22.112
RBF Multiquadric,p99,A426,22.827921011091746,23.432
RBF Multiquadric,p99,A427,22.89026479035786,23.752
RBF Multiquadric,p99,A428,24.318855525506375,23.170999999999996
RBF Multiquadric,p99,A429,23.351898664278554,26.225999999999996
RBF Multiquadric,p99,A430,22.159010164213694,21.436
RBF Multiquadric,p99,A431,27.360821971418833,19.046999999999997
RBF Multiquadric,p99,A432,24.247168945234627,24.825
RBF Multiquadric,p99,A433,22.365628818548196,24.323999999999995
RBF Multiquadric,p99,A434,19.448033778355505,21.087999999999994
RBF Multiquadric,p99,A435,22.096483516301838,24.496000000000002
RBF Multiquadric,p99,A436,24.679911096833834,24.212999999999997
RBF Multiquadric,p99,A437,26.73154682723369,16.813
RBF Multiquadric,p99,A438,27.68343554022089,23.715999999999998
RBF Multiquadric,p99,A439,22.69309610499226,24.483
RBF Multiquadric,p99,A440,23.422174815719607,23.75
RBF Multiquadric,p99,A441,27.72758559081568,22.181
RBF Multiquadric,p99,A442,27.035407641816906,25.0
RBF Multiquadric,p99,A443,23.449095893814345,23.852
RBF Multiquadric,p99,A444,26.977952669489042,19.974999999999998
RBF Multiquadric,p99,A445,23.246493296468344,23.840000000000003
RBF Multiquadric,p99,A446,22.51512735306342,25.75
RBF Multiquadric,p99,A447,22.19167096691659,22.512
RBF Multiquadric,p99,A448,24.96385189085359,20.520000000000003
RBF Multiquadric,p99,A449,24.10721570645053,19.225
RBF Multiquadric,p99,A450,24.290790702344,21.455
RBF Multiquadric,p99,A451,27.12445391987123,21.368000000000002
RBF Multiquadric,p99,A452,24.34655618803596,20.173
RBF Multiquadric,p99,A453,23.506945152605855,16.258
RBF Multiquadric,p99,A454,21.897775265298325,21.228
RBF Multiquadric,p99,A455,22.39954936817595,23.737000000000002
RBF Multiquadric,p99,A456,35.89066228865334,17.481
RBF Multiquadric,p99,A458,22.232543994337817,39.364999999999995
RBF Multiquadric,p99,A501,24.146448565956476,21.552
RBF Multiquadric,p99,A502,28.925840438208798,24.843
RBF Multiquadric,p99,A503,24.613634848896737,25.0
RBF Multiquadric,p99,A504,37.88880148844861,20.454
RBF Multiquadric,p99,A505,25.14993860860262,24.793
RBF Multiquadric,p99,A506,21.829583803741517,24.025
RBF Multiquadric,p99,A507,23.64923270075637,22.868000000000002
RBF Multiquadric,p99,A508,24.54895208215284,23.477999999999998
RBF Multiquadric,p99,A509,29.522381522008377,23.737000000000002
RBF Multiquadric,p99,A510,23.630135415227254,22.6
RBF Multiquadric,p99,A511,24.597238909756946,18.229
RBF Multiquadric,p99,A512,25.152255636274216,32.13299999999999
RBF Multiquadric,p99,A513,26.482074518920328,24.6
RBF Multiquadric,p99,A514,29.15278229187473,33.81799999999999
RBF Multiquadric,p99,A515,31.807558776383814,23.296
RBF Multiquadric,p99,A516,24.970027032073382,24.905
RBF Multiquadric,p99,A517,22.465780304981582,24.81
RBF Multiquadric,p99,A518,23.300046825849957,27.564
RBF Multiquadric,p99,A519,27.718493881461345,24.743
RBF Multiquadric,p99,A520,24.303400437121525,25.267
RBF Multiquadric,p99,A521,19.855702814194608,24.848
RBF Multiquadric,p99,A522,31.470567250410006,22.728
RBF Multiquadric,p99,A523,24.843358720024014,22.2
RBF Multiquadric,p99,A524,30.278813396311172,23.991
RBF Multiquadric,p99,A525,24.50528922676136,23.962
RBF Multiquadric,p99,A526,23.134886767223648,24.088
RBF Multiquadric,p99,A527,31.230031157986037,24.162
RBF Multiquadric,p99,A528,23.75762951663483,23.019999999999996
RBF Multiquadric,p99,A529,27.549928394673096,24.746000000000002
RBF Multiquadric,p99,A530,32.01523346182838,22.877
RBF Multiquadric,p99,A531,24.84095323537131,22.343
RBF Multiquadric,p99,A532,23.4659112710652,28.573999999999998
RBF Multiquadric,p99,A533,23.006951411996763,24.71
RBF Multiquadric,p99,A534,34.53440336191544,24.794999999999998
RBF Multiquadric,p99,A535,23.14730387680072,20.681
RBF Multiquadric,p99,A536,26.653200224293066,24.964
RBF Multiquadric,p99,A537,23.79667723210276,23.546000000000003
RBF Multiquadric,p99,A538,22.46221421519083,23.572
RBF Multiquadric,p99,A539,21.026525118927413,23.291999999999998
RBF Multiquadric,p99,A540,35.787730646362135,23.686000000000003
RBF Multiquadric,p99,A541,23.70662435658349,24.0
RBF Multiquadric,p99,A542,29.496169806871414,24.402
RBF Multiquadric,p99,A543,23.40355729249896,23.48
RBF Multiquadric,p99,A544,23.676320498860925,26.919999999999995
RBF Multiquadric,p99,A545,24.551276851337438,21.764
RBF Multiquadric,p99,A546,25.038871866532105,24.192
RBF Multiquadric,p99,A547,22.438854008035708,26.194
RBF Multiquadric,p99,A548,24.76221867960538,24.328
RBF Multiquadric,p99,A549,23.72263127569593,24.586000000000002
RBF Multiquadric,p99,A550,23.417535606209963,24.358
RBF Multiquadric,p99,A551,22.90097204910862,23.502
RBF Multiquadric,p99,A552,23.218210449961237,22.61
RBF Multiquadric,p99,A553,24.913129191135678,24.72
RBF Multiquadric,p99,A554,22.952379036043613,24.366000000000003
RBF Multiquadric,p99,A555,26.673542943680467,24.683
RBF Multiquadric,p99,A556,23.709208488812944,24.735
RBF Multiquadric,p99,A557,25.65945406789987,24.566
RBF Multiquadric,p99,A559,23.817831357987686,19.1
RBF Multiquadric,p99,A560,23.19806747815101,21.622999999999998
RBF Multiquadric,p99,A561,23.321994873078506,24.32
RBF Multiquadric,p99,A562,23.59923471959625,26.036
RBF Multiquadric,p99,A563,22.778671617883955,21.564
RBF Multiquadric,p99,A564,27.003768581329258,24.832
RBF Multiquadric,p99,A565,24.00206230904518,34.374
RBF Multiquadric,p99,A566,23.53583247852248,22.46
RBF Multiquadric,p99,A567,20.923556439738583,45.04
RBF Multiquadric,p99,A568,24.34994765657516,24.652
RBF Multiquadric,p99,A569,21.92017962542623,23.782
RBF Multiquadric,p99,A570,26.37455391873845,37.372
RBF Multiquadric,p99,A571,24.425638925182536,27.128999999999998
RBF Multiquadric,p99,A572,27.004494343392334,19.9
RBF Multiquadric,p99,A601,29.437360973567724,29.05
RBF Multiquadric,p99,A602,31.03470315832635,31.28
RBF Multiquadric,p99,A603,33.646349813065456,27.217
RBF Multiquadric,p99,A604,23.962421010452225,20.285999999999998
RBF Multiquadric,p99,A605,20.386918545204033,21.228
RBF Multiquadric,p99,A606,29.531625251726453,33.178
RBF Multiquadric,p99,A607,23.128181335058425,35.44499999999999
RBF Multiquadric,p99,A608,24.72612431236274,32.9
RBF Multiquadric,p99,A609,28.812707471024847,41.57499999999999
RBF Multiquadric,p99,A610,23.261183857121754,42.315999999999995
RBF Multiquadric,p99,A611,24.022088506982282,27.614999999999995
RBF Multiquadric,p99,A612,21.690071030386996,23.429
RBF Multiquadric,p99,A613,32.353450917618055,21.81
RBF Multiquadric,p99,A614,31.783713097840657,36.908
RBF Multiquadric,p99,A615,21.446966864903203,29.48399999999999
RBF Multiquadric,p99,A616,27.831217301721477,21.662
RBF Multiquadric,p99,A617,23.366405604379743,24.867
RBF Multiquadric,p99,A618,27.44165201264362,20.7
RBF Multiquadric,p99,A619,29.795730320780653,23.667
RBF Multiquadric,p99,A620,35.521617172646984,22.942999999999998
RBF Multiquadric,p99,A621,25.581191179646616,32.078
RBF Multiquadric,p99,A622,28.01783983971478,26.825999999999997
RBF Multiquadric,p99,A623,33.629787385740364,24.84
RBF Multiquadric,p99,A624,21.2538722855829,24.49
RBF Multiquadric,p99,A625,25.075643873029207,21.047
RBF Multiquadric,p99,A626,32.969073343765075,24.048
RBF Multiquadric,p99,A627,21.18621957956163,19.144
RBF Multiquadric,p99,A628,27.916364197101565,29.736
RBF Multiquadric,p99,A629,21.569200949534977,23.044999999999998
RBF Multiquadric,p99,A630,25.727330239241198,18.503999999999998
RBF Multiquadric,p99,A631,22.997465487743288,47.192
RBF Multiquadric,p99,A632,28.18237120549001,44.11599999999999
RBF Multiquadric,p99,A633,32.22533834708291,18.032
RBF Multiquadric,p99,A634,25.448749674668466,20.1
RBF Multiquadric,p99,A635,33.15733812004238,30.76
RBF Multiquadric,p99,A636,28.326632371242972,29.224
RBF Multiquadric,p99,A637,34.12623931569593,19.225
RBF Multiquadric,p99,A651,20.960017093792917,19.6
RBF Multiquadric,p99,A652,21.42844266573332,33.74
RBF Multiquadric,p99,A653,28.09874986429742,20.9
RBF Multiquadric,p99,A654,27.267865355901765,26.887999999999998
RBF Multiquadric,p99,A655,20.454901742271055,16.4
RBF Multiquadric,p99,A656,17.72615281841751,14.9
RBF Multiquadric,p99,A657,20.376896233992188,37.78799999999999
RBF Multiquadric,p99,A659,27.168723570418848,23.6
RBF Multiquadric,p99,A667,25.765706974069033,26.6
RBF Multiquadric,p99,A701,31.316609893883825,27.895999999999997
RBF Multiquadric,p99,A702,32.40411600829364,27.799999999999994
RBF Multiquadric,p99,A703,24.305531800530726,22.537000000000003
RBF Multiquadric,p99,A704,32.264983559988934,25.056
RBF Multiquadric,p99,A705,26.55884491098585,24.483999999999998
RBF Multiquadric,p99,A706,23.783571405272724,18.881
RBF Multiquadric,p99,A707,30.98296079533166,23.978
RBF Multiquadric,p99,A708,24.74141986633825,22.863
RBF Multiquadric,p99,A709,29.38313195924905,33.86000000000001
RBF Multiquadric,p99,A710,24.462186373039565,29.896000000000004
RBF Multiquadric,p99,A711,24.459302837475917,24.3
RBF Multiquadric,p99,A712,34.8004900694038,24.567
RBF Multiquadric,p99,A713,26.97241820777885,25.323999999999998
RBF Multiquadric,p99,A714,24.879203153749664,24.642999999999997
RBF Multiquadric,p99,A715,28.290459033494002,24.642999999999997
RBF Multiquadric,p99,A716,28.68406682444173,34.26899999999999
RBF Multiquadric,p99,A717,30.273907706197964,24.4
RBF Multiquadric,p99,A718,27.01018820197863,24.648
RBF Multiquadric,p99,A719,27.11432105257955,22.4
RBF Multiquadric,p99,A720,24.39336509904057,24.167
RBF Multiquadric,p99,A721,25.36887325612502,28.606999999999996
RBF Multiquadric,p99,A722,23.91352703387139,24.162
RBF Multiquadric,p99,A723,26.89391883013639,23.948
RBF Multiquadric,p99,A724,23.708198974238258,37.564
RBF Multiquadric,p99,A725,26.54810184684242,24.752999999999997
RBF Multiquadric,p99,A726,25.59326166736501,26.256
RBF Multiquadric,p99,A727,27.240487637620895,24.729
RBF Multiquadric,p99,A728,24.051430752266338,24.681
RBF Multiquadric,p99,A729,24.242848394915566,23.483999999999998
RBF Multiquadric,p99,A730,24.682770927530164,24.391
RBF Multiquadric,p99,A731,31.170656267124436,23.63
RBF Multiquadric,p99,A732,24.67316775262641,25.0
RBF Multiquadric,p99,A733,26.430473547769466,24.856
RBF Multiquadric,p99,A734,30.09560876872406,28.240000000000002
RBF Multiquadric,p99,A735,24.185196817243302,24.564
RBF Multiquadric,p99,A736,24.40241165215836,24.81
RBF Multiquadric,p99,A737,24.793521947068964,24.674
RBF Multiquadric,p99,A738,22.441463387728348,24.394
RBF Multiquadric,p99,A739,29.957913893862095,24.188
RBF Multiquadric,p99,A740,25.488702871721745,27.323999999999995
RBF Multiquadric,p99,A741,24.223794342047828,24.556
RBF Multiquadric,p99,A742,26.251770461499003,24.783
RBF Multiquadric,p99,A743,30.743842945439116,30.656
RBF Multiquadric,p99,A744,25.524149510600687,41.964
RBF Multiquadric,p99,A745,27.581935003246276,24.125
RBF Multiquadric,p99,A746,32.56219465510762,20.25
RBF Multiquadric,p99,A747,23.960918869067658,26.063999999999997
RBF Multiquadric,p99,A748,24.826269570036814,22.715
RBF Multiquadric,p99,A749,27.258880323008952,23.24
RBF Multiquadric,p99,A750,22.893840924122994,24.386
RBF Multiquadric,p99,A751,26.608560401983677,24.983
RBF Multiquadric,p99,A752,28.674743294120415,24.884
RBF Multiquadric,p99,A753,23.799704640431504,24.898
RBF Multiquadric,p99,A754,26.022100331759678,39.13499999999998
RBF Multiquadric,p99,A755,29.215369724811072,29.057
RBF Multiquadric,p99,A756,26.898604783996383,24.740000000000002
RBF Multiquadric,p99,A757,22.84628907251419,24.16
RBF Multiquadric,p99,A758,24.113146625737404,23.886
RBF Multiquadric,p99,A759,33.67963096709559,25.82
RBF Multiquadric,p99,A760,24.64539628935205,24.948
RBF Multiquadric,p99,A761,24.176095217711943,24.663999999999998
RBF Multiquadric,p99,A762,25.609917176843112,40.346
RBF Multiquadric,p99,A763,27.482639448426113,33.016
RBF Multiquadric,p99,A764,24.331724097191223,24.969
RBF Multiquadric,p99,A765,25.91407895363923,27.192
RBF Multiquadric,p99,A766,23.44361205119829,37.12
RBF Multiquadric,p99,A767,26.621757834256307,28.323999999999998
RBF Multiquadric,p99,A768,28.14063964147448,26.292
RBF Multiquadric,p99,A769,24.853990926419197,27.794999999999998
RBF Multiquadric,p99,A770,24.689341426452927,22.68
RBF Multiquadric,p99,A771,26.804153233928584,29.325999999999997
RBF Multiquadric,p99,A801,15.873593830877603,32.35
RBF Multiquadric,p99,A802,36.545503401580916,31.435999999999996
RBF Multiquadric,p99,A803,24.514872259024273,26.228
RBF Multiquadric,p99,A804,31.73294382971917,32.036
RBF Multiquadric,p99,A805,36.7453183424016,38.56799999999999
RBF Multiquadric,p99,A806,29.94182493292363,33.114000000000004
RBF Multiquadric,p99,A807,25.532530076216155,26.384999999999998
RBF Multiquadric,p99,A808,30.485272563390954,30.246000000000002
RBF Multiquadric,p99,A809,31.841767860636924,28.133999999999997
RBF Multiquadric,p99,A810,34.01269085810555,36.03
RBF Multiquadric,p99,A811,20.196089247655667,36.2
RBF Multiquadric,p99,A814,37.82011491399842,31.484999999999985
RBF Multiquadric,p99,A815,37.22546567722938,29.725999999999996
RBF Multiquadric,p99,A816,34.32101472464599,37.445
RBF Multiquadric,p99,A817,30.009621157085082,34.815
RBF Multiquadric,p99,A818,30.311518542444087,24.747999999999998
RBF Multiquadric,p99,A819,25.836849197055518,25.456000000000003
RBF Multiquadric,p99,A820,30.927262908662822,34.334
RBF Multiquadric,p99,A821,31.441873021777987,28.315999999999995
RBF Multiquadric,p99,A822,30.931956232190988,29.032
RBF Multiquadric,p99,A823,26.950416240181056,33.306999999999995
RBF Multiquadric,p99,A824,27.86735782763585,31.82
RBF Multiquadric,p99,A825,32.50912388393169,32.650000000000006
RBF Multiquadric,p99,A826,33.2271977606955,26.142999999999997
RBF Multiquadric,p99,A827,11.707840277637668,38.182
RBF Multiquadric,p99,A828,32.65296184127969,33.812999999999995
RBF Multiquadric,p99,A829,30.304072612245953,41.701999999999984
RBF Multiquadric,p99,A830,28.67781565099186,31.838
RBF Multiquadric,p99,A831,28.371030646072157,33.312000000000005
RBF Multiquadric,p99,A832,23.05613359098675,30.32
RBF Multiquadric,p99,A833,27.799553574511894,41.480000000000004
RBF Multiquadric,p99,A834,25.57517873363739,36.192
RBF Multiquadric,p99,A835,30.0678789318521,29.630999999999993
RBF Multiquadric,p99,A836,18.298096778334838,34.214000000000006
RBF Multiquadric,p99,A837,25.673131408791637,39.212999999999994
RBF Multiquadric,p99,A839,33.76510592128305,32.734
RBF Multiquadric,p99,A840,20.450675468264873,29.276999999999997
RBF Multiquadric,p99,A841,32.03765875153622,30.291999999999998
RBF Multiquadric,p99,A842,30.375768466285948,29.288
RBF Multiquadric,p99,A843,35.89431112571448,39.76
RBF Multiquadric,p99,A844,32.08273065349082,41.366
RBF Multiquadric,p99,A845,28.70070726939097,41.332
RBF Multiquadric,p99,A846,32.426629162277735,31.874999999999993
RBF Multiquadric,p99,A847,27.71186518163354,34.63300000000001
RBF Multiquadric,p99,A848,35.930759772132234,32.504
RBF Multiquadric,p99,A849,30.986437197043024,32.95799999999999
RBF Multiquadric,p99,A850,28.394780194385238,34.651999999999994
RBF Multiquadric,p99,A851,34.6034013180677,27.782
RBF Multiquadric,p99,A852,38.17742420273144,28.138
RBF Multiquadric,p99,A853,33.16580418650841,42.098
RBF Multiquadric,p99,A854,35.917936061287044,30.356
RBF Multiquadric,p99,A855,35.1535583314076,34.804
RBF Multiquadric,p99,A856,33.78881582902851,37.38899999999998
RBF Multiquadric,p99,A857,32.180486667720274,35.071999999999996
RBF Multiquadric,p99,A858,30.745196659732926,32.57899999999999
RBF Multiquadric,p99,A859,31.82847583402877,31.116
RBF Multiquadric,p99,A860,30.272048236761318,42.21199999999999
RBF Multiquadric,p99,A861,35.016200046559526,30.596
RBF Multiquadric,p99,A862,31.274425125556466,29.821999999999992
RBF Multiquadric,p99,A863,30.443733006836702,30.845
RBF Multiquadric,p99,A864,30.75232137299447,33.168
RBF Multiquadric,p99,A865,38.58325603321926,24.701
RBF Multiquadric,p99,A866,31.575788219760465,43.588
RBF Multiquadric,p99,A867,34.44310648556347,29.346999999999998
RBF Multiquadric,p99,A868,31.87014412527828,32.654999999999994
RBF Multiquadric,p99,A869,32.72455673274787,27.255999999999997
RBF Multiquadric,p99,A870,35.558736558595314,24.008
RBF Multiquadric,p99,A871,28.16102120702582,31.349999999999994
RBF Multiquadric,p99,A872,27.542122656234902,27.866
RBF Multiquadric,p99,A873,27.268300918828075,33.89099999999999
RBF Multiquadric,p99,A874,30.003016644755476,30.991999999999997
RBF Multiquadric,p99,A875,31.732020226125258,23.546999999999997
RBF Multiquadric,p99,A876,33.50540330875755,32.839999999999996
RBF Multiquadric,p99,A878,31.196555260399812,40.62
RBF Multiquadric,p99,A879,10.851326004864966,47.26999999999998
RBF Multiquadric,p99,A880,23.748456869990093,44.732
RBF Multiquadric,p99,A881,24.87002089178134,34.105
RBF Multiquadric,p99,A882,20.367999215039074,33.873999999999995
RBF Multiquadric,p99,A883,38.68851754052292,24.496
RBF Multiquadric,p99,A884,12.905339692988118,24.939999999999998
RBF Multiquadric,p99,A886,34.43105387804134,34.987
RBF Multiquadric,p99,A889,35.15622994689558,25.091
RBF Multiquadric,p99,A893,13.983727384625137,32.144000000000005
RBF Multiquadric,p99,A894,36.38931352359941,24.5
RBF Multiquadric,p99,A895,33.23695622536238,29.956
RBF Multiquadric,p99,A897,32.650185142963956,29.765
RBF Multiquadric,p99,A898,35.82461783408198,33.948
RBF Multiquadric,p99,A901,21.78623859999763,24.293
RBF Multiquadric,p99,A902,22.23444039158034,24.978
RBF Multiquadric,p99,A903,22.9675983771694,21.94
RBF Multiquadric,p99,A904,23.444828832312115,22.657999999999998
RBF Multiquadric,p99,A905,28.409559411931745,24.474
RBF Multiquadric,p99,A906,26.4584654114966,24.76
RBF Multiquadric,p99,A907,28.557192405058135,24.778000000000002
RBF Multiquadric,p99,A908,22.696323476800757,24.781
RBF Multiquadric,p99,A909,24.22729614095333,23.706
RBF Multiquadric,p99,A910,23.379559385508593,22.163999999999998
RBF Multiquadric,p99,A911,23.35980891663352,39.344
RBF Multiquadric,p99,A912,32.460964646783154,24.381
RBF Multiquadric,p99,A913,28.71545612816764,23.11
RBF Multiquadric,p99,A914,22.808200791422816,22.068
RBF Multiquadric,p99,A915,24.684459960884595,24.42
RBF Multiquadric,p99,A916,26.03848001661864,24.283
RBF Multiquadric,p99,A917,23.093017164774196,23.858
RBF Multiquadric,p99,A918,29.613702477234863,23.728
RBF Multiquadric,p99,A919,22.88070081436218,24.615
RBF Multiquadric,p99,A920,23.592198304113126,24.448
RBF Multiquadric,p99,A921,26.982169535425392,24.612
RBF Multiquadric,p99,A922,23.836693140927085,23.610999999999997
RBF Multiquadric,p99,A923,24.243314581757115,45.41499999999999
RBF Multiquadric,p99,A924,23.434313700502482,22.81
RBF Multiquadric,p99,A925,23.65709202217662,24.983
RBF Multiquadric,p99,A926,23.30464413849225,23.996
RBF Multiquadric,p99,A927,29.512588029435957,22.684
RBF Multiquadric,p99,A928,22.554813676789298,23.761999999999997
RBF Multiquadric,p99,A929,23.002200070489707,24.784
RBF Multiquadric,p99,A930,24.57312031932248,22.2
RBF Multiquadric,p99,A931,30.925180024558124,24.532
RBF Multiquadric,p99,A932,29.459625943350012,22.983
RBF Multiquadric,p99,A933,23.878325070956844,24.38
RBF Multiquadric,p99,A934,24.301538238463298,24.966
RBF Multiquadric,p99,A935,22.546989295495692,22.564999999999998
RBF Multiquadric,p99,A936,24.46193580132891,22.698
RBF Multiquadric,p99,A937,24.028481287662817,23.983999999999998
RBF Multiquadric,p99,A938,25.79412160579001,22.68
RBF Multiquadric,p99,A939,23.42871493249195,24.314999999999998
RBF Multiquadric,p99,A940,24.719978882459223,24.986
RBF Multiquadric,p99,A941,24.343414506266612,22.219
RBF Multiquadric,p99,A942,24.5126087268457,33.524
RBF Multiquadric,p99,A943,25.37522441575793,27.43
RBF Multiquadric,p99,A944,23.663226752717215,19.886
RBF Multiquadric,p99,B803,33.45004731367969,34.516
RBF Multiquadric,p99,B804,34.86085324477146,35.116
RBF Multiquadric,p99,B806,26.891993330863674,23.573999999999998
RBF Multiquadric,p99,B807,13.513078613958978,29.843999999999998
RBF Multiquadric,p99,B808,26.71910323313134,12.8
RBF Multiquadric,p99,B809,16.451472289926016,16.0
RBF Multiquadric,p99,B810,12.223041986789134,15.0
RBF Multiquadric,p99,B811,20.52360121580022,15.7
RBF Multiquadric,p99,B812,14.342183446809386,13.1
RBF Multiquadric,p99,B813,20.973224229468386,10.4
RBF Multiquadric,p99,B814,17.269333894243925,10.6
RBF Multiquadric,p99,B816,30.552783769412468,9.3
RBF Multiquadric,p99,B817,33.74949157174529,11.7
RBF Multiquadric,p99,B818,20.955595082811673,12.2
RBF Multiquadric,p99,B819,23.364889319207112,16.4
RBF Multiquadric,p99,B820,30.451550727305225,14.9
RBF Multiquadric,p99,B821,22.98786018322163,8.6
RBF Multiquadric,p99,B822,23.964620536530035,12.6
RBF Multiquadric,p99,B823,25.951851180265205,11.1
RBF Multiquadric,p99,B825,29.841982633854567,13.5
RBF Multiquadric,p99,B827,37.14572090795234,11.5
RBF Multiquadric,p99,B828,34.37569633948061,14.9
RBF Multiquadric,p99,B829,35.39581530630972,18.7
RBF Multiquadric,p99,F501,21.64476151566534,28.978
IDW Adaptativo,p95,A001,25.190717960623154,24.1
IDW Adaptativo,p95,A002,26.093561824059762,22.3
IDW Adaptativo,p95,A003,24.718262528350415,23.88
IDW Adaptativo,p95,A004,23.339402471166224,23.305
IDW Adaptativo,p95,A005,23.332630925501512,22.2
IDW Adaptativo,p95,A006,24.329492833615422,17.125
IDW Adaptativo,p95,A007,24.13147832875837,23.235
IDW Adaptativo,p95,A008,25.336656612949525,23.6
IDW Adaptativo,p95,A009,25.611148310148163,23.09
IDW Adaptativo,p95,A010,23.71343682496782,22.2
IDW Adaptativo,p95,A011,25.1148919499641,24.72
IDW Adaptativo,p95,A012,25.68127119512594,23.835
IDW Adaptativo,p95,A013,25.062264257328547,22.509999999999994
IDW Adaptativo,p95,A014,24.34886681481166,23.91
IDW Adaptativo,p95,A015,21.24323529952681,23.88
IDW Adaptativo,p95,A016,24.97048055582831,24.23
IDW Adaptativo,p95,A017,23.64224141879048,23.23
IDW Adaptativo,p95,A018,23.435124134531705,24.71
IDW Adaptativo,p95,A019,23.93382798742758,22.459999999999994
IDW Adaptativo,p95,A020,25.25531534307877,23.43
IDW Adaptativo,p95,A021,25.95332107093014,17.889999999999997
IDW Adaptativo,p95,A022,24.358335494999196,24.15
IDW Adaptativo,p95,A023,24.739724446659714,23.65
IDW Adaptativo,p95,A024,23.85012592998816,22.119999999999997
IDW Adaptativo,p95,A025,25.125493221734466,24.959999999999997
IDW Adaptativo,p95,A026,23.952441379490896,24.81
IDW Adaptativo,p95,A027,34.388893969429134,23.86
IDW Adaptativo,p95,A028,24.224326177811427,24.38
IDW Adaptativo,p95,A029,23.75898288994818,37.12
IDW Adaptativo,p95,A031,23.26558257781429,28.78
IDW Adaptativo,p95,A032,23.24196279413264,24.64
IDW Adaptativo,p95,A033,24.87201431094881,23.5
IDW Adaptativo,p95,A034,24.879488221413176,21.759999999999998
IDW Adaptativo,p95,A035,24.63097532738741,24.36
IDW Adaptativo,p95,A036,25.58523389192649,24.66
IDW Adaptativo,p95,A037,25.85084785162615,21.7
IDW Adaptativo,p95,A038,23.50668635886098,24.415
IDW Adaptativo,p95,A039,23.84524921441605,23.709999999999997
IDW Adaptativo,p95,A040,23.545108035901407,24.2
IDW Adaptativo,p95,A041,25.243434493202024,24.67
IDW Adaptativo,p95,A042,24.612889666254,28.279999999999998
IDW Adaptativo,p95,A043,24.060655992073478,19.14
IDW Adaptativo,p95,A044,26.11329093522454,24.175
IDW Adaptativo,p95,A045,25.45577671714623,21.544999999999998
IDW Adaptativo,p95,A046,24.803890612621842,25.72
IDW Adaptativo,p95,A047,25.767269634171875,23.1
IDW Adaptativo,p95,A048,25.628459705989368,33.249999999999986
IDW Adaptativo,p95,A049,25.913205794661156,33.234999999999985
IDW Adaptativo,p95,A050,23.529930123651518,27.46999999999999
IDW Adaptativo,p95,A051,25.039320736394853,21.38
IDW Adaptativo,p95,A052,23.80255134891566,22.2
IDW Adaptativo,p95,A053,23.665288151134476,24.099999999999998
IDW Adaptativo,p95,A054,23.440424009011203,23.6
IDW Adaptativo,p95,A055,24.714709711596342,25.18499999999999
IDW Adaptativo,p95,A056,23.980989951329704,41.72
IDW Adaptativo,p95,A101,20.440409667282903,38.375
IDW Adaptativo,p95,A102,22.53136797159025,22.349999999999998
IDW Adaptativo,p95,A104,22.35637717819836,23.759999999999998
IDW Adaptativo,p95,A108,22.372290917228753,19.14
IDW Adaptativo,p95,A109,22.32019061258221,21.735
IDW Adaptativo,p95,A110,22.607632757611754,22.68
IDW Adaptativo,p95,A111,23.48510203942443,19.93
IDW Adaptativo,p95,A112,23.41887930130584,24.259999999999998
IDW Adaptativo,p95,A113,23.613939676744593,23.625
IDW Adaptativo,p95,A117,22.250568733738785,21.53
IDW Adaptativo,p95,A119,22.36755605446192,22.055
IDW Adaptativo,p95,A121,21.849974134486324,20.199999999999996
IDW Adaptativo,p95,A122,21.704864348960196,19.275
IDW Adaptativo,p95,A123,21.49409770521244,18.825
IDW Adaptativo,p95,A124,21.931250738419585,17.0
IDW Adaptativo,p95,A125,22.350201850497445,21.964999999999996
IDW Adaptativo,p95,A126,22.168709656279677,20.5
IDW Adaptativo,p95,A127,22.856510075913604,14.8
IDW Adaptativo,p95,A128,21.645818281660848,19.48
IDW Adaptativo,p95,A133,22.47767367500252,23.04
IDW Adaptativo,p95,A134,22.388216090694325,19.259999999999998
IDW Adaptativo,p95,A135,21.43845354726945,23.15
IDW Adaptativo,p95,A136,22.407208239249186,19.89
IDW Adaptativo,p95,A137,20.239667425158007,24.92
IDW Adaptativo,p95,A138,22.003197931717143,23.95
IDW Adaptativo,p95,A140,22.741596656298967,20.459999999999997
IDW Adaptativo,p95,A144,23.124860003424477,21.525
IDW Adaptativo,p95,A201,22.497094431395354,19.57
IDW Adaptativo,p95,A202,23.040218998782912,20.839999999999996
IDW Adaptativo,p95,A203,23.13814081086457,17.58
IDW Adaptativo,p95,A204,22.624706533628462,23.619999999999997
IDW Adaptativo,p95,A205,25.138260902649332,20.999999999999996
IDW Adaptativo,p95,A206,23.862115724688177,23.58
IDW Adaptativo,p95,A207,23.707463260781523,20.374999999999993
IDW Adaptativo,p95,A208,28.485593766825797,18.36
IDW Adaptativo,p95,A209,24.604770104243354,17.729999999999997
IDW Adaptativo,p95,A210,24.755559857114992,20.979999999999997
IDW Adaptativo,p95,A211,22.528998849828792,21.34
IDW Adaptativo,p95,A212,23.510949286869195,23.889999999999997
IDW Adaptativo,p95,A213,23.192726450399906,19.515
IDW Adaptativo,p95,A214,24.86408312157398,21.34
IDW Adaptativo,p95,A215,23.288506288441884,17.455
IDW Adaptativo,p95,A216,26.45964068167271,31.999999999999993
IDW Adaptativo,p95,A217,22.19665957126664,23.035
IDW Adaptativo,p95,A218,21.660122849616194,18.75
IDW Adaptativo,p95,A219,22.213217522645962,19.06
IDW Adaptativo,p95,A220,22.959256283163523,22.36
IDW Adaptativo,p95,A221,24.622464528377563,21.479999999999997
IDW Adaptativo,p95,A222,23.85710405417339,23.534999999999997
IDW Adaptativo,p95,A223,23.102746683181334,22.16
IDW Adaptativo,p95,A224,24.07388840570283,24.19
IDW Adaptativo,p95,A225,24.069817972977813,24.9
IDW Adaptativo,p95,A226,21.78351512072073,24.915
IDW Adaptativo,p95,A227,22.025356552199725,20.199999999999996
IDW Adaptativo,p95,A228,22.800959597641388,30.4
IDW Adaptativo,p95,A229,24.431088294209598,23.025
IDW Adaptativo,p95,A230,26.133215614512366,23.439999999999998
IDW Adaptativo,p95,A231,22.265036456064397,21.405
IDW Adaptativo,p95,A232,22.088783000343685,23.679999999999996
IDW Adaptativo,p95,A233,27.25424711018891,24.625
IDW Adaptativo,p95,A234,27.74946643920227,22.75
IDW Adaptativo,p95,A235,25.782125244172935,23.95
IDW Adaptativo,p95,A236,22.913664773237244,19.56
IDW Adaptativo,p95,A237,24.034925084709197,23.88
IDW Adaptativo,p95,A238,24.828716495458174,21.99
IDW Adaptativo,p95,A239,22.96019230570975,23.779999999999998
IDW Adaptativo,p95,A240,25.657171918946702,22.499999999999996
IDW Adaptativo,p95,A241,27.0769729701528,24.345
IDW Adaptativo,p95,A242,23.36095051918912,18.775
IDW Adaptativo,p95,A243,23.986634332753486,23.549999999999997
IDW Adaptativo,p95,A244,23.95618239624574,23.779999999999998
IDW Adaptativo,p95,A245,24.74302373512595,17.77
IDW Adaptativo,p95,A246,21.834137046422256,22.05
IDW Adaptativo,p95,A247,25.405714688173372,45.69999999999999
IDW Adaptativo,p95,A248,22.795437861861515,21.029999999999998
IDW Adaptativo,p95,A249,25.483311615896397,23.599999999999998
IDW Adaptativo,p95,A250,22.228631616003085,21.519999999999992
IDW Adaptativo,p95,A251,22.76691035162195,35.22
IDW Adaptativo,p95,A252,23.285673752214798,40.68
IDW Adaptativo,p95,A253,22.48681568507803,35.099999999999994
IDW Adaptativo,p95,A254,27.710404573152466,22.869999999999997
IDW Adaptativo,p95,A255,23.101452461552434,35.48
IDW Adaptativo,p95,A256,25.508226364271433,41.04
IDW Adaptativo,p95,A301,19.786083889545836,21.48
IDW Adaptativo,p95,A302,21.62724784000742,23.485
IDW Adaptativo,p95,A303,20.13068880660226,24.525
IDW Adaptativo,p95,A304,21.106083812685604,21.179999999999996
IDW Adaptativo,p95,A305,21.904667194622885,15.88
IDW Adaptativo,p95,A306,21.049345319086825,22.575000000000003
IDW Adaptativo,p95,A307,22.871710715796027,24.189999999999998
IDW Adaptativo,p95,A308,21.69718494879676,21.53
IDW Adaptativo,p95,A309,21.48025586229749,24.51
IDW Adaptativo,p95,A310,19.068955979376423,18.0
IDW Adaptativo,p95,A311,24.5408183198703,22.0
IDW Adaptativo,p95,A312,24.6444634834823,22.515
IDW Adaptativo,p95,A313,19.486377605992516,19.060000000000002
IDW Adaptativo,p95,A314,21.342258699980523,18.209999999999997
IDW Adaptativo,p95,A315,22.967665431368292,21.4
IDW Adaptativo,p95,A316,23.44066026023858,24.53
IDW Adaptativo,p95,A317,34.571260442106755,24.019999999999996
IDW Adaptativo,p95,A318,23.18367411671793,21.944999999999997
IDW Adaptativo,p95,A319,22.52613246702025,23.24
IDW Adaptativo,p95,A320,18.285618771278727,20.379999999999992
IDW Adaptativo,p95,A321,22.68977269752334,23.93
IDW Adaptativo,p95,A322,20.803344898101532,18.689999999999998
IDW Adaptativo,p95,A323,21.725182738263165,21.49
IDW Adaptativo,p95,A324,22.396046029938827,22.0
IDW Adaptativo,p95,A325,18.463660056020682,23.16
IDW Adaptativo,p95,A326,22.476652636952053,24.63
IDW Adaptativo,p95,A327,20.41897312495884,20.11
IDW Adaptativo,p95,A328,20.392333621358862,17.69
IDW Adaptativo,p95,A329,22.998275453341943,23.419999999999998
IDW Adaptativo,p95,A330,22.727986850668017,26.21999999999997
IDW Adaptativo,p95,A331,22.453156949718373,23.264999999999993
IDW Adaptativo,p95,A332,21.872590625944436,23.979999999999997
IDW Adaptativo,p95,A333,23.403950109067157,21.79
IDW Adaptativo,p95,A334,24.19799190897412,21.939999999999998
IDW Adaptativo,p95,A335,23.38308481886059,23.12
IDW Adaptativo,p95,A336,22.47736051694998,23.74
IDW Adaptativo,p95,A337,22.744503434492476,22.389999999999997
IDW Adaptativo,p95,A338,23.302920208694427,23.259999999999998
IDW Adaptativo,p95,A339,22.698864428349673,21.579999999999995
IDW Adaptativo,p95,A340,23.103124882088558,22.255
IDW Adaptativo,p95,A341,20.395217575818382,19.619999999999997
IDW Adaptativo,p95,A342,21.826690394970036,24.034999999999997
IDW Adaptativo,p95,A343,24.40926985615893,22.084999999999997
IDW Adaptativo,p95,A344,22.03256782173197,22.599999999999998
IDW Adaptativo,p95,A345,22.804130694857424,20.73
IDW Adaptativo,p95,A346,24.63816574522027,15.909999999999995
IDW Adaptativo,p95,A347,22.810465478485295,23.029999999999998
IDW Adaptativo,p95,A348,19.071685462268814,23.39
IDW Adaptativo,p95,A349,22.51584153975566,23.505
IDW Adaptativo,p95,A350,23.050412740697716,22.939999999999998
IDW Adaptativo,p95,A351,22.80335221584544,22.465
IDW Adaptativo,p95,A352,20.438347947222848,17.619999999999997
IDW Adaptativo,p95,A353,21.09445478800797,19.465
IDW Adaptativo,p95,A354,24.565808772996764,22.919999999999998
IDW Adaptativo,p95,A355,21.18615333721211,18.019999999999996
IDW Adaptativo,p95,A356,20.69073430197823,16.14
IDW Adaptativo,p95,A357,20.088302091203907,19.09999999999999
IDW Adaptativo,p95,A358,22.561197921238083,23.38
IDW Adaptativo,p95,A359,20.33034135268375,22.599999999999994
IDW Adaptativo,p95,A360,21.215871615030935,19.0
IDW Adaptativo,p95,A361,24.327731573476136,20.154999999999998
IDW Adaptativo,p95,A362,26.295763530787408,24.3
IDW Adaptativo,p95,A363,24.54848911084436,24.14
IDW Adaptativo,p95,A364,23.619715042006366,23.18
IDW Adaptativo,p95,A365,23.964347801139482,22.4
IDW Adaptativo,p95,A366,22.995265004358465,21.475
IDW Adaptativo,p95,A367,22.08995090784708,18.145
IDW Adaptativo,p95,A368,21.618606980634258,19.99
IDW Adaptativo,p95,A369,23.039106775171152,18.45
IDW Adaptativo,p95,A370,22.350950859325486,25.9
IDW Adaptativo,p95,A371,21.97049235288237,26.699999999999996
IDW Adaptativo,p95,A372,23.83596404157686,35.4
IDW Adaptativo,p95,A373,23.17686587043513,20.975
IDW Adaptativo,p95,A374,22.227237042875974,24.914999999999996
IDW Adaptativo,p95,A375,22.399473384826152,27.009999999999994
IDW Adaptativo,p95,A376,24.20063929967615,21.94
IDW Adaptativo,p95,A377,22.663708525670508,45.8
IDW Adaptativo,p95,A401,21.056732749141737,44.975
IDW Adaptativo,p95,A402,23.3518490143876,23.4
IDW Adaptativo,p95,A403,23.336490456318888,24.55
IDW Adaptativo,p95,A404,23.373388326831257,23.704999999999995
IDW Adaptativo,p95,A405,24.79440896975022,19.77
IDW Adaptativo,p95,A406,23.490019682511555,18.069999999999997
IDW Adaptativo,p95,A407,22.328640409786527,18.0
IDW Adaptativo,p95,A408,21.975427435343992,23.09
IDW Adaptativo,p95,A409,21.1424257092662,35.59999999999997
IDW Adaptativo,p95,A410,21.57430989733077,25.479999999999993
IDW Adaptativo,p95,A411,22.973054432434033,20.84
IDW Adaptativo,p95,A412,22.160219439127108,24.3
IDW Adaptativo,p95,A413,23.65707481370783,22.644999999999996
IDW Adaptativo,p95,A414,22.125832813044706,20.09999999999999
IDW Adaptativo,p95,A415,23.284089015361616,21.7
IDW Adaptativo,p95,A416,22.36558599991337,23.74
IDW Adaptativo,p95,A417,23.70097864536601,21.979999999999993
IDW Adaptativo,p95,A418,22.337265214296195,19.935
IDW Adaptativo,p95,A419,23.717020759543807,21.08
IDW Adaptativo,p95,A420,22.19116238859315,23.595
IDW Adaptativo,p95,A421,21.683605554103334,16.459999999999997
IDW Adaptativo,p95,A422,24.166521199766134,24.52
IDW Adaptativo,p95,A423,22.35067679558286,24.19
IDW Adaptativo,p95,A424,22.568886324402545,21.109999999999996
IDW Adaptativo,p95,A425,21.482320471059065,19.359999999999996
IDW Adaptativo,p95,A426,21.910168871870226,23.16
IDW Adaptativo,p95,A427,22.97915282156921,23.56
IDW Adaptativo,p95,A428,23.664079396367875,20.654999999999998
IDW Adaptativo,p95,A429,22.041427785258428,24.729999999999997
IDW Adaptativo,p95,A430,20.476008414685356,21.18
IDW Adaptativo,p95,A431,24.254810697337728,18.435
IDW Adaptativo,p95,A432,22.828092454041844,24.525
IDW Adaptativo,p95,A433,21.665005536042685,22.419999999999995
IDW Adaptativo,p95,A434,22.519211195647458,18.639999999999997
IDW Adaptativo,p95,A435,23.5000671510402,24.080000000000002
IDW Adaptativo,p95,A436,23.41009997932342,23.465
IDW Adaptativo,p95,A437,22.955662092221765,16.064999999999998
IDW Adaptativo,p95,A438,22.44290653579477,18.979999999999993
IDW Adaptativo,p95,A439,21.86832006793326,24.415
IDW Adaptativo,p95,A440,22.507873922391102,23.15
IDW Adaptativo,p95,A441,24.23369092611843,21.705000000000002
IDW Adaptativo,p95,A442,23.204497398600136,25.0
IDW Adaptativo,p95,A443,22.44355613874791,22.06
IDW Adaptativo,p95,A444,22.390609756893955,19.075
IDW Adaptativo,p95,A445,21.964964558650294,21.199999999999996
IDW Adaptativo,p95,A446,21.333327380359968,25.15
IDW Adaptativo,p95,A447,23.047667223006574,21.36
IDW Adaptativo,p95,A448,23.086702198509904,20.200000000000003
IDW Adaptativo,p95,A449,23.724971684838344,18.925
IDW Adaptativo,p95,A450,24.02209740257908,21.275
IDW Adaptativo,p95,A451,23.02248399538366,20.44
IDW Adaptativo,p95,A452,23.984873176222383,20.064999999999998
IDW Adaptativo,p95,A453,23.020831379487724,16.09
IDW Adaptativo,p95,A454,21.67838129835908,20.94
IDW Adaptativo,p95,A455,23.48542138501754,23.485
IDW Adaptativo,p95,A456,25.08874056758974,17.005
IDW Adaptativo,p95,A458,22.76346560361514,36.425
IDW Adaptativo,p95,A501,24.273650471470866,21.36
IDW Adaptativo,p95,A502,24.52007512204345,24.615000000000002
IDW Adaptativo,p95,A503,23.03071650773311,25.0
IDW Adaptativo,p95,A504,26.587342241125064,20.27
IDW Adaptativo,p95,A505,23.980272403902276,23.995
IDW Adaptativo,p95,A506,22.48222402590936,22.07
IDW Adaptativo,p95,A507,23.795401541657334,22.4
IDW Adaptativo,p95,A508,22.323000052880104,22.204999999999995
IDW Adaptativo,p95,A509,26.973857134493176,23.455
IDW Adaptativo,p95,A510,23.609467773232296,21.4
IDW Adaptativo,p95,A511,24.43184683286906,17.545
IDW Adaptativo,p95,A512,24.517022818254606,25.06500000000001
IDW Adaptativo,p95,A513,24.642009677779253,24.6
IDW Adaptativo,p95,A514,25.038775884937664,27.890000000000004
IDW Adaptativo,p95,A515,26.8397430018225,22.080000000000002
IDW Adaptativo,p95,A516,24.739183183042833,24.525
IDW Adaptativo,p95,A517,23.0815363869514,24.05
IDW Adaptativo,p95,A518,24.691865444804638,27.419999999999998
IDW Adaptativo,p95,A519,24.91770826727156,24.515
IDW Adaptativo,p95,A520,23.512338658533984,24.735
IDW Adaptativo,p95,A521,23.534404618553616,24.24
IDW Adaptativo,p95,A522,25.874443566479474,22.439999999999998
IDW Adaptativo,p95,A523,24.191631323272528,22.2
IDW Adaptativo,p95,A524,25.9732157518952,23.155
IDW Adaptativo,p95,A525,23.938022731060066,23.810000000000002
IDW Adaptativo,p95,A526,22.365385095023733,21.639999999999993
IDW Adaptativo,p95,A527,25.646702494187764,24.01
IDW Adaptativo,p95,A528,23.677433346620848,21.5
IDW Adaptativo,p95,A529,26.530601078884075,24.53
IDW Adaptativo,p95,A530,25.616444829896253,21.585
IDW Adaptativo,p95,A531,26.682119365267283,22.115000000000002
IDW Adaptativo,p95,A532,24.951327867943164,28.069999999999997
IDW Adaptativo,p95,A533,23.3131393967507,24.35
IDW Adaptativo,p95,A534,25.66375497265691,24.375
IDW Adaptativo,p95,A535,24.48336376259651,20.205000000000002
IDW Adaptativo,p95,A536,24.227299712005784,24.82
IDW Adaptativo,p95,A537,22.805681890072513,23.330000000000002
IDW Adaptativo,p95,A538,23.13072202074774,22.660000000000004
IDW Adaptativo,p95,A539,22.21646260958724,22.86
IDW Adaptativo,p95,A540,26.415840767904758,22.029999999999998
IDW Adaptativo,p95,A541,24.02437013481217,24.0
IDW Adaptativo,p95,A542,25.581957069150544,23.61
IDW Adaptativo,p95,A543,21.72426978441166,23.0
IDW Adaptativo,p95,A544,25.278557914139725,24.199999999999996
IDW Adaptativo,p95,A545,23.096961711753583,21.62
IDW Adaptativo,p95,A546,24.685406813463096,23.759999999999998
IDW Adaptativo,p95,A547,22.547385987256387,24.969999999999995
IDW Adaptativo,p95,A548,23.83172153589612,24.04
IDW Adaptativo,p95,A549,22.59626256886908,22.929999999999996
IDW Adaptativo,p95,A550,23.773246803613162,22.989999999999995
IDW Adaptativo,p95,A551,22.327473899120605,22.709999999999997
IDW Adaptativo,p95,A552,22.333828899481663,22.25
IDW Adaptativo,p95,A553,24.436240196394962,23.999999999999996
IDW Adaptativo,p95,A554,23.89522364528661,23.43
IDW Adaptativo,p95,A555,23.846934877473306,24.615000000000002
IDW Adaptativo,p95,A556,23.232243254865356,24.075
IDW Adaptativo,p95,A557,24.501542295874938,23.63
IDW Adaptativo,p95,A559,22.759007350245184,19.1
IDW Adaptativo,p95,A560,24.40032562341002,21.314999999999998
IDW Adaptativo,p95,A561,24.651482198801006,24.0
IDW Adaptativo,p95,A562,22.824704508375767,24.98
IDW Adaptativo,p95,A563,22.428567854315936,21.42
IDW Adaptativo,p95,A564,24.81552736681492,24.16
IDW Adaptativo,p95,A565,23.760870703253538,30.26999999999999
IDW Adaptativo,p95,A566,23.989286110129626,21.5
IDW Adaptativo,p95,A567,23.893281234986496,41.199999999999996
IDW Adaptativo,p95,A568,23.51841071232051,24.46
IDW Adaptativo,p95,A569,23.574276340142884,23.71
IDW Adaptativo,p95,A570,24.985874744598966,34.46
IDW Adaptativo,p95,A571,24.68631313188791,25.644999999999996
IDW Adaptativo,p95,A572,27.010321700819123,19.9
IDW Adaptativo,p95,A601,24.69462781196212,27.025
IDW Adaptativo,p95,A602,24.644914085736453,28.049999999999997
IDW Adaptativo,p95,A603,24.396942383894192,25.525
IDW Adaptativo,p95,A604,23.84550041843552,19.830000000000002
IDW Adaptativo,p95,A605,20.577656016807676,20.94
IDW Adaptativo,p95,A606,22.593563261149903,30.290000000000003
IDW Adaptativo,p95,A607,23.108986814660796,32.025000000000006
IDW Adaptativo,p95,A608,23.59446381236052,32.9
IDW Adaptativo,p95,A609,26.44183015831268,35.87500000000001
IDW Adaptativo,p95,A610,23.729071288423594,39.58
IDW Adaptativo,p95,A611,25.270188568912477,26.475
IDW Adaptativo,p95,A612,24.283379216621384,22.745
IDW Adaptativo,p95,A613,24.37475769978152,21.449999999999996
IDW Adaptativo,p95,A614,25.21760189707941,26.53999999999997
IDW Adaptativo,p95,A615,24.033107060550133,24.620000000000005
IDW Adaptativo,p95,A616,25.707276867852585,21.51
IDW Adaptativo,p95,A617,23.51720031698104,24.335
IDW Adaptativo,p95,A618,23.642551637249692,20.7
IDW Adaptativo,p95,A619,25.933612320182423,23.135
IDW Adaptativo,p95,A620,26.276720070099966,21.514999999999997
IDW Adaptativo,p95,A621,23.424319656314154,29.989999999999995
IDW Adaptativo,p95,A622,23.664263816374927,25.33
IDW Adaptativo,p95,A623,26.046108147725523,24.6
IDW Adaptativo,p95,A624,22.53570524598131,23.65
IDW Adaptativo,p95,A625,24.327146715657076,20.435
IDW Adaptativo,p95,A626,26.852857755956098,23.04
IDW Adaptativo,p95,A627,21.692290263343544,18.919999999999998
IDW Adaptativo,p95,A628,24.8130426346976,25.479999999999997
IDW Adaptativo,p95,A629,23.955412670281664,21.224999999999998
IDW Adaptativo,p95,A630,24.697016531716802,17.72
IDW Adaptativo,p95,A631,24.53634835818083,41.559999999999995
IDW Adaptativo,p95,A632,24.60591094051185,35.37999999999999
IDW Adaptativo,p95,A633,25.013791979047078,16.56
IDW Adaptativo,p95,A634,24.807725414836,19.3
IDW Adaptativo,p95,A635,25.4564629788988,29.8
IDW Adaptativo,p95,A636,23.928892597474253,26.119999999999997
IDW Adaptativo,p95,A637,28.860792310036715,18.925
IDW Adaptativo,p95,A651,21.36288196216385,19.6
IDW Adaptativo,p95,A652,20.535509562599756,32.3
IDW Adaptativo,p95,A653,27.19149887906208,20.9
IDW Adaptativo,p95,A654,23.80276150924102,25.639999999999997
IDW Adaptativo,p95,A655,23.996127948604656,16.4
IDW Adaptativo,p95,A656,24.017613273169186,14.9
IDW Adaptativo,p95,A657,22.306638695140304,28.939999999999984
IDW Adaptativo,p95,A659,24.338273374236948,23.6
IDW Adaptativo,p95,A667,23.218601503751575,25.0
IDW Adaptativo,p95,A701,26.478169118343562,26.680000000000003
IDW Adaptativo,p95,A702,24.81166371935421,25.619999999999994
IDW Adaptativo,p95,A703,25.022546197072433,22.29
IDW Adaptativo,p95,A704,27.165012972005627,24.889999999999997
IDW Adaptativo,p95,A705,25.12790811492875,23.519999999999996
IDW Adaptativo,p95,A706,27.27719642203988,18.805
IDW Adaptativo,p95,A707,27.73685344711052,23.83
IDW Adaptativo,p95,A708,24.17864059200173,21.354999999999997
IDW Adaptativo,p95,A709,26.84146192447123,24.9
IDW Adaptativo,p95,A710,25.085608754516073,24.279999999999983
IDW Adaptativo,p95,A711,23.655114448737635,24.3
IDW Adaptativo,p95,A712,26.51631520551227,24.035
IDW Adaptativo,p95,A713,26.646708018386555,25.02
IDW Adaptativo,p95,A714,25.721190968868246,24.415
IDW Adaptativo,p95,A715,26.724039757028372,24.415
IDW Adaptativo,p95,A716,25.972553431297996,31.34499999999999
IDW Adaptativo,p95,A717,24.433330017272606,24.4
IDW Adaptativo,p95,A718,27.414427487120072,24.04
IDW Adaptativo,p95,A719,25.043114007045265,22.4
IDW Adaptativo,p95,A720,24.491670985597686,23.635
IDW Adaptativo,p95,A721,25.40518127254204,25.035000000000004
IDW Adaptativo,p95,A722,24.719983611822823,24.01
IDW Adaptativo,p95,A723,24.69088284047742,23.34
IDW Adaptativo,p95,A724,24.071408037472107,26.61999999999997
IDW Adaptativo,p95,A725,25.7345732983918,23.765
IDW Adaptativo,p95,A726,25.273362638005974,25.68
IDW Adaptativo,p95,A727,26.71076428026857,24.045
IDW Adaptativo,p95,A728,24.247834502706805,24.605
IDW Adaptativo,p95,A729,24.402337810178448,23.419999999999998
IDW Adaptativo,p95,A730,24.409636299380864,23.555
IDW Adaptativo,p95,A731,25.895058006066726,22.55
IDW Adaptativo,p95,A732,24.703494761980654,25.0
IDW Adaptativo,p95,A733,25.12899911150347,24.279999999999998
IDW Adaptativo,p95,A734,26.694547069512303,26.799999999999997
IDW Adaptativo,p95,A735,25.112121234611262,24.419999999999998
IDW Adaptativo,p95,A736,23.81077951848734,24.449999999999996
IDW Adaptativo,p95,A737,23.877116299570005,24.169999999999998
IDW Adaptativo,p95,A738,25.360538053007804,23.169999999999995
IDW Adaptativo,p95,A739,26.27656151632827,22.139999999999997
IDW Adaptativo,p95,A740,24.727009472305493,25.419999999999995
IDW Adaptativo,p95,A741,24.16065494695748,23.98
IDW Adaptativo,p95,A742,24.414172291184876,24.715
IDW Adaptativo,p95,A743,24.939006632131992,30.08
IDW Adaptativo,p95,A744,24.54830303835195,40.62
IDW Adaptativo,p95,A745,26.78180434821204,23.825
IDW Adaptativo,p95,A746,26.42074957335047,19.65
IDW Adaptativo,p95,A747,23.580066528645986,25.519999999999996
IDW Adaptativo,p95,A748,23.910538940218288,21.575000000000003
IDW Adaptativo,p95,A749,26.385549315006443,22.599999999999998
IDW Adaptativo,p95,A750,25.39869027805055,24.33
IDW Adaptativo,p95,A751,26.94544788028441,24.915
IDW Adaptativo,p95,A752,28.268719707251023,24.82
IDW Adaptativo,p95,A753,23.405740457882338,24.49
IDW Adaptativo,p95,A754,24.48209815115583,29.27499999999998
IDW Adaptativo,p95,A755,26.85761757603126,28.485
IDW Adaptativo,p95,A756,26.24303273446434,24.5
IDW Adaptativo,p95,A757,24.3481454969381,24.0
IDW Adaptativo,p95,A758,24.506849119709205,23.83
IDW Adaptativo,p95,A759,27.532488677243244,25.099999999999998
IDW Adaptativo,p95,A760,24.130225815711196,24.740000000000002
IDW Adaptativo,p95,A761,25.106288138452577,24.52
IDW Adaptativo,p95,A762,25.61391015255732,36.52999999999999
IDW Adaptativo,p95,A763,25.699529368747044,29.879999999999995
IDW Adaptativo,p95,A764,23.776232155541848,22.844999999999995
IDW Adaptativo,p95,A765,26.00842493506247,27.16
IDW Adaptativo,p95,A766,25.093614947456906,31.999999999999993
IDW Adaptativo,p95,A767,25.504335156816083,28.02
IDW Adaptativo,p95,A768,26.75627923687808,26.26
IDW Adaptativo,p95,A769,25.025268473394966,27.374999999999996
IDW Adaptativo,p95,A770,23.63800121342748,22.2
IDW Adaptativo,p95,A771,26.942982658719593,27.029999999999994
IDW Adaptativo,p95,A801,17.802593668336115,28.775
IDW Adaptativo,p95,A802,21.537631158215294,30.48
IDW Adaptativo,p95,A803,26.042827569805148,25.88
IDW Adaptativo,p95,A804,25.350145594632647,31.09
IDW Adaptativo,p95,A805,31.557233006001834,35.059999999999995
IDW Adaptativo,p95,A806,30.026927519178486,27.939999999999994
IDW Adaptativo,p95,A807,26.632460167819197,25.169999999999998
IDW Adaptativo,p95,A808,26.278397983377477,26.42999999999999
IDW Adaptativo,p95,A809,29.75624035191383,27.07
IDW Adaptativo,p95,A810,31.01278502362137,33.75
IDW Adaptativo,p95,A811,20.268968367586098,32.599999999999994
IDW Adaptativo,p95,A814,30.03932745546417,25.024999999999988
IDW Adaptativo,p95,A815,29.40262995833829,28.229999999999997
IDW Adaptativo,p95,A816,30.980242777560058,36.425
IDW Adaptativo,p95,A817,28.885625949231677,33.675000000000004
IDW Adaptativo,p95,A818,27.196722034717006,24.14
IDW Adaptativo,p95,A819,26.292392943863533,24.88
IDW Adaptativo,p95,A820,29.80519665393696,33.27
IDW Adaptativo,p95,A821,28.174323591848477,25.580000000000002
IDW Adaptativo,p95,A822,30.018929683648537,28.36
IDW Adaptativo,p95,A823,25.981420966689292,29.735000000000003
IDW Adaptativo,p95,A824,25.610785948937995,31.1
IDW Adaptativo,p95,A825,31.43841822506965,30.849999999999994
IDW Adaptativo,p95,A826,29.86880152949903,25.915
IDW Adaptativo,p95,A827,19.83492116811484,30.90999999999998
IDW Adaptativo,p95,A828,31.308022456901217,28.265000000000004
IDW Adaptativo,p95,A829,26.533287988347116,30.91000000000001
IDW Adaptativo,p95,A830,30.475363090498725,31.189999999999998
IDW Adaptativo,p95,A831,26.498898175191105,32.16
IDW Adaptativo,p95,A832,24.281958129462797,29.599999999999998
IDW Adaptativo,p95,A833,30.056881113427846,37.0
IDW Adaptativo,p95,A834,20.911876808538462,33.76
IDW Adaptativo,p95,A835,28.46617261636852,25.755000000000003
IDW Adaptativo,p95,A836,22.738643840252507,32.269999999999996
IDW Adaptativo,p95,A837,26.31966497117481,38.464999999999996
IDW Adaptativo,p95,A839,30.901973553182906,31.67
IDW Adaptativo,p95,A840,20.88113137342511,27.985
IDW Adaptativo,p95,A841,31.972049570813688,29.86
IDW Adaptativo,p95,A842,26.698123479075274,27.24
IDW Adaptativo,p95,A843,31.327667956748527,37.599999999999994
IDW Adaptativo,p95,A844,28.327380634561216,36.82999999999999
IDW Adaptativo,p95,A845,30.016970010859122,41.06
IDW Adaptativo,p95,A846,32.82236569936077,30.174999999999997
IDW Adaptativo,p95,A847,26.34051083142662,30.364999999999995
IDW Adaptativo,p95,A848,32.83335683545306,32.12
IDW Adaptativo,p95,A849,27.56908285632788,31.189999999999998
IDW Adaptativo,p95,A850,27.39773986045779,31.659999999999993
IDW Adaptativo,p95,A851,27.596358621392675,27.71
IDW Adaptativo,p95,A852,31.432752168582752,27.49
IDW Adaptativo,p95,A853,29.292974060897045,39.28999999999999
IDW Adaptativo,p95,A854,32.20557593200685,26.17999999999999
IDW Adaptativo,p95,A855,32.54558753641954,33.22
IDW Adaptativo,p95,A856,31.363512239892906,31.744999999999987
IDW Adaptativo,p95,A857,31.84086331721295,31.359999999999996
IDW Adaptativo,p95,A858,29.813312873796022,31.694999999999997
IDW Adaptativo,p95,A859,29.909646514321796,27.979999999999997
IDW Adaptativo,p95,A860,30.674406234899436,37.85999999999999
IDW Adaptativo,p95,A861,29.752474828209607,29.78
IDW Adaptativo,p95,A862,28.715905140681492,27.509999999999994
IDW Adaptativo,p95,A863,29.994346521809735,29.825
IDW Adaptativo,p95,A864,28.17873336380684,31.439999999999998
IDW Adaptativo,p95,A865,31.01100070459152,24.305
IDW Adaptativo,p95,A866,28.42466043027637,38.339999999999996
IDW Adaptativo,p95,A867,28.78231020765058,28.735
IDW Adaptativo,p95,A868,29.589495554716784,27.675
IDW Adaptativo,p95,A869,29.717367202098888,25.08
IDW Adaptativo,p95,A870,30.68738215139717,23.24
IDW Adaptativo,p95,A871,26.231265634691642,27.949999999999992
IDW Adaptativo,p95,A872,25.934790210025223,26.93
IDW Adaptativo,p95,A873,26.5591383942591,28.65499999999999
IDW Adaptativo,p95,A874,28.18248078869976,24.15999999999999
IDW Adaptativo,p95,A875,30.294397397860568,22.935
IDW Adaptativo,p95,A876,33.65143133873713,30.599999999999994
IDW Adaptativo,p95,A878,20.762250434643924,38.7
IDW Adaptativo,p95,A879,19.67750486404318,41.149999999999984
IDW Adaptativo,p95,A880,24.108846018802012,44.46
IDW Adaptativo,p95,A881,23.759291050650578,30.925
IDW Adaptativo,p95,A882,19.602465231100084,28.569999999999997
IDW Adaptativo,p95,A883,36.3913072149443,23.679999999999996
IDW Adaptativo,p95,A884,18.724580142007998,24.7
IDW Adaptativo,p95,A886,29.791465224430805,32.934999999999995
IDW Adaptativo,p95,A889,28.61213750574547,25.055
IDW Adaptativo,p95,A893,17.40151465879064,31.92
IDW Adaptativo,p95,A894,26.26435196811074,24.5
IDW Adaptativo,p95,A895,31.59998370262982,29.38
IDW Adaptativo,p95,A897,25.932414719222493,29.224999999999998
IDW Adaptativo,p95,A898,30.847432387810876,32.94
IDW Adaptativo,p95,A901,24.16641906776211,23.525
IDW Adaptativo,p95,A902,23.044172038636095,24.889999999999997
IDW Adaptativo,p95,A903,23.76133384389821,21.7
IDW Adaptativo,p95,A904,22.950630828536116,22.445
IDW Adaptativo,p95,A905,23.628017162462573,23.96
IDW Adaptativo,p95,A906,23.46500403746139,24.6
IDW Adaptativo,p95,A907,25.102191477523277,24.639999999999997
IDW Adaptativo,p95,A908,24.777174951329034,24.705
IDW Adaptativo,p95,A909,25.039945544831863,22.529999999999998
IDW Adaptativo,p95,A910,23.591434373700178,22.02
IDW Adaptativo,p95,A911,22.568168330628723,36.72
IDW Adaptativo,p95,A912,33.40446612651856,24.305
IDW Adaptativo,p95,A913,24.06555741945491,22.75
IDW Adaptativo,p95,A914,23.787554470612907,21.939999999999998
IDW Adaptativo,p95,A915,24.781831012146604,24.1
IDW Adaptativo,p95,A916,24.574391779170313,24.215
IDW Adaptativo,p95,A917,22.45067995646611,22.489999999999995
IDW Adaptativo,p95,A918,26.056419466857538,23.44
IDW Adaptativo,p95,A919,23.581584310500247,24.275
IDW Adaptativo,p95,A920,23.744688081350144,23.84
IDW Adaptativo,p95,A921,24.762323678864185,23.46
IDW Adaptativo,p95,A922,23.549754647404107,22.455
IDW Adaptativo,p95,A923,23.75039187599976,41.07499999999999
IDW Adaptativo,p95,A924,22.78059849307215,22.45
IDW Adaptativo,p95,A925,22.892182164355873,24.915
IDW Adaptativo,p95,A926,22.458173967613384,22.779999999999998
IDW Adaptativo,p95,A927,24.029097419817745,22.62
IDW Adaptativo,p95,A928,23.64910965815909,22.81
IDW Adaptativo,p95,A929,24.181242006759106,24.72
IDW Adaptativo,p95,A930,25.816720777900926,22.2
IDW Adaptativo,p95,A931,25.209617584181252,24.259999999999998
IDW Adaptativo,p95,A932,25.41405494617921,22.915
IDW Adaptativo,p95,A933,25.09923585961984,23.9
IDW Adaptativo,p95,A934,23.98397266974038,24.830000000000002
IDW Adaptativo,p95,A935,24.448331607631104,22.025
IDW Adaptativo,p95,A936,23.524956494503897,22.29
IDW Adaptativo,p95,A937,23.52999672654439,22.319999999999997
IDW Adaptativo,p95,A938,24.163056162661274,22.2
IDW Adaptativo,p95,A939,24.076244570268358,23.974999999999998
IDW Adaptativo,p95,A940,23.92296986225092,24.93
IDW Adaptativo,p95,A941,22.200412643077044,21.895
IDW Adaptativo,p95,A942,25.148873178275508,32.82
IDW Adaptativo,p95,A943,24.568827806316747,26.35
IDW Adaptativo,p95,A944,24.205025608609873,19.43
IDW Adaptativo,p95,B803,30.860086901796304,32.98
IDW Adaptativo,p95,B804,32.0653217780769,34.379999999999995
IDW Adaptativo,p95,B806,26.75491012191615,23.069999999999997
IDW Adaptativo,p95,B807,14.61857738235942,29.22
IDW Adaptativo,p95,B808,19.674964022291334,12.8
IDW Adaptativo,p95,B809,19.519882184087,16.0
IDW Adaptativo,p95,B810,18.261873027297792,15.0
IDW Adaptativo,p95,B811,19.39898906948451,15.7
IDW Adaptativo,p95,B812,18.922130198855477,13.1
IDW Adaptativo,p95,B813,19.077121869921818,10.4
IDW Adaptativo,p95,B814,19.631552801441416,10.6
IDW Adaptativo,p95,B816,20.7261707408373,9.3
IDW Adaptativo,p95,B817,25.438093238738873,11.7
IDW Adaptativo,p95,B818,21.689313156656784,12.2
IDW Adaptativo,p95,B819,21.031970499223327,16.4
IDW Adaptativo,p95,B820,22.36270965813652,14.9
IDW Adaptativo,p95,B821,21.414787718573656,8.6
IDW Adaptativo,p95,B822,22.61487621565468,12.6
IDW Adaptativo,p95,B823,23.2386714820574,11.1
IDW Adaptativo,p95,B825,27.024718893675985,13.5
IDW Adaptativo,p95,B827,25.07165348593511,11.5
IDW Adaptativo,p95,B828,23.877191049375945,14.9
IDW Adaptativo,p95,B829,24.343002686465105,18.7
IDW Adaptativo,p95,F501,20.79092408297409,28.89
IDW Adaptativo,p99,A001,25.94553839233531,25.875
IDW Adaptativo,p99,A002,27.038354207709453,22.983999999999998
IDW Adaptativo,p99,A003,25.87970292795459,24.77
IDW Adaptativo,p99,A004,24.149224724402625,23.781
IDW Adaptativo,p99,A005,24.074302174953218,23.24
IDW Adaptativo,p99,A006,24.904475780261077,17.345
IDW Adaptativo,p99,A007,24.919911518095706,23.447
IDW Adaptativo,p99,A008,26.13897549245788,24.08
IDW Adaptativo,p99,A009,26.72456623421016,23.337
IDW Adaptativo,p99,A010,24.3615137182903,24.200000000000003
IDW Adaptativo,p99,A011,26.627182478541076,24.863999999999997
IDW Adaptativo,p99,A012,26.471185180560923,24.367
IDW Adaptativo,p99,A013,25.602508842108318,24.022
IDW Adaptativo,p99,A014,25.180335819446302,23.982
IDW Adaptativo,p99,A015,21.544512939291362,24.456
IDW Adaptativo,p99,A016,25.978910762858167,24.446
IDW Adaptativo,p99,A017,24.598741711757313,23.446
IDW Adaptativo,p99,A018,24.46658192139059,24.782
IDW Adaptativo,p99,A019,24.745156978968087,24.332
IDW Adaptativo,p99,A020,26.372273839850365,23.646
IDW Adaptativo,p99,A021,27.12795366515959,18.538
IDW Adaptativo,p99,A022,25.06347111931617,24.51
IDW Adaptativo,p99,A023,25.32950605974407,24.01
IDW Adaptativo,p99,A024,24.713855485475392,23.784
IDW Adaptativo,p99,A025,26.411179663871927,25.392
IDW Adaptativo,p99,A026,24.40088291831001,24.881999999999998
IDW Adaptativo,p99,A027,37.1648634951925,24.131999999999998
IDW Adaptativo,p99,A028,24.91008900005704,24.716
IDW Adaptativo,p99,A029,24.451965975100894,40.544
IDW Adaptativo,p99,A031,24.127405449933555,29.036
IDW Adaptativo,p99,A032,24.07665986667161,24.928
IDW Adaptativo,p99,A033,25.653301504422362,23.5
IDW Adaptativo,p99,A034,25.90189085712415,22.032
IDW Adaptativo,p99,A035,25.96628489353308,24.791999999999998
IDW Adaptativo,p99,A036,26.36977181590894,24.932
IDW Adaptativo,p99,A037,26.63671117410896,23.62
IDW Adaptativo,p99,A038,24.307629562071483,24.483
IDW Adaptativo,p99,A039,24.778637300918014,24.661999999999995
IDW Adaptativo,p99,A040,24.303177445962923,24.2
IDW Adaptativo,p99,A041,26.301905411916632,24.774
IDW Adaptativo,p99,A042,25.37616411266873,29.976
IDW Adaptativo,p99,A043,25.41010301565268,19.428
IDW Adaptativo,p99,A044,27.216381139783643,24.355
IDW Adaptativo,p99,A045,26.491820072132274,21.749
IDW Adaptativo,p99,A046,25.54231088306629,26.424000000000003
IDW Adaptativo,p99,A047,26.69062474614286,23.26
IDW Adaptativo,p99,A048,26.619876262414685,36.49
IDW Adaptativo,p99,A049,26.772295431643983,38.167
IDW Adaptativo,p99,A050,24.423364059650588,29.413999999999998
IDW Adaptativo,p99,A051,25.995530715081728,21.476
IDW Adaptativo,p99,A052,24.692036788299948,23.16
IDW Adaptativo,p99,A053,24.45360446756804,24.82
IDW Adaptativo,p99,A054,24.465865499926252,23.84
IDW Adaptativo,p99,A055,25.316602120571627,28.317000000000004
IDW Adaptativo,p99,A056,24.82740054896525,42.504000000000005
IDW Adaptativo,p99,A101,21.671760497666117,40.575
IDW Adaptativo,p99,A102,22.91149120968113,22.63
IDW Adaptativo,p99,A104,22.75107606781275,23.951999999999998
IDW Adaptativo,p99,A108,22.677123173085246,19.588
IDW Adaptativo,p99,A109,22.6635636009107,22.267
IDW Adaptativo,p99,A110,22.96090301539745,23.256
IDW Adaptativo,p99,A111,23.906378516283755,20.066
IDW Adaptativo,p99,A112,24.001671718014634,24.451999999999998
IDW Adaptativo,p99,A113,24.380131964261356,23.685
IDW Adaptativo,p99,A117,23.32140495006139,21.666
IDW Adaptativo,p99,A119,23.633763298928983,23.211
IDW Adaptativo,p99,A121,23.120792385327967,21.559999999999995
IDW Adaptativo,p99,A122,23.05389589545905,19.455
IDW Adaptativo,p99,A123,22.651378710694537,20.325
IDW Adaptativo,p99,A124,23.280030752697684,17.32
IDW Adaptativo,p99,A125,23.67315444948952,24.072999999999997
IDW Adaptativo,p99,A126,23.241039829847345,24.099999999999998
IDW Adaptativo,p99,A127,25.062374471067873,14.8
IDW Adaptativo,p99,A128,22.727695163465114,20.696
IDW Adaptativo,p99,A133,23.356996026582998,24.608
IDW Adaptativo,p99,A134,23.448484079232276,19.372
IDW Adaptativo,p99,A135,22.597124807983967,24.23
IDW Adaptativo,p99,A136,22.712923649860155,19.978
IDW Adaptativo,p99,A137,20.19188633493569,24.984
IDW Adaptativo,p99,A138,22.376391522922855,24.07
IDW Adaptativo,p99,A140,23.066194982705706,21.692
IDW Adaptativo,p99,A144,23.50002071288514,23.265
IDW Adaptativo,p99,A201,24.170128123997696,20.068
IDW Adaptativo,p99,A202,23.887452703718594,21.156
IDW Adaptativo,p99,A203,23.957842142585076,18.246
IDW Adaptativo,p99,A204,23.83083110489826,24.163999999999998
IDW Adaptativo,p99,A205,26.30320154015136,21.72
IDW Adaptativo,p99,A206,24.653082258376216,24.476
IDW Adaptativo,p99,A207,24.587654603887806,22.715000000000003
IDW Adaptativo,p99,A208,29.922988283151433,18.472
IDW Adaptativo,p99,A209,25.898382339596786,18.346
IDW Adaptativo,p99,A210,25.54464143556158,21.555999999999997
IDW Adaptativo,p99,A211,23.592996481258997,23.708000000000002
IDW Adaptativo,p99,A212,24.17144414699913,24.538
IDW Adaptativo,p99,A213,23.845625427910388,19.583000000000002
IDW Adaptativo,p99,A214,25.540784406724747,22.108
IDW Adaptativo,p99,A215,24.87986984740048,18.610999999999997
IDW Adaptativo,p99,A216,27.60876608636792,35.519999999999996
IDW Adaptativo,p99,A217,22.946024902741602,24.047
IDW Adaptativo,p99,A218,22.358975338040146,19.27
IDW Adaptativo,p99,A219,23.123813500027115,19.252
IDW Adaptativo,p99,A220,24.00358257133928,22.552
IDW Adaptativo,p99,A221,25.579335357046098,23.656
IDW Adaptativo,p99,A222,24.68224391085047,24.147
IDW Adaptativo,p99,A223,23.997817442715313,22.432
IDW Adaptativo,p99,A224,25.196989609123342,24.598
IDW Adaptativo,p99,A225,25.008774437813877,24.9
IDW Adaptativo,p99,A226,22.666841450721048,24.983
IDW Adaptativo,p99,A227,22.68092662667304,22.999999999999996
IDW Adaptativo,p99,A228,23.78357166508236,30.88
IDW Adaptativo,p99,A229,24.646220201473717,23.085
IDW Adaptativo,p99,A230,27.391419596829778,24.447999999999997
IDW Adaptativo,p99,A231,23.583698183393132,22.600999999999996
IDW Adaptativo,p99,A232,23.47102552388663,24.255999999999997
IDW Adaptativo,p99,A233,28.316158112507974,24.685
IDW Adaptativo,p99,A234,29.162553056994412,23.669999999999998
IDW Adaptativo,p99,A235,26.493708073979356,24.07
IDW Adaptativo,p99,A236,23.513662613706348,20.231999999999996
IDW Adaptativo,p99,A237,24.743481607607436,24.136
IDW Adaptativo,p99,A238,25.75012337718609,22.717999999999996
IDW Adaptativo,p99,A239,24.252816897072066,23.875999999999998
IDW Adaptativo,p99,A240,26.391676064103358,23.22
IDW Adaptativo,p99,A241,28.302944560005592,24.549
IDW Adaptativo,p99,A242,24.414901510204547,18.955
IDW Adaptativo,p99,A243,25.098524562538746,24.47
IDW Adaptativo,p99,A244,25.139956905586395,24.676
IDW Adaptativo,p99,A245,25.90586825853275,17.794
IDW Adaptativo,p99,A246,22.969668631784646,22.25
IDW Adaptativo,p99,A247,26.623274561984253,47.86
IDW Adaptativo,p99,A248,23.583577021831314,21.646
IDW Adaptativo,p99,A249,25.29740310174529,24.32
IDW Adaptativo,p99,A250,23.12966732275124,23.823999999999998
IDW Adaptativo,p99,A251,23.577952670130554,38.804
IDW Adaptativo,p99,A252,24.075915227885428,41.016
IDW Adaptativo,p99,A253,23.378809468382734,38.21999999999999
IDW Adaptativo,p99,A254,28.976261085387954,23.614
IDW Adaptativo,p99,A255,23.77135427164421,38.776
IDW Adaptativo,p99,A256,26.55274301845267,42.688
IDW Adaptativo,p99,A301,20.891056734181294,22.296
IDW Adaptativo,p99,A302,23.203745918352535,24.297
IDW Adaptativo,p99,A303,21.602652461201043,24.857999999999997
IDW Adaptativo,p99,A304,22.516309019242108,23.116000000000003
IDW Adaptativo,p99,A305,22.837686633200438,21.90600000000001
IDW Adaptativo,p99,A306,22.084514952832617,23.863999999999997
IDW Adaptativo,p99,A307,24.406656856189983,25.858999999999998
IDW Adaptativo,p99,A308,22.355916542525858,23.496
IDW Adaptativo,p99,A309,22.310883204201254,24.679
IDW Adaptativo,p99,A310,19.986207448738234,18.552999999999997
IDW Adaptativo,p99,A311,25.26776167534262,22.72
IDW Adaptativo,p99,A312,25.23377133889828,22.743
IDW Adaptativo,p99,A313,21.46144079846981,19.971999999999998
IDW Adaptativo,p99,A314,22.61157857406238,19.161999999999995
IDW Adaptativo,p99,A315,24.083409432122036,23.0
IDW Adaptativo,p99,A316,24.16912399955273,24.746000000000002
IDW Adaptativo,p99,A317,39.252223982831545,24.563999999999997
IDW Adaptativo,p99,A318,24.130001480555546,22.148999999999997
IDW Adaptativo,p99,A319,23.241955764670195,24.248
IDW Adaptativo,p99,A320,20.783814475519563,23.116000000000003
IDW Adaptativo,p99,A321,23.15010510082709,24.146
IDW Adaptativo,p99,A322,21.946569688553005,19.338
IDW Adaptativo,p99,A323,22.891038414060755,23.257999999999996
IDW Adaptativo,p99,A324,23.03629799733271,23.2
IDW Adaptativo,p99,A325,18.68981660605255,23.592
IDW Adaptativo,p99,A326,23.46609341792137,24.846
IDW Adaptativo,p99,A327,21.598889309201322,20.902
IDW Adaptativo,p99,A328,21.413890095866467,18.098
IDW Adaptativo,p99,A329,24.258377914484885,23.564
IDW Adaptativo,p99,A330,23.63138807907934,35.724000000000004
IDW Adaptativo,p99,A331,23.790576048650937,26.732999999999993
IDW Adaptativo,p99,A332,23.345337537122912,24.556
IDW Adaptativo,p99,A333,21.367872854682503,22.438000000000002
IDW Adaptativo,p99,A334,23.88101113701947,22.228
IDW Adaptativo,p99,A335,24.069396764201702,23.264
IDW Adaptativo,p99,A336,23.43982141244828,23.868
IDW Adaptativo,p99,A337,23.72282555591971,24.157999999999998
IDW Adaptativo,p99,A338,23.944487111516985,24.492
IDW Adaptativo,p99,A339,23.796259428549227,22.876
IDW Adaptativo,p99,A340,23.966331136805252,23.410999999999998
IDW Adaptativo,p99,A341,21.369869322341522,20.483999999999998
IDW Adaptativo,p99,A342,22.574097278016335,24.647
IDW Adaptativo,p99,A343,25.906730465394677,23.376999999999995
IDW Adaptativo,p99,A344,23.44237664893063,22.839999999999996
IDW Adaptativo,p99,A345,24.247004083710532,20.866
IDW Adaptativo,p99,A346,25.5722495446188,18.221999999999994
IDW Adaptativo,p99,A347,24.196178046679915,23.646
IDW Adaptativo,p99,A348,19.72935086455524,23.798
IDW Adaptativo,p99,A349,23.167333717635803,23.980999999999998
IDW Adaptativo,p99,A350,23.683943157944427,23.708
IDW Adaptativo,p99,A351,23.482056534641302,23.212999999999997
IDW Adaptativo,p99,A352,22.044413460515845,19.604
IDW Adaptativo,p99,A353,22.609368657713002,20.212999999999997
IDW Adaptativo,p99,A354,25.879598314119185,22.983999999999998
IDW Adaptativo,p99,A355,22.542132207155866,20.964
IDW Adaptativo,p99,A356,21.494061800095714,16.588
IDW Adaptativo,p99,A357,20.914930990378483,23.17999999999999
IDW Adaptativo,p99,A358,23.39974245259241,23.956
IDW Adaptativo,p99,A359,22.041960098942923,24.279999999999998
IDW Adaptativo,p99,A360,22.411941830596703,19.0
IDW Adaptativo,p99,A361,24.92366673448106,20.831
IDW Adaptativo,p99,A362,26.972436370967372,24.540000000000003
IDW Adaptativo,p99,A363,25.804084552747135,24.268
IDW Adaptativo,p99,A364,24.414415404449326,23.756
IDW Adaptativo,p99,A365,25.559032813230107,22.4
IDW Adaptativo,p99,A366,24.48521488110596,22.375
IDW Adaptativo,p99,A367,23.374823895845335,18.509
IDW Adaptativo,p99,A368,22.38909841113458,20.398
IDW Adaptativo,p99,A369,22.93515255094364,18.49
IDW Adaptativo,p99,A370,23.02774268759744,26.86
IDW Adaptativo,p99,A371,22.891479054491253,28.459999999999997
IDW Adaptativo,p99,A372,24.374697671624627,40.36
IDW Adaptativo,p99,A373,23.808690884768446,21.155
IDW Adaptativo,p99,A374,22.554275638242974,27.462999999999997
IDW Adaptativo,p99,A375,23.169696829730576,29.642
IDW Adaptativo,p99,A376,24.839353981202812,22.228
IDW Adaptativo,p99,A377,23.183135807342964,46.99999999999999
IDW Adaptativo,p99,A401,21.529827157870084,46.574999999999996
IDW Adaptativo,p99,A402,23.91758172956098,23.634
IDW Adaptativo,p99,A403,24.817129051942047,24.91
IDW Adaptativo,p99,A404,23.950072016077538,24.284999999999997
IDW Adaptativo,p99,A405,25.963047224671566,21.282
IDW Adaptativo,p99,A406,24.917430021479223,18.434
IDW Adaptativo,p99,A407,24.072341521225372,19.76
IDW Adaptativo,p99,A408,23.33492500641964,23.646
IDW Adaptativo,p99,A409,22.69072901279065,40.96600000000001
IDW Adaptativo,p99,A410,23.158266687235276,28.743999999999996
IDW Adaptativo,p99,A411,23.60018447060334,21.288
IDW Adaptativo,p99,A412,23.017776741370554,24.38
IDW Adaptativo,p99,A413,24.589186418804964,24.208999999999996
IDW Adaptativo,p99,A414,23.389784323539423,22.98
IDW Adaptativo,p99,A415,23.94314068810346,21.7
IDW Adaptativo,p99,A416,22.83620135780216,24.748
IDW Adaptativo,p99,A417,25.06775273541404,23.996000000000002
IDW Adaptativo,p99,A418,23.060005470506628,20.546999999999997
IDW Adaptativo,p99,A419,25.082067073290307,21.896
IDW Adaptativo,p99,A420,23.97887921799348,24.479
IDW Adaptativo,p99,A421,23.146864769772503,18.252
IDW Adaptativo,p99,A422,25.73533789538219,24.663999999999998
IDW Adaptativo,p99,A423,19.552155818786304,24.598
IDW Adaptativo,p99,A424,23.514635240543868,22.061999999999998
IDW Adaptativo,p99,A425,21.792513695131,22.112
IDW Adaptativo,p99,A426,22.784748753678173,23.432
IDW Adaptativo,p99,A427,24.410767715094142,23.752
IDW Adaptativo,p99,A428,24.462122904100084,23.170999999999996
IDW Adaptativo,p99,A429,22.79800166429522,26.225999999999996
IDW Adaptativo,p99,A430,22.419096939147845,21.436
IDW Adaptativo,p99,A431,25.658319752225047,19.046999999999997
IDW Adaptativo,p99,A432,23.467362775453065,24.825
IDW Adaptativo,p99,A433,22.760493371070183,24.323999999999995
IDW Adaptativo,p99,A434,23.942285760536183,21.087999999999994
IDW Adaptativo,p99,A435,24.51592687653369,24.496000000000002
IDW Adaptativo,p99,A436,24.46995610608247,24.212999999999997
IDW Adaptativo,p99,A437,24.782362356695522,16.813
IDW Adaptativo,p99,A438,23.916225651583378,23.715999999999998
IDW Adaptativo,p99,A439,22.562704705993823,24.483
IDW Adaptativo,p99,A440,23.95060043537311,23.75
IDW Adaptativo,p99,A441,25.28259903279736,22.181
IDW Adaptativo,p99,A442,24.306343934583374,25.0
IDW Adaptativo,p99,A443,23.333919348903134,23.852
IDW Adaptativo,p99,A444,23.967827084560714,19.974999999999998
IDW Adaptativo,p99,A445,23.69778387762111,23.840000000000003
IDW Adaptativo,p99,A446,23.08726489135751,25.75
IDW Adaptativo,p99,A447,24.605511265584013,22.512
IDW Adaptativo,p99,A448,24.646712643757816,20.520000000000003
IDW Adaptativo,p99,A449,24.318228865063737,19.225
IDW Adaptativo,p99,A450,25.26240770994945,21.455
IDW Adaptativo,p99,A451,24.584159655226564,21.368000000000002
IDW Adaptativo,p99,A452,24.671457892436596,20.173
IDW Adaptativo,p99,A453,24.66452310903004,16.258
IDW Adaptativo,p99,A454,22.59566196744538,21.228
IDW Adaptativo,p99,A455,24.56177302035166,23.737000000000002
IDW Adaptativo,p99,A456,26.529274921103116,17.481
IDW Adaptativo,p99,A458,23.89130036476952,39.364999999999995
IDW Adaptativo,p99,A501,24.92336266004617,21.552
IDW Adaptativo,p99,A502,30.608217159695187,24.843
IDW Adaptativo,p99,A503,24.829138655790246,25.0
IDW Adaptativo,p99,A504,28.084345961764864,20.454
IDW Adaptativo,p99,A505,24.708547169772334,24.793
IDW Adaptativo,p99,A506,23.043126242861863,24.025
IDW Adaptativo,p99,A507,24.6962547564189,22.868000000000002
IDW Adaptativo,p99,A508,23.406798631225573,23.477999999999998
IDW Adaptativo,p99,A509,27.986058738069218,23.737000000000002
IDW Adaptativo,p99,A510,24.09926197254625,22.6
IDW Adaptativo,p99,A511,25.320302154125876,18.229
IDW Adaptativo,p99,A512,25.271545183109623,32.13299999999999
IDW Adaptativo,p99,A513,25.52433931533786,24.6
IDW Adaptativo,p99,A514,25.676045733214938,33.81799999999999
IDW Adaptativo,p99,A515,28.445068381076783,23.296
IDW Adaptativo,p99,A516,25.883764321128577,24.905
IDW Adaptativo,p99,A517,24.019984845111846,24.81
IDW Adaptativo,p99,A518,26.083347390227402,27.564
IDW Adaptativo,p99,A519,25.5059903335762,24.743
IDW Adaptativo,p99,A520,24.116376567261035,25.267
IDW Adaptativo,p99,A521,22.718993271012703,24.848
IDW Adaptativo,p99,A522,28.408561169339723,22.728
IDW Adaptativo,p99,A523,25.031615520484948,22.2
IDW Adaptativo,p99,A524,27.418725681188203,23.991
IDW Adaptativo,p99,A525,24.816013388142352,23.962
IDW Adaptativo,p99,A526,22.915803701886478,24.088
IDW Adaptativo,p99,A527,27.188027002835067,24.162
IDW Adaptativo,p99,A528,24.473925758870738,23.019999999999996
IDW Adaptativo,p99,A529,28.050631327906245,24.746000000000002
IDW Adaptativo,p99,A530,26.566577201800555,22.877
IDW Adaptativo,p99,A531,28.0547315961838,22.343
IDW Adaptativo,p99,A532,26.881511984969293,28.573999999999998
IDW Adaptativo,p99,A533,23.69146492867371,24.71
IDW Adaptativo,p99,A534,28.979840009616378,24.794999999999998
IDW Adaptativo,p99,A535,25.201070307573698,20.681
IDW Adaptativo,p99,A536,25.38777968997667,24.964
IDW Adaptativo,p99,A537,23.326715285595064,23.546000000000003
IDW Adaptativo,p99,A538,23.497637006540756,23.572
IDW Adaptativo,p99,A539,23.12815740686212,23.291999999999998
IDW Adaptativo,p99,A540,29.135147234506935,23.686000000000003
IDW Adaptativo,p99,A541,25.057073580979303,24.0
IDW Adaptativo,p99,A542,26.4898755287901,24.402
IDW Adaptativo,p99,A543,22.668562631029342,23.48
IDW Adaptativo,p99,A544,26.06795136004993,26.919999999999995
IDW Adaptativo,p99,A545,24.015401411608792,21.764
IDW Adaptativo,p99,A546,25.42141959197005,24.192
IDW Adaptativo,p99,A547,23.498892023376047,26.194
IDW Adaptativo,p99,A548,24.903475725055507,24.328
IDW Adaptativo,p99,A549,23.496507116594405,24.586000000000002
IDW Adaptativo,p99,A550,24.804673544441968,24.358
IDW Adaptativo,p99,A551,23.16882103855681,23.502
IDW Adaptativo,p99,A552,23.315721510593896,22.61
IDW Adaptativo,p99,A553,25.1560663933271,24.72
IDW Adaptativo,p99,A554,25.81478392029215,24.366000000000003
IDW Adaptativo,p99,A555,24.465917932181817,24.683
IDW Adaptativo,p99,A556,24.681691778692574,24.735
IDW Adaptativo,p99,A557,25.603179052913,24.566
IDW Adaptativo,p99,A559,23.628236035520956,19.1
IDW Adaptativo,p99,A560,25.25316376358927,21.622999999999998
IDW Adaptativo,p99,A561,25.76725322092041,24.32
IDW Adaptativo,p99,A562,23.20049576759394,26.036
IDW Adaptativo,p99,A563,23.331283115915443,21.564
IDW Adaptativo,p99,A564,25.919201278832276,24.832
IDW Adaptativo,p99,A565,24.47545553955515,34.374
IDW Adaptativo,p99,A566,25.221005537121883,22.46
IDW Adaptativo,p99,A567,24.617476934787803,45.04
IDW Adaptativo,p99,A568,24.464228986671724,24.652
IDW Adaptativo,p99,A569,24.036066746999797,23.782
IDW Adaptativo,p99,A570,26.237771399466865,37.372
IDW Adaptativo,p99,A571,25.48946509972581,27.128999999999998
IDW Adaptativo,p99,A572,26.812050382927502,19.9
IDW Adaptativo,p99,A601,25.98317562559979,29.05
IDW Adaptativo,p99,A602,26.121344037444594,31.28
IDW Adaptativo,p99,A603,25.422352912640115,27.217
IDW Adaptativo,p99,A604,24.817286652727937,20.285999999999998
IDW Adaptativo,p99,A605,20.177828542531774,21.228
IDW Adaptativo,p99,A606,23.164398110725344,33.178
IDW Adaptativo,p99,A607,24.41500401990885,35.44499999999999
IDW Adaptativo,p99,A608,24.767957213686657,32.9
IDW Adaptativo,p99,A609,27.963065913189872,41.57499999999999
IDW Adaptativo,p99,A610,25.016249999429203,42.315999999999995
IDW Adaptativo,p99,A611,26.601600931993886,27.614999999999995
IDW Adaptativo,p99,A612,27.190100553774872,23.429
IDW Adaptativo,p99,A613,27.447520925963477,21.81
IDW Adaptativo,p99,A614,27.77265169235298,36.908
IDW Adaptativo,p99,A615,25.793110360060986,29.48399999999999
IDW Adaptativo,p99,A616,28.544568240856538,21.662
IDW Adaptativo,p99,A617,25.341847470034438,24.867
IDW Adaptativo,p99,A618,24.477466936692746,20.7
IDW Adaptativo,p99,A619,29.024156962838706,23.667
IDW Adaptativo,p99,A620,26.31822547732785,22.942999999999998
IDW Adaptativo,p99,A621,24.696271335813037,32.078
IDW Adaptativo,p99,A622,25.448701253243858,26.825999999999997
IDW Adaptativo,p99,A623,28.968718290621958,24.84
IDW Adaptativo,p99,A624,23.23421612655586,24.49
IDW Adaptativo,p99,A625,25.274947735784433,21.047
IDW Adaptativo,p99,A626,29.137277854997027,24.048
IDW Adaptativo,p99,A627,22.208157090725898,19.144
IDW Adaptativo,p99,A628,26.242998207435495,29.736
IDW Adaptativo,p99,A629,24.68165915847802,23.044999999999998
IDW Adaptativo,p99,A630,25.740844562102787,18.503999999999998
IDW Adaptativo,p99,A631,25.96403913396181,47.192
IDW Adaptativo,p99,A632,27.29389773152353,44.11599999999999
IDW Adaptativo,p99,A633,27.487175128732787,18.032
IDW Adaptativo,p99,A634,27.697035617638047,20.1
IDW Adaptativo,p99,A635,27.99803718420322,30.76
IDW Adaptativo,p99,A636,24.965498191037966,29.224
IDW Adaptativo,p99,A637,32.24924146353046,19.225
IDW Adaptativo,p99,A651,21.83274086605033,19.6
IDW Adaptativo,p99,A652,20.59818636003516,33.74
IDW Adaptativo,p99,A653,28.230303345329727,20.9
IDW Adaptativo,p99,A654,25.15344170896337,26.887999999999998
IDW Adaptativo,p99,A655,25.132382878324613,16.4
IDW Adaptativo,p99,A656,23.800283555810868,14.9
IDW Adaptativo,p99,A657,21.21644392090929,37.78799999999999
IDW Adaptativo,p99,A659,25.435269560466505,23.6
IDW Adaptativo,p99,A667,23.462849604917924,26.6
IDW Adaptativo,p99,A701,27.283550362972534,27.895999999999997
IDW Adaptativo,p99,A702,28.6271948614809,27.799999999999994
IDW Adaptativo,p99,A703,26.16422930021081,22.537000000000003
IDW Adaptativo,p99,A704,27.487919235767404,25.056
IDW Adaptativo,p99,A705,25.96794567043383,24.483999999999998
IDW Adaptativo,p99,A706,28.471850770035303,18.881
IDW Adaptativo,p99,A707,29.493238366276742,23.978
IDW Adaptativo,p99,A708,24.578092633362424,22.863
IDW Adaptativo,p99,A709,28.485072808061183,33.86000000000001
IDW Adaptativo,p99,A710,26.078955842361463,29.896000000000004
IDW Adaptativo,p99,A711,24.5300376259289,24.3
IDW Adaptativo,p99,A712,28.233065999135384,24.567
IDW Adaptativo,p99,A713,27.71510424821127,25.323999999999998
IDW Adaptativo,p99,A714,27.42981314131668,24.642999999999997
IDW Adaptativo,p99,A715,28.022257031474577,24.642999999999997
IDW Adaptativo,p99,A716,27.944126550314433,34.26899999999999
IDW Adaptativo,p99,A717,26.515950568890638,24.4
IDW Adaptativo,p99,A718,29.22763971910967,24.648
IDW Adaptativo,p99,A719,27.031505152746966,22.4
IDW Adaptativo,p99,A720,25.06933320884619,24.167
IDW Adaptativo,p99,A721,27.026448565312066,28.606999999999996
IDW Adaptativo,p99,A722,26.674235541652365,24.162
IDW Adaptativo,p99,A723,26.550499684407082,23.948
IDW Adaptativo,p99,A724,24.910794459317202,37.564
IDW Adaptativo,p99,A725,27.012440976268913,24.752999999999997
IDW Adaptativo,p99,A726,26.08745904992991,26.256
IDW Adaptativo,p99,A727,28.059757131602133,24.729
IDW Adaptativo,p99,A728,25.744599960176256,24.681
IDW Adaptativo,p99,A729,25.781310609987134,23.483999999999998
IDW Adaptativo,p99,A730,25.04380972709983,24.391
IDW Adaptativo,p99,A731,29.09374180462362,23.63
IDW Adaptativo,p99,A732,25.970854699198085,25.0
IDW Adaptativo,p99,A733,26.690626125315703,24.856
IDW Adaptativo,p99,A734,28.10183006261573,28.240000000000002
IDW Adaptativo,p99,A735,26.19258660185449,24.564
IDW Adaptativo,p99,A736,24.760791307905833,24.81
IDW Adaptativo,p99,A737,24.886431997034336,24.674
IDW Adaptativo,p99,A738,26.38353151429024,24.394
IDW Adaptativo,p99,A739,27.22171338345284,24.188
IDW Adaptativo,p99,A740,24.782374572434556,27.323999999999995
IDW Adaptativo,p99,A741,24.997916318616358,24.556
IDW Adaptativo,p99,A742,25.59018087477041,24.783
IDW Adaptativo,p99,A743,27.72686601942138,30.656
IDW Adaptativo,p99,A744,25.42870353680196,41.964
IDW Adaptativo,p99,A745,27.72331686132464,24.125
IDW Adaptativo,p99,A746,28.510511954001664,20.25
IDW Adaptativo,p99,A747,24.33988521835469,26.063999999999997
IDW Adaptativo,p99,A748,24.49369080256787,22.715
IDW Adaptativo,p99,A749,28.099824762800598,23.24
IDW Adaptativo,p99,A750,27.06846491825106,24.386
IDW Adaptativo,p99,A751,27.682687444545625,24.983
IDW Adaptativo,p99,A752,30.690171825992124,24.884
IDW Adaptativo,p99,A753,24.109930454736297,24.898
IDW Adaptativo,p99,A754,26.12514161036415,39.13499999999998
IDW Adaptativo,p99,A755,27.98963913774944,29.057
IDW Adaptativo,p99,A756,28.520393317202533,24.740000000000002
IDW Adaptativo,p99,A757,25.096899855599773,24.16
IDW Adaptativo,p99,A758,26.05071141812707,23.886
IDW Adaptativo,p99,A759,29.478982363019274,25.82
IDW Adaptativo,p99,A760,24.684220117037427,24.948
IDW Adaptativo,p99,A761,25.7829438774629,24.663999999999998
IDW Adaptativo,p99,A762,26.43368284315638,40.346
IDW Adaptativo,p99,A763,26.27759823889997,33.016
IDW Adaptativo,p99,A764,24.280014638619434,24.969
IDW Adaptativo,p99,A765,26.832602997670406,27.192
IDW Adaptativo,p99,A766,25.680963316967816,37.12
IDW Adaptativo,p99,A767,26.452376754417667,28.323999999999998
IDW Adaptativo,p99,A768,28.245153381565643,26.292
IDW Adaptativo,p99,A769,25.970925913115096,27.794999999999998
IDW Adaptativo,p99,A770,24.48617279819896,22.68
IDW Adaptativo,p99,A771,27.856289022396645,29.325999999999997
IDW Adaptativo,p99,A801,18.397514243078657,32.35
IDW Adaptativo,p99,A802,22.663458099724302,31.435999999999996
IDW Adaptativo,p99,A803,27.486978081935938,26.228
IDW Adaptativo,p99,A804,26.815489876144923,32.036
IDW Adaptativo,p99,A805,34.14437306260372,38.56799999999999
IDW Adaptativo,p99,A806,32.63719532728598,33.114000000000004
IDW Adaptativo,p99,A807,28.888507660865564,26.384999999999998
IDW Adaptativo,p99,A808,28.640988936537433,30.246000000000002
IDW Adaptativo,p99,A809,31.42743078087417,28.133999999999997
IDW Adaptativo,p99,A810,33.49951640265155,36.03
IDW Adaptativo,p99,A811,21.257385827776414,36.2
IDW Adaptativo,p99,A814,32.54441026202761,31.484999999999985
IDW Adaptativo,p99,A815,32.156576865248134,29.725999999999996
IDW Adaptativo,p99,A816,33.1989038107807,37.445
IDW Adaptativo,p99,A817,31.328922218047552,34.815
IDW Adaptativo,p99,A818,29.534510038368254,24.747999999999998
IDW Adaptativo,p99,A819,28.623317272375008,25.456000000000003
IDW Adaptativo,p99,A820,30.91150942437173,34.334
IDW Adaptativo,p99,A821,31.468068407768676,28.315999999999995
IDW Adaptativo,p99,A822,31.739100766865132,29.032
IDW Adaptativo,p99,A823,28.101830034659002,33.306999999999995
IDW Adaptativo,p99,A824,25.637142473052506,31.82
IDW Adaptativo,p99,A825,32.92508079578148,32.650000000000006
IDW Adaptativo,p99,A826,31.638548073666264,26.142999999999997
IDW Adaptativo,p99,A827,20.48934311396946,38.182
IDW Adaptativo,p99,A828,33.28060543938583,33.812999999999995
IDW Adaptativo,p99,A829,28.18930420303171,41.701999999999984
IDW Adaptativo,p99,A830,32.22076367927994,31.838
IDW Adaptativo,p99,A831,27.899938131945603,33.312000000000005
IDW Adaptativo,p99,A832,25.77754427950702,30.32
IDW Adaptativo,p99,A833,30.345365857743047,41.480000000000004
IDW Adaptativo,p99,A834,21.961839348245906,36.192
IDW Adaptativo,p99,A835,30.50424029432662,29.630999999999993
IDW Adaptativo,p99,A836,24.007785615828045,34.214000000000006
IDW Adaptativo,p99,A837,27.87085807209765,39.212999999999994
IDW Adaptativo,p99,A839,33.417287421432995,32.734
IDW Adaptativo,p99,A840,21.8155834119294,29.276999999999997
IDW Adaptativo,p99,A841,33.491332702765455,30.291999999999998
IDW Adaptativo,p99,A842,30.200206177567456,29.288
IDW Adaptativo,p99,A843,32.80555358789233,39.76
IDW Adaptativo,p99,A844,29.97501261705606,41.366
IDW Adaptativo,p99,A845,32.977268248383666,41.332
IDW Adaptativo,p99,A846,34.513003528392446,31.874999999999993
IDW Adaptativo,p99,A847,28.42035225357462,34.63300000000001
IDW Adaptativo,p99,A848,35.097176851252385,32.504
IDW Adaptativo,p99,A849,29.830848091200302,32.95799999999999
IDW Adaptativo,p99,A850,29.330097600459794,34.651999999999994
IDW Adaptativo,p99,A851,30.423589581755525,27.782
IDW Adaptativo,p99,A852,33.63124846638134,28.138
IDW Adaptativo,p99,A853,31.421627601667023,42.098
IDW Adaptativo,p99,A854,34.514324063770324,30.356
IDW Adaptativo,p99,A855,33.703767300039345,34.804
IDW Adaptativo,p99,A856,33.51919712304525,37.38899999999998
IDW Adaptativo,p99,A857,33.69301101705493,35.071999999999996
IDW Adaptativo,p99,A858,31.760607157999036,32.57899999999999
IDW Adaptativo,p99,A859,32.1913241633442,31.116
IDW Adaptativo,p99,A860,30.327589181420283,42.21199999999999
IDW Adaptativo,p99,A861,31.82850538533104,30.596
IDW Adaptativo,p99,A862,31.198047973491114,29.821999999999992
IDW Adaptativo,p99,A863,32.767629828400835,30.845
IDW Adaptativo,p99,A864,30.483858335297597,33.168
IDW Adaptativo,p99,A865,33.40029963002867,24.701
IDW Adaptativo,p99,A866,31.230846765332565,43.588
IDW Adaptativo,p99,A867,31.74487877208724,29.346999999999998
IDW Adaptativo,p99,A868,31.890488443256565,32.654999999999994
IDW Adaptativo,p99,A869,31.496145037640527,27.255999999999997
IDW Adaptativo,p99,A870,33.71589701821262,24.008
IDW Adaptativo,p99,A871,28.37261389481417,31.349999999999994
IDW Adaptativo,p99,A872,28.035490275521916,27.866
IDW Adaptativo,p99,A873,28.52036423038095,33.89099999999999
IDW Adaptativo,p99,A874,30.024651007233388,30.991999999999997
IDW Adaptativo,p99,A875,32.773341157964985,23.546999999999997
IDW Adaptativo,p99,A876,33.50267702396533,32.839999999999996
IDW Adaptativo,p99,A878,21.474585111989008,40.62
IDW Adaptativo,p99,A879,20.304746685375452,47.26999999999998
IDW Adaptativo,p99,A880,25.920780316844116,44.732
IDW Adaptativo,p99,A881,25.102200982463092,34.105
IDW Adaptativo,p99,A882,20.34873231202691,33.873999999999995
IDW Adaptativo,p99,A883,38.62251916786765,24.496
IDW Adaptativo,p99,A884,19.75916304878364,24.939999999999998
IDW Adaptativo,p99,A886,31.90124670266565,34.987
IDW Adaptativo,p99,A889,30.314170454060935,25.091
IDW Adaptativo,p99,A893,18.229428631214304,32.144000000000005
IDW Adaptativo,p99,A894,28.019281802892095,24.5
IDW Adaptativo,p99,A895,32.865728178726535,29.956
IDW Adaptativo,p99,A897,28.452261736914394,29.765
IDW Adaptativo,p99,A898,32.731836985093814,33.948
IDW Adaptativo,p99,A901,24.87794367427971,24.293
IDW Adaptativo,p99,A902,23.914090577514525,24.978
IDW Adaptativo,p99,A903,24.345479095893513,21.94
IDW Adaptativo,p99,A904,23.42080793889534,22.657999999999998
IDW Adaptativo,p99,A905,24.33204362332212,24.474
IDW Adaptativo,p99,A906,23.938529684461667,24.76
IDW Adaptativo,p99,A907,25.857938429345182,24.778000000000002
IDW Adaptativo,p99,A908,25.376008568050604,24.781
IDW Adaptativo,p99,A909,25.607529347491685,23.706
IDW Adaptativo,p99,A910,24.24232402432993,22.163999999999998
IDW Adaptativo,p99,A911,23.087720317369513,39.344
IDW Adaptativo,p99,A912,36.10228964776223,24.381
IDW Adaptativo,p99,A913,24.824802850334233,23.11
IDW Adaptativo,p99,A914,24.42179907001339,22.068
IDW Adaptativo,p99,A915,25.401193987981276,24.42
IDW Adaptativo,p99,A916,25.207084334762488,24.283
IDW Adaptativo,p99,A917,23.13231414108132,23.858
IDW Adaptativo,p99,A918,26.883060948854183,23.728
IDW Adaptativo,p99,A919,24.243034115213536,24.615
IDW Adaptativo,p99,A920,24.346654586582666,24.448
IDW Adaptativo,p99,A921,25.536217195960145,24.612
IDW Adaptativo,p99,A922,24.30005229342211,23.610999999999997
IDW Adaptativo,p99,A923,24.11117246575535,45.41499999999999
IDW Adaptativo,p99,A924,23.995427204173915,22.81
IDW Adaptativo,p99,A925,23.382910502929164,24.983
IDW Adaptativo,p99,A926,23.563494355345714,23.996
IDW Adaptativo,p99,A927,24.76967081949913,22.684
IDW Adaptativo,p99,A928,24.194590530171947,23.761999999999997
IDW Adaptativo,p99,A929,24.93719802405472,24.784
IDW Adaptativo,p99,A930,26.538794051863814,22.2
IDW Adaptativo,p99,A931,25.952940558271628,24.532
IDW Adaptativo,p99,A932,26.180278866533364,22.983
IDW Adaptativo,p99,A933,25.737768144089706,24.38
IDW Adaptativo,p99,A934,24.418942474304217,24.966
IDW Adaptativo,p99,A935,25.269792666953503,22.564999999999998
IDW Adaptativo,p99,A936,24.211717034450764,22.698
IDW Adaptativo,p99,A937,24.201854562158466,23.983999999999998
IDW Adaptativo,p99,A938,24.864080336456496,22.68
IDW Adaptativo,p99,A939,24.737512853971605,24.314999999999998
IDW Adaptativo,p99,A940,24.50400441283356,24.986
IDW Adaptativo,p99,A941,25.090722925252287,22.219
IDW Adaptativo,p99,A942,25.857575418883606,33.524
IDW Adaptativo,p99,A943,25.23923370528044,27.43
IDW Adaptativo,p99,A944,24.988251417275357,19.886
IDW Adaptativo,p99,B803,32.245945024686506,34.516
IDW Adaptativo,p99,B804,33.30402551720066,35.116
IDW Adaptativo,p99,B806,28.90844074306362,23.573999999999998
IDW Adaptativo,p99,B807,14.818257678582736,29.843999999999998
IDW Adaptativo,p99,B808,20.717626262123193,12.8
IDW Adaptativo,p99,B809,20.540171498661746,16.0
IDW Adaptativo,p99,B810,18.945321951434845,15.0
IDW Adaptativo,p99,B811,20.12878782419385,15.7
IDW Adaptativo,p99,B812,19.90533675051217,13.1
IDW Adaptativo,p99,B813,19.78736484890039,10.4
IDW Adaptativo,p99,B814,20.6985953437444,10.6
IDW Adaptativo,p99,B816,21.950813503749725,9.3
IDW Adaptativo,p99,B817,27.20973177930377,11.7
IDW Adaptativo,p99,B818,22.86692454639324,12.2
IDW Adaptativo,p99,B819,22.209662225524276,16.4
IDW Adaptativo,p99,B820,24.246590410286522,14.9
IDW Adaptativo,p99,B821,22.574558956011288,8.6
IDW Adaptativo,p99,B822,23.42119247819716,12.6
IDW Adaptativo,p99,B823,24.728409907457397,11.1
IDW Adaptativo,p99,B825,27.716851385802567,13.5
IDW Adaptativo,p99,B827,27.67783190950888,11.5
IDW Adaptativo,p99,B828,25.41275946627445,14.9
IDW Adaptativo,p99,B829,25.777752806085527,18.7
IDW Adaptativo,p99,F501,21.535053704360024,28.978
